transaction_id,retry_count,failed_attempt_count,time_to_webhook,amount_paise,gateway,payment_method
TX_42_0_1861,0,0,4.39768,170593,G1,UPI
TX_42_1001_6284,0,0,4.641345,202993,G3,UPI
TX_42_1002_1415,0,0,5.712529,420789,G3,UPI
TX_42_1003_8299,0,0,4.845667,326589,G4,UPI
TX_42_1004_6014,0,0,10.849553,171975,G1,WALLET
TX_42_1005_5125,0,0,6.36001,400462,G1,WALLET
TX_42_1006_6103,0,0,5.417166,167402,G2,UPI
TX_42_1007_1078,0,0,7.954093,430187,G1,WALLET
TX_42_1009_3700,0,0,7.45299,148583,G1,WALLET
TX_42_100_9534,0,0,5.571451,215118,G3,UPI
TX_42_1010_2805,0,0,7.193936,269442,G3,NETBANKING
TX_42_1011_6515,0,0,8.075839,305647,G1,WALLET
TX_42_1014_6456,0,0,7.941046,390963,G2,UPI
TX_42_1015_1110,1,1,149.832636,524266,G1,NETBANKING
TX_42_1016_1284,1,1,299.210909,181515,G1,UPI
TX_42_1017_9633,0,0,8.488119,206938,G4,UPI
TX_42_1018_4405,0,0,5.757428,112906,G2,CARD
TX_42_1019_3200,0,0,4.984467,150264,G2,UPI
TX_42_101_9627,0,0,7.545994,393282,G3,CARD
TX_42_1020_1368,0,0,7.872489,59896,G1,UPI
TX_42_1021_2050,0,0,7.352608,340026,G1,UPI
TX_42_1024_7508,0,0,7.685348,182747,G2,UPI
TX_42_1027_1372,0,0,8.19113,155210,G1,NETBANKING
TX_42_102_5887,0,0,9.014357,39996,G1,UPI
TX_42_1030_6922,1,1,140.00955,115247,G2,UPI
TX_42_1031_5986,0,0,8.31712,381145,G3,CARD
TX_42_1032_5274,0,0,7.251335,605012,G3,NETBANKING
TX_42_1033_5001,0,0,6.158517,445709,G3,UPI
TX_42_1036_2378,0,0,6.283402,222522,G3,CARD
TX_42_1037_7306,0,0,3.417581,240175,G1,UPI
TX_42_1039_5568,0,0,9.372409,92249,G1,UPI
TX_42_1040_8423,0,0,9.9513,383506,G3,CARD
TX_42_1041_4447,0,0,7.411731,358535,G1,NETBANKING
TX_42_1042_5864,1,1,256.076264,412170,G2,UPI
TX_42_1043_8479,0,0,7.087352,99409,G2,CARD
TX_42_1045_8929,0,0,8.225701,423285,G2,CARD
TX_42_1046_7407,1,1,44.213549,140551,G2,UPI
TX_42_1047_2634,0,0,5.321295,206420,G1,UPI
TX_42_1049_9316,0,0,5.537848,163538,G2,UPI
TX_42_104_7782,0,0,7.641212,94763,G2,UPI
TX_42_1050_3014,0,0,7.161584,74951,G1,UPI
TX_42_1053_4632,0,0,5.484587,272657,G2,UPI
TX_42_1054_7710,0,0,5.531451,63724,G3,UPI
TX_42_1055_7935,0,0,6.128116,246918,G2,UPI
TX_42_1056_5941,0,0,6.155935,71892,G2,NETBANKING
TX_42_1057_6378,0,0,6.13364,164021,G2,CARD
TX_42_1058_3714,0,0,10.299165,163911,G1,NETBANKING
TX_42_1059_5804,0,0,4.5343219999999995,56849,G2,CARD
TX_42_105_3682,1,1,125.266774,326100,G3,UPI
TX_42_1060_6096,0,0,3.666295,87551,G1,NETBANKING
TX_42_1061_7438,0,0,4.05064,390167,G2,WALLET
TX_42_1062_4157,0,0,7.746154,181216,G1,UPI
TX_42_1063_8847,0,0,5.282642,116604,G2,NETBANKING
TX_42_1064_5709,0,0,5.6864419999999996,163959,G4,NETBANKING
TX_42_1065_8396,0,0,7.122494,146453,G4,CARD
TX_42_1066_4620,0,0,7.220871,417894,G1,NETBANKING
TX_42_1067_3910,0,0,8.475236,449347,G3,CARD
TX_42_1068_2360,0,0,7.557371,91293,G2,UPI
TX_42_1069_6089,0,0,7.781929,133740,G1,UPI
TX_42_1070_2874,0,0,6.33573,279948,G1,UPI
TX_42_1071_7208,0,0,7.237512,315841,G3,UPI
TX_42_1073_8428,0,0,9.180886,61767,G1,UPI
TX_42_1074_3524,0,0,8.271082,338502,G3,CARD
TX_42_1077_6877,0,0,6.894818,412628,G1,UPI
TX_42_1078_9142,0,0,9.068876,248941,G1,UPI
TX_42_107_5196,0,0,5.880774,140310,G3,UPI
TX_42_1080_2455,0,0,4.312687,288909,G4,UPI
TX_42_1081_2057,0,0,5.155573,517400,G3,WALLET
TX_42_1082_2558,0,0,5.381461,61974,G2,UPI
TX_42_1083_8819,0,0,6.393734,298083,G3,UPI
TX_42_1084_5440,0,0,6.335514,276551,G2,UPI
TX_42_1085_6309,0,0,6.310079,138831,G2,WALLET
TX_42_1086_1829,0,0,5.987063,185545,G1,NETBANKING
TX_42_1087_5365,0,0,5.357938,309728,G2,CARD
TX_42_108_3793,1,1,148.053828,268842,G4,NETBANKING
TX_42_1090_6566,0,0,8.369008000000001,252072,G1,NETBANKING
TX_42_1091_3048,0,0,6.41988,371183,G2,UPI
TX_42_1093_1563,0,0,7.66309,166598,G1,UPI
TX_42_1094_5555,0,0,6.485752,379939,G3,UPI
TX_42_1096_3421,0,0,4.031499,357565,G3,CARD
TX_42_1097_7691,0,0,6.708091,53495,G1,UPI
TX_42_1099_3372,0,0,9.178605,304696,G2,UPI
TX_42_109_5567,0,0,8.742287,362107,G1,WALLET
TX_42_1101_6101,0,0,7.688313,359317,G2,WALLET
TX_42_1102_2946,1,1,35.529902,457076,G2,UPI
TX_42_1103_8179,0,0,4.5803139999999996,186518,G2,CARD
TX_42_1104_9444,0,0,8.407859,142978,G1,CARD
TX_42_1105_1269,0,0,9.556589,157130,G1,UPI
TX_42_1106_4844,0,0,7.754193,212517,G4,WALLET
TX_42_1108_3904,0,0,9.459027,399717,G4,WALLET
TX_42_1109_9283,1,1,46.513044,310619,G1,UPI
TX_42_110_4491,0,0,3.357006,197836,G4,UPI
TX_42_1110_9228,0,0,9.470757,124747,G1,CARD
TX_42_1111_4183,0,0,4.654202,183233,G1,CARD
TX_42_1112_7238,0,0,8.926038,82002,G1,NETBANKING
TX_42_1113_3988,1,1,157.552979,257088,G1,UPI
TX_42_1114_8221,0,0,7.312839,175637,G2,NETBANKING
TX_42_1115_2612,0,0,7.070511,336876,G1,WALLET
TX_42_1116_2223,0,0,7.111147,111701,G2,UPI
TX_42_1118_2523,0,0,6.154136,131902,G1,UPI
TX_42_1119_3358,0,0,7.777407,254321,G1,CARD
TX_42_111_4057,0,0,7.481143,177776,G2,CARD
TX_42_1120_6519,1,1,28.96368,333672,G1,UPI
TX_42_1121_3147,0,0,10.624221,357015,G2,CARD
TX_42_1122_7910,0,0,6.313681,360881,G2,UPI
TX_42_1123_7242,0,0,5.852316,189883,G4,UPI
TX_42_1124_2106,0,0,7.263263,372397,G1,UPI
TX_42_1125_6491,0,0,5.245961,439600,G4,UPI
TX_42_1126_7234,0,0,5.462635,354632,G3,NETBANKING
TX_42_1127_2055,0,0,7.997771,373600,G3,CARD
TX_42_1128_5831,1,1,194.644963,353211,G3,NETBANKING
TX_42_1129_3871,1,1,176.634701,364802,G2,WALLET
TX_42_112_5150,0,0,8.155502,112989,G3,UPI
TX_42_1130_1971,0,0,8.786663,226613,G1,CARD
TX_42_1131_2883,0,0,3.557497,158243,G2,CARD
TX_42_1132_1676,0,0,6.872852,340201,G3,UPI
TX_42_1133_5391,0,0,8.026064,129172,G4,UPI
TX_42_1134_1101,0,0,6.353535,492871,G3,UPI
TX_42_1138_3204,0,0,3.488169,428242,G2,CARD
TX_42_1139_2997,0,0,9.030504,201162,G2,UPI
TX_42_1140_8139,1,1,125.641407,341685,G1,CARD
TX_42_1141_5676,0,0,8.866093,187712,G1,UPI
TX_42_1142_6665,1,1,259.934265,452793,G1,UPI
TX_42_1143_5216,0,0,7.102344,290319,G1,UPI
TX_42_1144_2832,0,0,8.024403,252646,G1,WALLET
TX_42_1145_3242,1,1,145.076423,371117,G3,CARD
TX_42_1146_9601,0,0,10.025404,269057,G2,UPI
TX_42_1147_1205,0,0,6.966595,534388,G1,UPI
TX_42_1148_4528,0,0,7.623303,123447,G2,UPI
TX_42_1149_4547,0,0,6.639816,56361,G2,CARD
TX_42_114_4443,0,0,6.165247,396476,G1,UPI
TX_42_1152_2823,0,0,9.520309,206512,G1,WALLET
TX_42_1155_7665,0,0,4.987119,487517,G1,CARD
TX_42_1156_7995,0,0,8.442247,311926,G4,UPI
TX_42_1158_2261,0,0,7.237863,108705,G1,CARD
TX_42_1159_6362,0,0,7.33754,56595,G3,UPI
TX_42_115_5052,0,0,8.755727,146549,G3,UPI
TX_42_1160_4948,0,0,8.529918,242526,G2,UPI
TX_42_1161_6099,0,0,8.15778,94072,G4,NETBANKING
TX_42_1162_3796,0,0,4.490897,381143,G1,CARD
TX_42_1163_8529,1,1,315.227584,111503,G1,UPI
TX_42_1164_1878,0,0,8.184088,483807,G4,CARD
TX_42_1165_2271,0,0,5.897808,129878,G3,UPI
TX_42_1166_7200,1,1,201.414918,164444,G1,WALLET
TX_42_1167_3139,0,0,6.884835,473480,G1,WALLET
TX_42_1168_4774,0,0,7.109355,144348,G3,CARD
TX_42_1169_6530,0,0,5.885287,357803,G1,UPI
TX_42_1171_1072,0,0,8.202707,55751,G2,CARD
TX_42_1173_3375,0,0,6.665228,332091,G3,CARD
TX_42_1174_5375,0,0,8.838011999999999,147891,G1,CARD
TX_42_1175_1868,0,0,3.46054,66666,G1,CARD
TX_42_1176_7455,0,0,5.574391,484824,G2,CARD
TX_42_1177_5509,1,1,313.103205,271294,G1,CARD
TX_42_1179_8508,0,0,7.023719,364636,G2,UPI
TX_42_117_2992,0,0,9.290384,425860,G1,UPI
TX_42_1180_6670,0,0,6.24984,195118,G1,UPI
TX_42_1181_1711,1,1,61.341133,160616,G2,WALLET
TX_42_1182_8597,0,0,8.686138,133302,G4,UPI
TX_42_1183_2922,0,0,6.11083,175065,G1,CARD
TX_42_1184_8261,1,1,153.815518,409365,G2,UPI
TX_42_1185_6155,0,0,6.925764,123508,G3,UPI
TX_42_1186_4903,0,0,7.443602,341275,G1,WALLET
TX_42_1187_5209,0,0,9.090307,261214,G1,UPI
TX_42_1188_9797,0,0,5.004966,278097,G3,WALLET
TX_42_118_6819,0,0,5.991816,318213,G3,UPI
TX_42_1191_3491,0,0,7.135719,263754,G3,CARD
TX_42_1192_8710,0,0,6.713827,324565,G2,UPI
TX_42_1193_4750,0,0,5.323216,68950,G3,NETBANKING
TX_42_1194_3572,0,0,5.321755,582260,G1,UPI
TX_42_1195_7485,0,0,8.835096,98154,G2,WALLET
TX_42_1196_6238,0,0,6.209478,95024,G1,WALLET
TX_42_1197_7608,0,0,5.071544,378305,G3,CARD
TX_42_1198_4865,0,0,9.507251,159508,G2,CARD
TX_42_1199_3927,0,0,5.72021,197629,G4,UPI
TX_42_119_1988,0,0,6.354189,453187,G2,WALLET
TX_42_11_2517,0,0,9.6217,473087,G1,UPI
TX_42_1200_7499,0,0,8.624602,100857,G2,UPI
TX_42_1201_2280,0,0,5.285805,404740,G3,UPI
TX_42_1202_3983,0,0,6.131801,235457,G3,NETBANKING
TX_42_1203_4918,0,0,6.071952,109375,G1,NETBANKING
TX_42_1204_9294,0,0,7.831825,218439,G3,CARD
TX_42_1205_3999,0,0,8.705359,71667,G1,UPI
TX_42_1206_9301,0,0,4.390395,215013,G1,UPI
TX_42_1208_5204,0,0,5.720594,116495,G1,UPI
TX_42_1209_3700,0,0,8.485168,346540,G2,UPI
TX_42_120_7310,1,1,22.497626,265301,G2,CARD
TX_42_1210_8465,0,0,6.885375,338001,G1,UPI
TX_42_1211_1537,0,0,6.78311,366322,G1,UPI
TX_42_1212_9886,1,1,44.05525,123291,G3,NETBANKING
TX_42_1213_2783,0,0,10.434518,539400,G4,CARD
TX_42_1215_6328,0,0,7.479632,159563,G2,NETBANKING
TX_42_1216_6832,0,0,8.908409,437761,G1,NETBANKING
TX_42_1218_7054,0,0,6.004395,155146,G2,CARD
TX_42_1219_7974,0,0,6.147952,226890,G3,CARD
TX_42_121_3064,1,1,111.127228,415054,G2,CARD
TX_42_1220_8461,0,0,8.192632,531477,G1,UPI
TX_42_1221_5936,0,0,4.6146460000000005,271325,G3,WALLET
TX_42_1222_5989,0,0,7.039089,226530,G2,UPI
TX_42_1224_5143,0,0,6.957799,122527,G1,UPI
TX_42_1226_5680,0,0,6.300339,223230,G2,NETBANKING
TX_42_1227_7291,1,1,227.552,382046,G2,CARD
TX_42_1228_8349,0,0,9.38608,395320,G1,WALLET
TX_42_1229_7402,0,0,6.796984,532116,G2,CARD
TX_42_122_1508,0,0,4.873996,245369,G2,UPI
TX_42_1230_5678,0,0,9.226535,188464,G2,WALLET
TX_42_1231_8083,0,0,6.040653,346098,G4,UPI
TX_42_1232_5313,0,0,5.712425,276418,G1,CARD
TX_42_1233_9544,0,0,9.449695,241633,G3,UPI
TX_42_1234_8933,0,0,6.533029,353723,G3,CARD
TX_42_1235_6122,0,0,7.13225,276672,G2,UPI
TX_42_1237_5989,1,1,286.018872,242076,G1,CARD
TX_42_1238_2067,0,0,7.412399,123179,G1,UPI
TX_42_123_8160,0,0,6.883618,109603,G1,UPI
TX_42_1240_3646,0,0,11.059822,331935,G2,CARD
TX_42_1241_6810,0,0,8.596753,309329,G1,UPI
TX_42_1242_2986,0,0,7.415299,310024,G2,UPI
TX_42_1246_7047,0,0,5.951932,166363,G1,CARD
TX_42_1247_1260,0,0,9.471481,118512,G1,NETBANKING
TX_42_1248_8889,0,0,9.322904,189502,G1,UPI
TX_42_1249_1570,0,0,6.869178,312334,G4,UPI
TX_42_1250_9774,0,0,9.516271,157644,G3,UPI
TX_42_1251_6300,0,0,7.923609,131223,G1,WALLET
TX_42_1252_6951,0,0,8.606889,72917,G3,UPI
TX_42_1253_2672,0,0,8.925266,102413,G3,CARD
TX_42_1255_6402,0,0,4.825309,89127,G3,CARD
TX_42_1256_4877,0,0,8.82068,189020,G1,CARD
TX_42_1257_7657,0,0,6.533685,207691,G4,CARD
TX_42_1258_5379,0,0,7.466422,176571,G2,WALLET
TX_42_1259_7452,0,0,7.883465,82290,G2,CARD
TX_42_1260_2399,0,0,6.490502,139518,G1,UPI
TX_42_1263_1607,1,1,87.763532,254414,G1,UPI
TX_42_1264_4887,0,0,7.881719,81151,G2,CARD
TX_42_1265_6786,0,0,5.597926,262571,G3,UPI
TX_42_1266_4726,0,0,7.54904,112483,G1,UPI
TX_42_1267_4371,1,1,29.580052,259672,G2,NETBANKING
TX_42_1268_5745,0,0,6.7406310000000005,383654,G1,WALLET
TX_42_1269_6630,0,0,6.238475,241903,G1,UPI
TX_42_126_5934,0,0,7.298978,435368,G1,UPI
TX_42_1270_1302,0,0,7.429644,198413,G2,UPI
TX_42_1271_6104,0,0,8.758751,130349,G1,CARD
TX_42_1272_7765,1,1,86.509421,232004,G1,WALLET
TX_42_1274_2979,0,0,9.9203,398205,G1,WALLET
TX_42_1275_2996,0,0,7.423286,159500,G1,CARD
TX_42_1276_1859,1,1,132.880741,298924,G1,UPI
TX_42_1277_5865,1,1,288.404667,362460,G1,UPI
TX_42_1278_6489,0,0,4.597424,173754,G4,UPI
TX_42_1279_1933,0,0,7.347174,361654,G1,NETBANKING
TX_42_127_4932,1,1,116.61227,120858,G3,UPI
TX_42_1280_8923,0,0,7.594151,367161,G2,UPI
TX_42_1281_1459,0,0,4.572056,337758,G3,CARD
TX_42_1284_3712,0,0,6.354462,144093,G2,UPI
TX_42_1287_1104,0,0,6.507006,157317,G2,NETBANKING
TX_42_1288_5294,0,0,8.871368,44764,G2,UPI
TX_42_1289_3493,0,0,8.555032,501762,G2,WALLET
TX_42_128_2932,1,1,65.632046,168309,G3,NETBANKING
TX_42_1290_6289,1,1,228.657008,151988,G4,UPI
TX_42_1292_2530,0,0,10.525876,208094,G1,UPI
TX_42_1293_4383,0,0,8.528795,294547,G1,WALLET
TX_42_1297_7909,0,0,6.276365,205960,G2,CARD
TX_42_1298_9674,0,0,9.590366,437856,G2,CARD
TX_42_129_2928,0,0,6.962663,148499,G3,UPI
TX_42_12_1183,0,0,10.223669,201036,G1,UPI
TX_42_1300_5991,1,1,138.507953,132233,G3,UPI
TX_42_1301_9129,0,0,8.752454,416124,G2,UPI
TX_42_1303_6717,0,0,5.90359,137999,G1,UPI
TX_42_1304_5452,0,0,7.071738,349280,G3,UPI
TX_42_1305_5066,0,0,4.484986,68428,G4,UPI
TX_42_1306_7083,0,0,8.048773,165982,G1,NETBANKING
TX_42_1307_2366,0,0,9.374582,60927,G3,UPI
TX_42_1308_2460,0,0,6.89454,462325,G2,CARD
TX_42_130_5161,1,1,52.035341,288700,G2,UPI
TX_42_1310_8100,0,0,8.608053,147154,G3,CARD
TX_42_1311_9690,0,0,5.72679,455763,G1,UPI
TX_42_1312_5540,1,1,304.331348,593252,G2,UPI
TX_42_1313_2652,0,0,5.419711,406368,G1,UPI
TX_42_1314_5177,0,0,8.038573,118088,G1,CARD
TX_42_1315_2729,0,0,7.632512,136237,G3,NETBANKING
TX_42_1316_4380,0,0,7.558194,363287,G3,CARD
TX_42_1317_2934,0,0,4.937879,301675,G2,CARD
TX_42_1318_7610,0,0,6.67675,532863,G1,UPI
TX_42_1319_7138,0,0,6.934753,264483,G1,NETBANKING
TX_42_131_1501,0,0,8.149618,560859,G1,WALLET
TX_42_1321_3510,0,0,7.602929,244629,G1,NETBANKING
TX_42_1322_3547,0,0,7.614062,152032,G1,CARD
TX_42_1323_7684,0,0,9.08496,402513,G2,CARD
TX_42_1324_5270,0,0,6.545197,110020,G2,CARD
TX_42_1326_2247,0,0,6.911085,69738,G1,UPI
TX_42_1327_1053,0,0,7.371898,101806,G3,UPI
TX_42_132_7799,0,0,5.747312,383362,G3,UPI
TX_42_1330_2351,0,0,5.6605419999999995,137308,G2,CARD
TX_42_1331_6713,0,0,5.287234,342634,G2,UPI
TX_42_1332_2951,0,0,8.149383,146421,G3,UPI
TX_42_1333_6346,0,0,5.897404,370693,G1,UPI
TX_42_1334_6493,1,1,73.173867,325125,G3,CARD
TX_42_1335_6324,0,0,6.088274,543582,G1,UPI
TX_42_1336_2777,0,0,5.487842,245496,G2,UPI
TX_42_1338_4045,1,1,261.937957,158877,G2,UPI
TX_42_1339_9505,0,0,5.245951,148126,G1,CARD
TX_42_133_9677,0,0,5.648439,107545,G4,NETBANKING
TX_42_1341_2918,0,0,8.065219,222957,G1,CARD
TX_42_1342_3376,1,1,310.6347,184683,G1,UPI
TX_42_1343_7219,1,1,21.821274,389714,G2,CARD
TX_42_1344_4662,0,0,6.9413979999999995,288264,G2,UPI
TX_42_1345_7408,0,0,7.020517,113176,G3,UPI
TX_42_1346_4489,0,0,8.048784,253115,G1,WALLET
TX_42_1347_5134,0,0,6.414832,394850,G3,UPI
TX_42_134_8759,0,0,8.60426,179928,G4,UPI
TX_42_1350_3522,0,0,6.704057,89009,G2,UPI
TX_42_1351_9099,0,0,6.651908,97719,G1,UPI
TX_42_1352_9579,1,1,111.924918,148711,G1,CARD
TX_42_1354_8964,0,0,10.989851,154920,G3,UPI
TX_42_1356_6551,1,1,192.165702,78796,G2,CARD
TX_42_1357_9688,0,0,7.203912,434647,G3,CARD
TX_42_1358_9832,0,0,7.945819,104008,G1,NETBANKING
TX_42_1359_3215,0,0,9.118668,382698,G3,CARD
TX_42_135_2840,0,0,5.889209,251531,G2,CARD
TX_42_1360_3278,0,0,8.086286,74576,G3,CARD
TX_42_1361_4114,1,1,188.87717,155114,G3,UPI
TX_42_1363_7311,0,0,8.656594,247462,G1,UPI
TX_42_1364_6437,0,0,7.149349,401888,G3,CARD
TX_42_1365_6408,1,1,215.773207,223982,G3,UPI
TX_42_1366_6147,0,0,7.242041,267883,G3,UPI
TX_42_1367_6338,0,0,6.632775,241113,G1,NETBANKING
TX_42_1368_1998,0,0,8.97958,355062,G3,UPI
TX_42_1369_5717,0,0,8.878095,95385,G1,UPI
TX_42_1370_6151,0,0,5.646861,73567,G3,NETBANKING
TX_42_1371_8420,0,0,8.105656,433766,G1,UPI
TX_42_1375_6634,0,0,8.384605,404044,G3,CARD
TX_42_1376_8007,0,0,5.736133,396306,G2,UPI
TX_42_1377_7597,0,0,6.089208,337606,G4,UPI
TX_42_1378_2772,0,0,3.6773540000000002,175188,G2,UPI
TX_42_1379_9580,0,0,8.025149,322301,G3,NETBANKING
TX_42_137_8938,0,0,10.153015,356376,G1,UPI
TX_42_1380_2463,0,0,7.861954,537741,G2,CARD
TX_42_1381_2620,1,1,38.46187,267133,G2,UPI
TX_42_1382_4259,0,0,6.75044,200867,G1,NETBANKING
TX_42_1383_7520,0,0,6.261237,164907,G2,UPI
TX_42_1386_9725,0,0,5.00863,124513,G1,UPI
TX_42_1387_7058,0,0,5.021807,91914,G1,UPI
TX_42_138_2294,0,0,7.862846,172405,G4,WALLET
TX_42_1391_4070,0,0,9.249373,87422,G3,UPI
TX_42_1392_9825,0,0,5.664438,115004,G1,NETBANKING
TX_42_1393_3879,0,0,6.296984,474968,G2,CARD
TX_42_1394_4914,1,1,127.867161,157187,G1,UPI
TX_42_1395_6341,0,0,8.987477,136885,G2,WALLET
TX_42_1397_6559,1,1,170.64239,524188,G1,CARD
TX_42_1398_3508,1,1,82.754158,468362,G2,WALLET
TX_42_1399_6371,0,0,6.162644,351884,G1,UPI
TX_42_139_3208,0,0,5.86653,444414,G1,CARD
TX_42_13_7305,1,1,82.272165,98857,G1,CARD
TX_42_1401_6490,0,0,7.640364,141352,G3,WALLET
TX_42_1402_6379,0,0,9.67281,202648,G1,NETBANKING
TX_42_1403_1982,0,0,4.652414,189310,G1,CARD
TX_42_1404_8434,0,0,7.9874089999999995,218123,G3,WALLET
TX_42_1405_4648,1,1,47.722081,233303,G3,CARD
TX_42_1406_2086,0,0,4.022643,248309,G3,WALLET
TX_42_1407_6647,0,0,4.660087,389849,G3,CARD
TX_42_1409_9561,0,0,7.7102450000000005,364979,G1,UPI
TX_42_1410_7090,0,0,8.530706,177334,G1,CARD
TX_42_1411_7664,0,0,10.076679,363268,G1,UPI
TX_42_1412_9273,0,0,5.143061,452535,G3,UPI
TX_42_1413_1387,0,0,8.17011,409175,G1,WALLET
TX_42_1414_1034,0,0,6.654915,353790,G3,NETBANKING
TX_42_1415_3978,1,1,39.064678,116242,G1,UPI
TX_42_1416_6626,0,0,5.349166,513608,G4,UPI
TX_42_1418_8183,0,0,9.136682,139421,G3,UPI
TX_42_1419_9868,0,0,9.090569,275711,G3,UPI
TX_42_141_3431,0,0,5.642725,109475,G1,UPI
TX_42_1420_5572,0,0,5.946365,226069,G3,CARD
TX_42_1421_4679,0,0,10.137787,251328,G3,UPI
TX_42_1422_3727,0,0,5.151027,325982,G2,UPI
TX_42_1423_4424,0,0,9.574363,206200,G4,UPI
TX_42_1424_2022,0,0,5.467216,449799,G4,WALLET
TX_42_1425_3588,0,0,5.942226,465967,G3,UPI
TX_42_1426_2690,0,0,5.264143,395472,G1,UPI
TX_42_1427_6327,0,0,9.019073,193354,G1,CARD
TX_42_1428_2728,0,0,6.6580390000000005,115046,G3,CARD
TX_42_1429_6873,0,0,7.858206,281182,G1,CARD
TX_42_142_5025,0,0,5.595913,360129,G1,NETBANKING
TX_42_1430_5188,0,0,5.450498,267475,G1,NETBANKING
TX_42_1431_3312,0,0,6.871157,128853,G1,UPI
TX_42_1432_8207,1,1,59.524721,313232,G4,UPI
TX_42_1433_4286,0,0,9.528901,420268,G1,UPI
TX_42_1434_2547,0,0,6.201353,252705,G2,UPI
TX_42_1436_8636,0,0,8.637479,113299,G1,UPI
TX_42_1438_7562,0,0,7.102434,247039,G1,NETBANKING
TX_42_1439_4162,0,0,7.525848,448915,G1,NETBANKING
TX_42_143_9553,0,0,6.126883,531840,G1,UPI
TX_42_1440_4898,0,0,9.824023,158929,G2,UPI
TX_42_1441_7039,1,1,102.771972,498107,G3,UPI
TX_42_1442_3883,1,1,33.783423,366728,G2,NETBANKING
TX_42_1443_7254,0,0,7.507882,106741,G2,UPI
TX_42_1444_3192,0,0,8.192778,518136,G3,CARD
TX_42_1445_8856,0,0,5.529112,134116,G1,UPI
TX_42_1446_6636,0,0,6.481275,131528,G2,CARD
TX_42_1449_3452,1,1,106.990708,202969,G1,CARD
TX_42_1450_5779,0,0,10.33107,404183,G4,UPI
TX_42_1451_8196,0,0,8.171923,378292,G1,CARD
TX_42_1452_1245,1,1,200.431628,468180,G4,UPI
TX_42_1453_2972,0,0,9.312756,292639,G3,UPI
TX_42_1454_4605,0,0,6.667971,179170,G1,CARD
TX_42_1455_3612,0,0,9.646042,140073,G4,UPI
TX_42_1456_7702,0,0,8.928796,77999,G1,UPI
TX_42_1457_6523,0,0,8.740496,226302,G1,CARD
TX_42_1458_8232,0,0,6.535308,110759,G1,UPI
TX_42_1459_1602,0,0,5.288439,394527,G2,UPI
TX_42_145_7379,0,0,7.897825,328393,G4,UPI
TX_42_1460_6647,0,0,7.173775,315142,G1,CARD
TX_42_1462_5528,0,0,4.938834,175108,G2,WALLET
TX_42_1464_7719,0,0,8.188767,475995,G1,UPI
TX_42_1465_7356,0,0,7.333698,46165,G3,UPI
TX_42_1466_1538,0,0,4.224835,199135,G1,NETBANKING
TX_42_1467_5783,0,0,9.487825,438503,G3,UPI
TX_42_146_5675,0,0,9.09646,138499,G1,UPI
TX_42_1470_2639,0,0,5.563418,190044,G1,WALLET
TX_42_1471_5021,0,0,8.428506,159660,G3,CARD
TX_42_1472_6755,0,0,9.256323,451214,G2,CARD
TX_42_1473_5041,1,1,159.704115,216358,G3,UPI
TX_42_1475_1814,1,1,293.22766,398665,G1,NETBANKING
TX_42_1476_8037,0,0,6.43146,428992,G4,UPI
TX_42_1477_4334,0,0,8.613731,239040,G1,UPI
TX_42_1478_6258,0,0,7.66403,83737,G1,CARD
TX_42_1479_4735,1,1,181.538505,156175,G3,UPI
TX_42_147_2790,0,0,8.347093,330358,G2,WALLET
TX_42_1480_2643,0,0,5.256365,395912,G1,UPI
TX_42_1481_4345,0,0,7.568462,504078,G1,CARD
TX_42_1482_4530,0,0,5.721924,330088,G2,NETBANKING
TX_42_1483_4988,0,0,6.57434,528558,G3,UPI
TX_42_1484_8796,0,0,6.271134,303324,G1,CARD
TX_42_1485_9910,0,0,7.001536,601491,G1,UPI
TX_42_1486_3492,0,0,5.254572,118598,G1,WALLET
TX_42_1487_8517,0,0,6.926715,226670,G3,UPI
TX_42_1489_6221,0,0,6.973073,393021,G1,UPI
TX_42_148_9788,0,0,8.334773,436310,G1,UPI
TX_42_1490_6246,0,0,9.048165,273371,G2,UPI
TX_42_1491_1976,0,0,8.679781,268837,G1,UPI
TX_42_1492_7565,0,0,4.315842,637280,G2,CARD
TX_42_1493_4585,0,0,3.963273,420970,G1,CARD
TX_42_1494_7087,0,0,9.570398,249016,G4,UPI
TX_42_1495_3796,1,1,274.03582,210470,G1,CARD
TX_42_1497_6529,0,0,7.172861,301107,G1,CARD
TX_42_1498_3485,1,1,298.080008,406643,G3,UPI
TX_42_1499_9275,0,0,8.317228,115481,G3,UPI
TX_42_149_7870,0,0,8.808897,265854,G2,UPI
TX_42_14_9185,0,0,8.485391,153581,G1,CARD
TX_42_1500_5191,0,0,8.711167,163277,G3,UPI
TX_42_1501_3136,0,0,7.135011,97168,G2,WALLET
TX_42_1502_4417,0,0,5.454233,61188,G3,CARD
TX_42_1503_1792,1,1,23.724534,340225,G2,UPI
TX_42_1504_3711,1,1,233.141836,312300,G2,UPI
TX_42_1505_2960,0,0,7.500254,266956,G1,UPI
TX_42_1506_9605,0,0,6.878921,117229,G1,NETBANKING
TX_42_1507_4998,0,0,7.039159,351440,G1,UPI
TX_42_1508_6368,0,0,8.060342,161111,G1,UPI
TX_42_1509_2874,0,0,5.825023,468035,G1,CARD
TX_42_150_7875,0,0,8.638942,99514,G3,CARD
TX_42_1510_7227,0,0,4.569548,303950,G3,UPI
TX_42_1511_1561,0,0,8.544839,467463,G2,UPI
TX_42_1512_4560,0,0,5.391686,413457,G3,CARD
TX_42_1514_3933,1,1,75.054313,151893,G1,WALLET
TX_42_1515_4225,0,0,4.98109,440418,G1,UPI
TX_42_1516_6772,0,0,6.504771,178638,G2,CARD
TX_42_1517_9273,0,0,10.58207,524687,G1,WALLET
TX_42_1518_4472,0,0,9.527522,306825,G1,CARD
TX_42_1519_4321,0,0,6.773597,109726,G1,NETBANKING
TX_42_151_2392,0,0,7.07377,435532,G4,UPI
TX_42_1520_8388,0,0,6.712225,534537,G1,WALLET
TX_42_1521_9369,1,1,28.637555,400527,G2,UPI
TX_42_1522_2113,1,1,220.233998,132132,G2,UPI
TX_42_1523_1309,0,0,8.127254,190755,G1,UPI
TX_42_1524_8580,0,0,7.869105,207542,G2,CARD
TX_42_1525_8325,0,0,6.360449,300505,G4,UPI
TX_42_1527_7828,1,1,252.303682,130156,G1,UPI
TX_42_1528_9155,1,1,223.054047,349290,G3,CARD
TX_42_1529_4314,0,0,8.031155,71429,G3,WALLET
TX_42_152_4981,0,0,7.385388,87073,G1,CARD
TX_42_1531_4566,0,0,8.760625,174815,G1,WALLET
TX_42_1532_9857,0,0,5.154685,514411,G1,UPI
TX_42_1533_2667,0,0,8.240631,58497,G1,UPI
TX_42_1534_3072,0,0,6.583699,304612,G3,WALLET
TX_42_1535_7527,0,0,8.617909000000001,362892,G2,CARD
TX_42_1536_9669,0,0,6.875358,376506,G1,UPI
TX_42_1537_5581,0,0,7.148626,306549,G1,UPI
TX_42_1538_3412,0,0,6.26611,109068,G3,CARD
TX_42_1539_5650,0,0,6.061196,135204,G3,NETBANKING
TX_42_153_8610,0,0,9.121525,229939,G1,CARD
TX_42_1541_4007,0,0,8.757328,344021,G1,UPI
TX_42_1542_4165,0,0,5.343705,196458,G1,CARD
TX_42_1543_6578,0,0,5.913058,299214,G3,UPI
TX_42_1544_7934,0,0,4.783003,246183,G2,UPI
TX_42_1546_2932,0,0,4.772199,114670,G1,UPI
TX_42_1547_3781,0,0,7.658994,331652,G2,CARD
TX_42_1548_2416,0,0,6.865966,196165,G3,CARD
TX_42_154_7865,0,0,7.255002,354899,G2,UPI
TX_42_1550_6351,0,0,6.254394,164609,G2,UPI
TX_42_1551_5928,0,0,8.286356,162964,G3,CARD
TX_42_1552_9469,0,0,7.383197,299041,G2,UPI
TX_42_1553_3096,0,0,6.904194,141841,G4,UPI
TX_42_1554_9768,1,1,225.170398,363820,G3,CARD
TX_42_1555_9649,0,0,6.785685,398630,G3,NETBANKING
TX_42_1556_8926,0,0,8.067192,67114,G1,UPI
TX_42_1557_9354,0,0,5.352049,179144,G1,CARD
TX_42_1558_9593,0,0,8.098316,236042,G1,CARD
TX_42_1559_6051,0,0,7.695852,171403,G3,UPI
TX_42_1560_5900,0,0,5.9409659999999995,249886,G4,CARD
TX_42_1561_7646,0,0,7.553834,365477,G1,UPI
TX_42_1562_4518,0,0,9.791202,182617,G3,CARD
TX_42_1564_2427,0,0,7.336865,251429,G2,CARD
TX_42_1567_8214,0,0,5.308334,531208,G1,UPI
TX_42_1569_8421,0,0,7.930101,438568,G1,UPI
TX_42_1570_5416,0,0,7.147271,493622,G3,UPI
TX_42_1571_5717,0,0,6.288323,136815,G3,UPI
TX_42_1572_4522,0,0,6.379719,102680,G1,UPI
TX_42_1573_6856,0,0,5.642285,399891,G3,CARD
TX_42_1575_9884,0,0,8.879537,283334,G2,UPI
TX_42_1576_6083,0,0,7.481765,265997,G2,UPI
TX_42_1578_1357,0,0,10.002979,319552,G2,NETBANKING
TX_42_1579_7746,0,0,7.545939,296567,G2,UPI
TX_42_157_6188,1,1,177.03478,71439,G1,CARD
TX_42_1580_2886,0,0,7.152087,89656,G2,UPI
TX_42_1582_5991,0,0,6.239753,331226,G1,UPI
TX_42_1583_3715,0,0,5.975837,164426,G2,CARD
TX_42_1585_4527,0,0,7.008327,299611,G3,CARD
TX_42_1586_2562,0,0,5.954788,411761,G2,WALLET
TX_42_1587_4381,0,0,8.624138,315429,G2,CARD
TX_42_1588_1285,0,0,7.0875070000000004,457481,G4,CARD
TX_42_1589_9705,0,0,5.363963,433192,G1,CARD
TX_42_158_1340,1,1,275.045118,184045,G2,CARD
TX_42_1590_6273,0,0,5.417709,459863,G2,CARD
TX_42_1591_7466,0,0,7.396536,367381,G1,NETBANKING
TX_42_1592_3985,0,0,8.052678,274017,G3,UPI
TX_42_1594_5325,0,0,9.147351,94249,G3,WALLET
TX_42_1595_8851,0,0,7.209199,134402,G2,NETBANKING
TX_42_1596_5928,0,0,5.497941,135646,G2,UPI
TX_42_1597_8297,0,0,8.217923,87255,G4,NETBANKING
TX_42_1598_2828,0,0,7.752022,155276,G3,UPI
TX_42_1599_4091,1,1,93.910007,413693,G2,UPI
TX_42_159_5792,0,0,5.625118,360783,G3,WALLET
TX_42_15_8409,1,1,305.514415,146565,G4,UPI
TX_42_1601_4651,0,0,6.868283,146821,G4,UPI
TX_42_1602_3611,0,0,5.727806,360465,G1,NETBANKING
TX_42_1603_5559,1,1,243.010861,54597,G3,UPI
TX_42_1604_2426,0,0,5.028203,114909,G1,UPI
TX_42_1605_2083,0,0,5.011313,344639,G2,CARD
TX_42_1606_4061,1,1,50.229016,206396,G2,WALLET
TX_42_1607_3023,0,0,7.316673,438717,G1,CARD
TX_42_1608_9219,0,0,8.274554,208607,G1,UPI
TX_42_1609_4014,0,0,6.037243,215069,G2,CARD
TX_42_1610_1401,0,0,7.495583,117255,G2,CARD
TX_42_1611_6066,0,0,5.657044,334525,G1,NETBANKING
TX_42_1612_3345,1,1,33.259159,479153,G2,UPI
TX_42_1613_4794,0,0,4.97262,192000,G4,UPI
TX_42_1614_5856,0,0,5.972638,280843,G1,UPI
TX_42_1615_8087,1,1,31.958183,137751,G1,UPI
TX_42_1616_5342,0,0,6.910122,318699,G3,CARD
TX_42_1617_9150,1,1,182.8707,118891,G3,UPI
TX_42_1618_6164,0,0,7.521089,281318,G4,UPI
TX_42_1620_5827,0,0,5.200026,267248,G2,CARD
TX_42_1621_7521,0,0,6.9590250000000005,431745,G1,UPI
TX_42_1622_6319,0,0,7.738684,191897,G2,UPI
TX_42_1624_8375,0,0,6.240791,66550,G1,UPI
TX_42_1625_8235,0,0,7.93596,195831,G4,CARD
TX_42_1627_1764,0,0,8.195361,177297,G2,UPI
TX_42_1628_1538,0,0,7.706748,261005,G4,UPI
TX_42_1629_7460,0,0,5.960058,234743,G3,CARD
TX_42_1630_4983,1,1,289.645973,386806,G3,NETBANKING
TX_42_1631_6976,0,0,6.036813,511411,G3,CARD
TX_42_1633_9913,0,0,5.65773,431254,G4,UPI
TX_42_1634_5109,0,0,6.900662,363087,G4,UPI
TX_42_1635_7546,0,0,9.848877,82895,G3,NETBANKING
TX_42_1636_1787,0,0,4.431905,487499,G1,CARD
TX_42_1637_8898,1,1,75.198385,301621,G1,NETBANKING
TX_42_1638_8028,0,0,8.084956,534901,G1,UPI
TX_42_163_8875,0,0,6.800161,213571,G3,UPI
TX_42_1640_1383,0,0,8.298312,101898,G2,CARD
TX_42_1641_8505,0,0,7.80295,178429,G3,CARD
TX_42_1643_1652,0,0,6.987412,365205,G4,UPI
TX_42_1644_2153,1,1,31.673087,322391,G3,UPI
TX_42_1645_3162,1,1,130.637778,116100,G3,UPI
TX_42_1647_3455,0,0,7.998699,127208,G2,CARD
TX_42_1648_1123,0,0,4.238695,105358,G2,CARD
TX_42_164_9106,1,1,35.347271,356158,G2,CARD
TX_42_1650_9545,0,0,8.192777,223606,G2,CARD
TX_42_1651_3645,0,0,4.393772,292970,G1,UPI
TX_42_1652_9046,0,0,6.692701,160349,G1,UPI
TX_42_1653_6244,0,0,7.061338,134801,G4,CARD
TX_42_1654_1753,0,0,4.373155,403685,G2,UPI
TX_42_1655_9323,0,0,3.519736,273934,G3,UPI
TX_42_1656_1463,0,0,7.3704,90793,G2,UPI
TX_42_1658_1589,0,0,4.893534,364783,G3,NETBANKING
TX_42_1659_2698,0,0,6.242912,154906,G2,UPI
TX_42_165_7957,0,0,8.92713,198919,G4,UPI
TX_42_1660_7614,0,0,8.565414,51660,G1,UPI
TX_42_1661_6325,0,0,5.499016,115973,G3,UPI
TX_42_1663_5393,0,0,5.356453,106251,G2,UPI
TX_42_1664_6029,0,0,8.742497,82949,G1,CARD
TX_42_1666_6839,0,0,7.388351,133278,G3,UPI
TX_42_1667_2350,1,1,211.683073,394546,G3,UPI
TX_42_166_9328,0,0,6.920586,66105,G1,UPI
TX_42_1670_2992,0,0,8.117259,238259,G1,UPI
TX_42_1671_8037,0,0,9.410585,130381,G1,CARD
TX_42_1672_4678,1,1,252.20171,224160,G3,NETBANKING
TX_42_1673_9126,0,0,5.518809,231927,G1,CARD
TX_42_1674_3062,0,0,5.568562,197542,G1,NETBANKING
TX_42_1675_2884,0,0,6.615247,196646,G2,UPI
TX_42_1676_4315,0,0,5.757712,118636,G2,CARD
TX_42_1678_6851,0,0,7.742607,459217,G2,CARD
TX_42_1679_3187,0,0,4.801655,152939,G2,UPI
TX_42_167_4435,0,0,7.427563,263561,G1,UPI
TX_42_1680_2596,0,0,7.252995,395316,G2,UPI
TX_42_1681_6904,1,1,179.018775,288257,G2,CARD
TX_42_1682_8987,0,0,7.597463,218803,G1,UPI
TX_42_1683_1732,1,1,40.731211,166286,G4,UPI
TX_42_1684_1918,0,0,5.259766,247645,G2,UPI
TX_42_1687_1768,0,0,5.434827,149624,G2,NETBANKING
TX_42_1689_5548,0,0,7.723898,240944,G2,NETBANKING
TX_42_168_7261,1,1,15.119154,233592,G2,UPI
TX_42_1691_6906,0,0,4.751467,560608,G1,UPI
TX_42_1692_8904,0,0,9.452007,163411,G1,UPI
TX_42_1694_2256,0,0,8.33164,176422,G1,UPI
TX_42_1695_9721,0,0,7.39277,306874,G3,UPI
TX_42_1696_4133,0,0,8.669528,177210,G3,UPI
TX_42_1697_3461,0,0,7.351554,176096,G1,UPI
TX_42_1698_4838,1,1,288.29173,141214,G2,UPI
TX_42_169_2174,0,0,5.477258,149612,G1,UPI
TX_42_16_5939,1,1,19.165151,555813,G2,UPI
TX_42_1700_5921,0,0,9.292421,280453,G2,NETBANKING
TX_42_1701_5552,0,0,5.51712,487800,G3,UPI
TX_42_1702_9060,0,0,8.599979,533508,G1,CARD
TX_42_1703_1391,0,0,7.396408,374029,G2,NETBANKING
TX_42_1704_7098,0,0,9.288625,234374,G1,WALLET
TX_42_1705_9532,0,0,8.356861,358696,G1,UPI
TX_42_1706_7596,0,0,9.422694,430020,G3,UPI
TX_42_1707_8273,0,0,5.163567,235627,G2,NETBANKING
TX_42_1708_6430,0,0,6.12062,130093,G3,NETBANKING
TX_42_1709_6413,0,0,6.897325,430710,G2,WALLET
TX_42_170_5491,1,1,30.976853,377881,G2,UPI
TX_42_1710_9283,1,1,290.212726,285027,G1,UPI
TX_42_1712_9694,0,0,6.022157,536476,G2,UPI
TX_42_1713_4440,0,0,5.453538,173864,G2,CARD
TX_42_1714_4445,0,0,7.9058340000000005,180214,G1,CARD
TX_42_1715_6234,0,0,7.153134,415752,G2,WALLET
TX_42_1716_9549,0,0,3.732233,163109,G4,UPI
TX_42_1717_7549,1,1,117.832489,69640,G1,CARD
TX_42_1718_8940,0,0,8.429057,141616,G1,NETBANKING
TX_42_1719_1003,0,0,7.026433,309578,G1,UPI
TX_42_1720_9197,0,0,7.238939,137894,G1,UPI
TX_42_1721_3567,0,0,8.227042,39613,G1,CARD
TX_42_1722_3994,1,1,59.834487,205740,G4,UPI
TX_42_1723_5416,0,0,6.658563,186195,G2,WALLET
TX_42_1725_9504,1,1,288.177807,537953,G2,UPI
TX_42_1726_9276,0,0,9.639296,79343,G1,UPI
TX_42_1728_2771,1,1,253.014444,293328,G1,UPI
TX_42_172_9809,0,0,7.748327,422326,G2,CARD
TX_42_1730_8745,0,0,4.6887360000000005,122605,G1,UPI
TX_42_1731_2624,0,0,8.743638,177741,G3,CARD
TX_42_1732_4772,0,0,5.58339,231013,G1,UPI
TX_42_1734_2750,0,0,7.165418,247799,G1,CARD
TX_42_1736_1161,1,1,127.693818,210898,G4,UPI
TX_42_1737_8951,0,0,6.372408,404822,G1,UPI
TX_42_1739_9592,0,0,5.548087,178932,G1,NETBANKING
TX_42_173_2387,1,1,139.525051,140287,G2,UPI
TX_42_1740_8969,0,0,5.312684,48010,G1,UPI
TX_42_1741_5874,0,0,7.598492,102719,G1,UPI
TX_42_1742_2485,0,0,8.084013,367418,G1,UPI
TX_42_1743_1946,0,0,6.925839,279207,G2,CARD
TX_42_1744_9141,0,0,6.235828,400974,G4,WALLET
TX_42_1745_8986,0,0,7.573635,177097,G1,UPI
TX_42_1746_6926,0,0,8.393583,539940,G3,UPI
TX_42_1747_4166,0,0,6.097546,494988,G3,UPI
TX_42_1749_9304,0,0,5.832905,429711,G1,WALLET
TX_42_174_3220,1,1,267.44883,159968,G3,UPI
TX_42_1751_8485,0,0,6.587108,629577,G3,CARD
TX_42_1752_8254,0,0,6.553504,120939,G1,CARD
TX_42_1753_6548,0,0,8.342196,319986,G1,CARD
TX_42_1754_3307,0,0,7.829858,453904,G2,CARD
TX_42_1755_9929,0,0,5.978463,492726,G3,CARD
TX_42_1756_2329,0,0,6.429374,292278,G2,UPI
TX_42_1757_3029,1,1,184.334221,287124,G2,CARD
TX_42_1758_9674,1,1,38.105484,363414,G2,WALLET
TX_42_1759_1834,0,0,9.106167,158692,G1,CARD
TX_42_175_4845,0,0,9.330753,130382,G4,CARD
TX_42_1760_1747,0,0,6.55299,201493,G4,UPI
TX_42_1761_7961,0,0,5.378405,648746,G1,UPI
TX_42_1762_8400,0,0,6.013941,179025,G4,UPI
TX_42_1764_6450,0,0,6.004361,311997,G3,WALLET
TX_42_1766_4411,1,1,64.554986,261345,G3,UPI
TX_42_1767_6458,0,0,6.27764,225046,G2,UPI
TX_42_1768_7335,1,1,179.642864,170221,G1,WALLET
TX_42_1769_1175,0,0,5.76917,485498,G3,CARD
TX_42_176_1748,0,0,6.091245,161448,G1,CARD
TX_42_1771_3100,0,0,6.963341,139845,G4,UPI
TX_42_1772_6776,0,0,8.80816,87168,G3,UPI
TX_42_1773_1259,0,0,4.364343,155307,G1,NETBANKING
TX_42_1774_2408,0,0,7.835591,66721,G1,NETBANKING
TX_42_1775_7312,0,0,5.547705,174276,G2,CARD
TX_42_1776_2737,0,0,7.27307,313613,G4,CARD
TX_42_1777_9301,0,0,6.134986,134730,G3,UPI
TX_42_1778_2501,0,0,7.627079,304845,G3,WALLET
TX_42_177_8490,1,1,149.669312,369642,G3,UPI
TX_42_1782_8190,1,1,74.470217,436067,G2,NETBANKING
TX_42_1783_8776,0,0,7.708393,222947,G3,NETBANKING
TX_42_1784_8364,0,0,5.487465,249549,G4,UPI
TX_42_1785_3007,0,0,7.544852,55732,G1,CARD
TX_42_1786_4482,0,0,4.886437,154862,G1,CARD
TX_42_1787_6478,0,0,7.605021,307911,G1,WALLET
TX_42_1788_4818,0,0,7.068674,169449,G1,CARD
TX_42_1789_1055,0,0,8.311221,264779,G1,CARD
TX_42_178_2824,0,0,6.250535,181087,G2,UPI
TX_42_1790_7045,0,0,5.507455,434154,G2,CARD
TX_42_1792_1359,0,0,9.118008,348043,G2,UPI
TX_42_1793_9014,0,0,8.364027,362987,G4,UPI
TX_42_1794_5993,0,0,7.614007,424796,G3,UPI
TX_42_1795_2007,0,0,7.928868,143362,G2,UPI
TX_42_1797_5159,0,0,7.30101,177260,G4,CARD
TX_42_1798_7124,0,0,6.351704,228471,G1,UPI
TX_42_1799_3680,1,1,125.364362,239298,G1,UPI
TX_42_1800_1171,0,0,6.445333,371004,G2,NETBANKING
TX_42_1801_2627,0,0,5.607891,278900,G2,UPI
TX_42_1802_8851,1,1,150.935427,176914,G4,CARD
TX_42_1803_1434,0,0,8.195077,191136,G1,CARD
TX_42_1806_8809,0,0,8.8788,99517,G1,CARD
TX_42_1807_7489,0,0,9.199377,96299,G1,UPI
TX_42_1808_4472,0,0,5.885199,152636,G1,CARD
TX_42_1809_2912,0,0,8.759546,307649,G3,NETBANKING
TX_42_1811_8589,1,1,233.370167,198217,G2,UPI
TX_42_1812_1043,0,0,7.519444,131199,G1,UPI
TX_42_1813_5319,0,0,5.813949,227592,G4,CARD
TX_42_1814_1488,0,0,6.758016,136335,G2,UPI
TX_42_1815_5692,0,0,6.28061,341386,G1,CARD
TX_42_1816_3701,0,0,7.964047,504170,G4,UPI
TX_42_1818_7564,0,0,10.178881,358678,G3,CARD
TX_42_181_3711,0,0,8.459996,135107,G2,CARD
TX_42_1821_2957,0,0,7.853645,408683,G4,UPI
TX_42_1822_7025,0,0,8.039269,358656,G3,NETBANKING
TX_42_1823_9877,0,0,7.089218,352750,G1,UPI
TX_42_1824_2982,0,0,6.930082,339296,G2,UPI
TX_42_1826_8317,0,0,5.270387,342761,G3,CARD
TX_42_1827_2577,0,0,7.997637,283525,G1,UPI
TX_42_1828_3403,0,0,5.268061,536113,G1,CARD
TX_42_182_8002,0,0,8.032893,175303,G4,UPI
TX_42_1831_7237,0,0,9.149127,298731,G3,UPI
TX_42_1832_8691,0,0,6.263196,154609,G1,UPI
TX_42_1833_7395,1,1,299.008684,67391,G2,CARD
TX_42_1834_6322,0,0,10.552421,550807,G2,NETBANKING
TX_42_1835_8066,0,0,4.273444,79354,G2,UPI
TX_42_1836_7433,0,0,7.989932,166037,G1,UPI
TX_42_1837_3485,0,0,6.902907,147910,G4,CARD
TX_42_1838_3548,1,1,129.322294,140658,G3,UPI
TX_42_1839_6351,0,0,10.610476,458857,G4,UPI
TX_42_1840_7814,0,0,5.06448,377656,G1,UPI
TX_42_1841_9996,0,0,4.566483,245294,G2,CARD
TX_42_1843_3215,0,0,8.493061,579103,G2,UPI
TX_42_1845_8259,0,0,6.899415,334877,G2,UPI
TX_42_1846_7266,1,1,315.281531,155306,G3,UPI
TX_42_1848_6225,0,0,9.368885,148574,G1,UPI
TX_42_1849_2455,1,1,139.7367,154070,G1,NETBANKING
TX_42_184_7163,0,0,5.618912,409302,G1,UPI
TX_42_1851_7947,0,0,7.566895,306793,G2,NETBANKING
TX_42_1852_3582,0,0,5.410578,440013,G3,WALLET
TX_42_1853_7053,0,0,8.388476,102115,G2,WALLET
TX_42_1855_4693,0,0,5.831459,285288,G1,UPI
TX_42_1856_3422,0,0,7.339621,431201,G2,UPI
TX_42_1857_5036,1,1,70.758679,134039,G1,UPI
TX_42_1858_7115,0,0,7.487373,549347,G3,WALLET
TX_42_1859_4240,0,0,5.45024,237650,G3,CARD
TX_42_185_1974,0,0,7.906829,438888,G4,UPI
TX_42_1860_9014,0,0,7.900463,57703,G3,CARD
TX_42_1861_4943,0,0,7.863211,345133,G1,CARD
TX_42_1862_7045,0,0,7.36746,236246,G1,UPI
TX_42_1863_4488,0,0,5.01828,196482,G2,CARD
TX_42_1864_2727,0,0,4.562194,215642,G2,UPI
TX_42_1865_6295,0,0,6.888297,460503,G4,CARD
TX_42_1866_9412,0,0,5.44256,61676,G2,UPI
TX_42_1867_3865,0,0,7.993946,320775,G4,UPI
TX_42_1868_5445,0,0,6.783641,180888,G3,WALLET
TX_42_1869_3510,0,0,8.506272,501510,G1,UPI
TX_42_186_7839,1,1,100.364042,210889,G2,UPI
TX_42_1870_8283,0,0,11.027905,300952,G3,NETBANKING
TX_42_1871_9386,0,0,6.246581,409041,G1,UPI
TX_42_1872_1293,1,1,308.598509,155244,G1,UPI
TX_42_1874_8807,0,0,5.295822,156990,G1,NETBANKING
TX_42_1875_9896,0,0,7.521146,148928,G1,UPI
TX_42_1876_8864,0,0,7.027346,96178,G2,NETBANKING
TX_42_1877_2405,0,0,5.48972,407714,G2,WALLET
TX_42_1878_2733,1,1,158.356182,472660,G1,UPI
TX_42_1879_7263,0,0,8.555111,146445,G1,NETBANKING
TX_42_187_4061,1,1,306.539998,401129,G4,UPI
TX_42_1882_8304,0,0,7.5903659999999995,113324,G1,UPI
TX_42_1883_9823,0,0,7.939839,162430,G1,CARD
TX_42_1886_7064,0,0,8.245124,121083,G1,CARD
TX_42_1887_5489,0,0,8.113388,85646,G2,UPI
TX_42_1888_4059,0,0,7.251166,271709,G1,UPI
TX_42_1889_7746,0,0,4.835145,544965,G1,NETBANKING
TX_42_188_9073,0,0,7.826809,68407,G2,CARD
TX_42_1892_1316,0,0,6.836548,210404,G2,CARD
TX_42_1894_8900,0,0,6.531136,554685,G1,UPI
TX_42_1895_1937,0,0,5.587945,472665,G1,WALLET
TX_42_1896_4329,1,1,34.433699,380000,G2,UPI
TX_42_1898_1160,0,0,4.409867,282038,G2,UPI
TX_42_1899_1577,0,0,5.456314,408593,G2,WALLET
TX_42_189_3739,0,0,7.758564,453976,G2,CARD
TX_42_1900_6780,0,0,5.40062,163605,G3,UPI
TX_42_1901_9377,0,0,7.368449,131450,G1,UPI
TX_42_1902_2192,0,0,7.83571,320682,G4,NETBANKING
TX_42_1909_5231,0,0,9.719969,266426,G4,UPI
TX_42_190_3374,0,0,9.124771,392319,G1,NETBANKING
TX_42_1911_4957,0,0,5.568079,318876,G1,NETBANKING
TX_42_1912_4777,0,0,4.932861,416938,G2,CARD
TX_42_1913_8323,0,0,8.624591,418311,G2,CARD
TX_42_1914_8496,0,0,5.54356,223959,G2,CARD
TX_42_1918_2974,0,0,8.093548,138496,G3,NETBANKING
TX_42_1920_8635,0,0,6.118023,288727,G2,WALLET
TX_42_1921_6245,0,0,7.621371,73736,G3,CARD
TX_42_1924_9224,0,0,4.577865,516700,G1,UPI
TX_42_1925_4481,0,0,4.66226,45581,G4,CARD
TX_42_1927_2573,0,0,6.4689440000000005,413367,G4,UPI
TX_42_1928_9850,0,0,7.871568,136081,G4,CARD
TX_42_1929_4042,0,0,5.88308,469751,G1,UPI
TX_42_1930_6276,1,1,49.279948,275369,G4,NETBANKING
TX_42_1931_4082,1,1,38.291314,211498,G2,WALLET
TX_42_1933_5135,0,0,5.166103,276001,G1,UPI
TX_42_1934_8501,0,0,6.349394,150600,G2,UPI
TX_42_1935_7464,0,0,8.530775,139678,G1,UPI
TX_42_1936_6121,0,0,11.37648,345078,G3,NETBANKING
TX_42_1937_7574,0,0,8.453481,223558,G3,UPI
TX_42_1938_8962,0,0,6.961423,264268,G1,CARD
TX_42_1939_9438,1,1,297.517466,201207,G1,UPI
TX_42_193_4808,0,0,4.36921,479294,G1,CARD
TX_42_1940_7901,0,0,7.713128,75632,G2,UPI
TX_42_1941_2823,0,0,8.305374,410747,G2,UPI
TX_42_1942_3249,0,0,5.82178,372658,G1,CARD
TX_42_1943_3323,0,0,7.496816,352847,G2,CARD
TX_42_1944_5559,0,0,4.506405,168621,G2,UPI
TX_42_1945_3705,0,0,7.037329,438234,G1,UPI
TX_42_1947_3417,0,0,8.218555,346228,G2,CARD
TX_42_1948_5507,0,0,7.641719,175357,G3,CARD
TX_42_1949_7120,0,0,7.582565,112713,G1,UPI
TX_42_194_3979,0,0,8.946688,131869,G2,CARD
TX_42_1951_4401,0,0,6.729336,118336,G2,CARD
TX_42_1952_9023,0,0,6.570564,320003,G2,UPI
TX_42_1953_8547,0,0,7.358855,389660,G2,UPI
TX_42_1954_7508,1,1,264.909357,338234,G1,CARD
TX_42_1956_7089,0,0,7.33054,184328,G1,CARD
TX_42_1957_5502,0,0,8.838823,74557,G3,CARD
TX_42_195_9340,0,0,10.105321,535876,G3,UPI
TX_42_1960_3927,0,0,7.372368,89734,G3,WALLET
TX_42_1961_9427,0,0,8.1645,183780,G2,CARD
TX_42_1964_8690,0,0,5.063881,111590,G2,UPI
TX_42_1965_4036,0,0,4.468441,244924,G2,CARD
TX_42_1966_5298,0,0,8.59482,532879,G2,CARD
TX_42_1967_2462,0,0,9.76065,126429,G3,UPI
TX_42_1969_9875,0,0,3.776956,444304,G3,UPI
TX_42_1970_5351,0,0,9.369051,371740,G3,NETBANKING
TX_42_1971_9186,0,0,6.619843,95881,G3,NETBANKING
TX_42_1972_2396,1,1,62.623619,210233,G2,CARD
TX_42_1974_4806,0,0,6.457772,420754,G3,UPI
TX_42_1975_6443,0,0,8.873349,223716,G1,UPI
TX_42_1976_5748,0,0,4.786628,734168,G3,UPI
TX_42_1978_5504,0,0,8.31285,394886,G1,CARD
TX_42_1979_2012,1,1,278.359162,470574,G1,WALLET
TX_42_197_5987,1,1,214.142723,258964,G4,UPI
TX_42_1980_6144,0,0,4.593839,404579,G3,UPI
TX_42_1981_6762,0,0,7.720294,417043,G3,WALLET
TX_42_1982_4907,0,0,7.656883,173307,G3,UPI
TX_42_1983_2045,0,0,6.512704,165847,G2,NETBANKING
TX_42_1984_7582,1,1,205.029827,378197,G1,UPI
TX_42_1986_7635,0,0,9.192471,399002,G3,UPI
TX_42_1988_5817,0,0,4.03784,249027,G2,UPI
TX_42_1989_4526,0,0,7.648105,211682,G1,CARD
TX_42_1990_1817,0,0,8.186726,96782,G1,UPI
TX_42_1991_2089,1,1,251.775299,89081,G3,UPI
TX_42_1992_1322,1,1,279.061354,198523,G1,NETBANKING
TX_42_1993_6553,0,0,8.335058,429663,G1,UPI
TX_42_1994_2924,0,0,4.291396,433475,G3,NETBANKING
TX_42_1995_3100,1,1,231.879438,395736,G1,UPI
TX_42_1996_3652,0,0,8.640698,479951,G1,UPI
TX_42_1997_2593,0,0,7.167537,408861,G3,CARD
TX_42_1998_4529,0,0,9.292847,404108,G1,NETBANKING
TX_42_199_7843,0,0,4.504398,232367,G1,CARD
TX_42_19_8658,1,1,26.635965,503137,G2,UPI
TX_42_1_4373,0,0,4.199491,376343,G1,CARD
TX_42_2000_3557,0,0,6.372331,238426,G3,NETBANKING
TX_42_2001_5181,0,0,6.307963,198381,G2,CARD
TX_42_2002_2914,0,0,7.891766,135093,G4,UPI
TX_42_2003_4681,1,1,206.713131,274655,G3,UPI
TX_42_2004_1111,0,0,5.478697,308417,G1,CARD
TX_42_2005_7700,0,0,7.883609,44432,G4,UPI
TX_42_2006_9980,0,0,7.400835,107878,G3,NETBANKING
TX_42_2008_5819,0,0,5.854337,631329,G1,CARD
TX_42_2009_9069,0,0,5.624056,182133,G2,UPI
TX_42_200_9791,0,0,6.532287,289153,G1,UPI
TX_42_2010_5523,0,0,7.776899,109215,G2,CARD
TX_42_2011_9337,0,0,5.765692,253364,G2,NETBANKING
TX_42_2012_3816,0,0,6.482255,276108,G1,UPI
TX_42_2013_3801,0,0,6.354235,328043,G1,UPI
TX_42_2014_2797,0,0,6.4677620000000005,142146,G1,UPI
TX_42_2015_6287,0,0,9.127329,110071,G1,UPI
TX_42_2017_1865,0,0,7.23248,357188,G2,UPI
TX_42_2018_2132,0,0,8.147548,181555,G3,UPI
TX_42_2019_9996,0,0,8.221359,242930,G1,UPI
TX_42_201_2309,0,0,5.260794,627353,G3,UPI
TX_42_2020_7803,1,1,201.147798,134946,G1,UPI
TX_42_2021_1427,0,0,7.019252,233060,G3,UPI
TX_42_2022_5483,0,0,8.206025,482134,G3,WALLET
TX_42_2023_7956,0,0,5.584232,187712,G3,NETBANKING
TX_42_2024_4328,0,0,5.787907,59126,G4,UPI
TX_42_2025_5435,0,0,6.814934,209962,G4,UPI
TX_42_2027_7185,0,0,5.062004,199351,G4,CARD
TX_42_2028_1156,0,0,6.079081,340044,G2,UPI
TX_42_202_2834,0,0,6.723305,188165,G1,CARD
TX_42_2030_1491,0,0,6.28613,674752,G2,CARD
TX_42_2031_4347,0,0,6.122495,452002,G1,UPI
TX_42_2032_2063,0,0,7.454172,319881,G2,UPI
TX_42_2033_5930,0,0,10.189442,382863,G1,UPI
TX_42_2035_8400,0,0,9.437772,395070,G1,UPI
TX_42_2037_2208,0,0,8.838297,109481,G1,NETBANKING
TX_42_2038_2023,0,0,6.026043,425903,G4,UPI
TX_42_2039_8605,1,1,277.549221,113319,G2,CARD
TX_42_203_4324,0,0,8.720847,293506,G2,CARD
TX_42_2040_7109,0,0,6.394713,220910,G1,CARD
TX_42_2041_2345,0,0,8.102284,314617,G2,WALLET
TX_42_2042_4411,0,0,6.633504,179853,G2,UPI
TX_42_2043_1669,0,0,4.923554,131654,G1,UPI
TX_42_2044_9650,0,0,6.64576,469928,G4,UPI
TX_42_2045_6506,0,0,6.132512,150115,G1,UPI
TX_42_2046_5449,0,0,5.164136,267832,G1,UPI
TX_42_2047_4632,0,0,6.538347,490827,G2,UPI
TX_42_2048_4605,0,0,7.581035,185292,G1,UPI
TX_42_2049_8489,0,0,4.768543,315574,G3,UPI
TX_42_204_1145,1,1,45.656285,187496,G1,UPI
TX_42_2050_4351,1,1,243.355076,255658,G3,CARD
TX_42_2051_8213,0,0,9.050218,393781,G4,UPI
TX_42_2052_2616,0,0,8.683394,191717,G2,CARD
TX_42_2053_2658,1,1,328.211467,367202,G2,UPI
TX_42_2054_8009,0,0,7.874612,245393,G1,UPI
TX_42_2055_1133,0,0,5.498293,330210,G1,CARD
TX_42_2057_4191,0,0,7.516901,407259,G1,UPI
TX_42_2058_4417,0,0,6.386305,218443,G1,UPI
TX_42_2059_1905,0,0,8.081083,281205,G2,NETBANKING
TX_42_205_2386,0,0,6.35152,278015,G1,CARD
TX_42_2060_1502,1,1,211.230881,145431,G1,UPI
TX_42_2062_6597,1,1,94.062577,95523,G4,UPI
TX_42_2063_3531,0,0,8.496163,49872,G1,CARD
TX_42_2064_7955,0,0,7.889928,310142,G2,UPI
TX_42_2065_4130,0,0,5.290229,359438,G3,NETBANKING
TX_42_2066_9012,0,0,8.482513,110614,G1,CARD
TX_42_2067_3501,0,0,7.7099,558718,G2,UPI
TX_42_2068_4341,0,0,7.883247,338566,G1,WALLET
TX_42_2070_8090,0,0,7.832504,490964,G1,UPI
TX_42_2071_3420,0,0,7.942226,490776,G3,WALLET
TX_42_2072_1478,0,0,10.500013,398472,G2,CARD
TX_42_2074_4674,0,0,6.474263,123272,G2,CARD
TX_42_2075_5302,0,0,7.129096,344543,G1,UPI
TX_42_2076_8748,0,0,7.06404,327341,G3,UPI
TX_42_2077_6753,0,0,7.580886,88058,G2,CARD
TX_42_2078_6487,0,0,6.620645,175128,G2,UPI
TX_42_2079_3832,0,0,5.680766,272614,G2,CARD
TX_42_2080_7289,0,0,4.316082,142562,G1,UPI
TX_42_2081_4048,0,0,8.633995,214077,G1,UPI
TX_42_2083_6553,0,0,8.588441,154788,G1,UPI
TX_42_2084_1801,0,0,8.280357,391912,G2,UPI
TX_42_2085_1850,0,0,5.946997,190553,G2,UPI
TX_42_2086_5906,0,0,8.357076,126342,G2,UPI
TX_42_2087_2988,0,0,6.353972,185855,G1,UPI
TX_42_2088_8915,0,0,7.628203,263768,G2,UPI
TX_42_2089_3839,1,1,254.532746,62929,G1,UPI
TX_42_208_4541,0,0,6.088285,180701,G1,UPI
TX_42_2090_4475,1,1,49.118582,129107,G1,UPI
TX_42_2091_3959,0,0,5.754543,200190,G4,UPI
TX_42_2092_3380,0,0,9.004084,324956,G2,WALLET
TX_42_2093_3736,0,0,6.219137,331667,G3,CARD
TX_42_2095_1279,0,0,6.114698,53214,G1,CARD
TX_42_2096_6678,1,1,266.601065,291098,G1,CARD
TX_42_2097_3590,0,0,8.383804,294287,G2,CARD
TX_42_2099_8703,0,0,7.431721,328215,G4,NETBANKING
TX_42_209_9736,0,0,7.2654,186581,G3,UPI
TX_42_20_2956,0,0,6.371074,433465,G1,WALLET
TX_42_2100_7152,0,0,5.8523,385483,G2,WALLET
TX_42_2101_3410,1,1,72.326323,334157,G1,CARD
TX_42_2102_5457,0,0,8.849626,106255,G2,CARD
TX_42_2103_2248,0,0,6.179304,213190,G1,NETBANKING
TX_42_2104_8035,0,0,6.777623,140644,G3,WALLET
TX_42_2105_2014,0,0,6.954935,229436,G1,UPI
TX_42_2106_8737,0,0,10.014513,81196,G2,UPI
TX_42_2107_4699,0,0,7.73148,201283,G1,WALLET
TX_42_2108_3613,0,0,5.238753,109738,G1,WALLET
TX_42_2109_1767,0,0,8.854376,128754,G2,NETBANKING
TX_42_210_6087,1,1,170.916162,117718,G3,UPI
TX_42_2112_2972,0,0,6.40363,137849,G2,UPI
TX_42_2113_7331,0,0,6.266143,233676,G4,CARD
TX_42_2114_4534,0,0,4.677574,151175,G1,UPI
TX_42_2116_9627,0,0,5.644011,397900,G1,CARD
TX_42_2117_4686,0,0,8.49116,306105,G1,UPI
TX_42_2118_2571,1,1,46.167704,79425,G1,UPI
TX_42_2119_2209,1,1,303.98795,308017,G2,CARD
TX_42_211_4349,0,0,6.902949,266047,G3,UPI
TX_42_2121_2456,0,0,6.657807,424099,G4,WALLET
TX_42_2122_9536,0,0,9.197014,78734,G1,WALLET
TX_42_2123_7146,0,0,7.27189,218539,G1,CARD
TX_42_2124_4166,1,1,81.164479,79318,G2,CARD
TX_42_2125_8200,0,0,7.621729,127879,G4,UPI
TX_42_2126_9441,0,0,8.287852,123302,G3,WALLET
TX_42_2127_8755,0,0,8.164671,214441,G4,UPI
TX_42_2128_5452,0,0,7.6081959999999995,115970,G1,CARD
TX_42_2129_4949,0,0,5.397369,150515,G2,CARD
TX_42_212_7772,0,0,5.626832,450179,G3,CARD
TX_42_2130_8310,0,0,7.764048,394597,G3,UPI
TX_42_2131_6229,0,0,6.223556,215318,G4,CARD
TX_42_2133_5471,0,0,7.728875,303204,G1,CARD
TX_42_2134_9192,1,1,75.446665,593157,G2,UPI
TX_42_2135_3749,0,0,6.042441,243676,G3,CARD
TX_42_2137_2747,0,0,6.008482,262816,G2,CARD
TX_42_2138_8819,1,1,227.522048,419799,G4,NETBANKING
TX_42_2139_5103,1,1,123.640053,280347,G4,UPI
TX_42_213_3322,0,0,8.446971,121473,G1,CARD
TX_42_2140_6594,0,0,5.501931,386124,G2,CARD
TX_42_2141_9797,1,1,158.685489,172071,G3,UPI
TX_42_2142_8905,0,0,4.289311,336617,G2,CARD
TX_42_2143_8562,0,0,9.67125,174391,G2,NETBANKING
TX_42_2144_3748,0,0,9.364442,276804,G3,UPI
TX_42_2147_6044,1,1,179.147097,182136,G4,CARD
TX_42_214_7668,0,0,6.230555,58897,G1,UPI
TX_42_2150_7327,0,0,7.521202,419542,G1,UPI
TX_42_2152_8564,0,0,6.170269,163569,G1,UPI
TX_42_2153_6262,0,0,5.400766,401700,G3,UPI
TX_42_2155_5971,0,0,8.336494,161465,G1,NETBANKING
TX_42_2157_4118,0,0,7.174878,314266,G1,UPI
TX_42_2158_5469,0,0,5.603222,157994,G2,CARD
TX_42_2159_2417,0,0,8.582843,115078,G2,CARD
TX_42_215_1329,0,0,4.825221,86769,G2,WALLET
TX_42_2160_8426,1,1,79.324454,77065,G1,UPI
TX_42_2161_7282,1,1,131.383364,146024,G2,UPI
TX_42_2162_3075,0,0,5.365002,216902,G3,UPI
TX_42_2163_6697,0,0,6.543978,225277,G2,CARD
TX_42_2164_9396,0,0,7.835612,120775,G1,CARD
TX_42_2165_9600,1,1,262.451549,157558,G2,UPI
TX_42_2166_7277,0,0,5.404761,298366,G3,UPI
TX_42_2167_6665,0,0,8.985429,335634,G1,CARD
TX_42_2168_1965,0,0,7.548635,67138,G3,UPI
TX_42_2169_4815,1,1,221.451925,284568,G2,UPI
TX_42_2170_9134,0,0,6.145203,168793,G1,CARD
TX_42_2171_7015,0,0,4.240368,660627,G1,CARD
TX_42_2172_6535,0,0,7.686763,285039,G1,CARD
TX_42_2173_9481,0,0,8.784876,166809,G1,UPI
TX_42_2174_7345,0,0,7.347509,75290,G3,UPI
TX_42_2175_2558,0,0,6.4929310000000005,133467,G2,UPI
TX_42_2176_5759,0,0,7.817386,170335,G2,CARD
TX_42_2177_1027,0,0,5.954283,169872,G2,CARD
TX_42_2178_1778,0,0,7.473719,378578,G2,UPI
TX_42_2179_5502,0,0,7.122808,338570,G2,CARD
TX_42_217_7111,0,0,5.658331,83923,G1,UPI
TX_42_2180_9471,1,1,18.210648,267008,G2,CARD
TX_42_2181_1291,0,0,6.821652,119709,G3,UPI
TX_42_2182_8777,0,0,3.634424,597464,G2,UPI
TX_42_2183_6913,1,1,69.340024,113478,G3,CARD
TX_42_2184_5159,0,0,6.688222,180270,G1,CARD
TX_42_2185_6765,0,0,7.397505,445160,G2,UPI
TX_42_2186_5377,0,0,6.411332,115639,G1,CARD
TX_42_2187_9924,1,1,42.76052,232412,G1,UPI
TX_42_2188_6836,0,0,4.465149,335522,G3,CARD
TX_42_2189_4444,0,0,5.434012,311235,G2,CARD
TX_42_218_7524,0,0,6.371363,349456,G2,UPI
TX_42_2190_2893,0,0,7.070978,157297,G1,CARD
TX_42_2191_3998,0,0,8.10509,402961,G1,CARD
TX_42_2192_9438,0,0,8.306039,499382,G4,CARD
TX_42_2195_9814,0,0,3.64928,383550,G1,WALLET
TX_42_2196_1675,0,0,9.122373,276148,G2,UPI
TX_42_2197_8544,0,0,5.543365,172129,G2,UPI
TX_42_2198_9710,0,0,4.669314,371167,G3,CARD
TX_42_2199_9545,0,0,8.935699,163116,G3,CARD
TX_42_219_1892,1,1,160.495774,512075,G2,CARD
TX_42_21_1961,0,0,8.855904,283635,G4,WALLET
TX_42_2200_9446,0,0,6.931858,52356,G2,UPI
TX_42_2201_9106,0,0,6.388626,487232,G2,CARD
TX_42_2202_9865,0,0,8.630999,179818,G1,UPI
TX_42_2203_2540,1,1,303.828795,92733,G4,CARD
TX_42_2204_9944,1,1,291.205855,483319,G1,CARD
TX_42_2205_2540,0,0,8.037337,296193,G1,UPI
TX_42_2206_5600,0,0,8.892355,477562,G4,UPI
TX_42_2207_6645,0,0,7.131473,179299,G3,UPI
TX_42_2209_1207,1,1,178.252503,240520,G2,WALLET
TX_42_2210_2622,1,1,166.014599,415536,G1,NETBANKING
TX_42_2211_9086,0,0,6.067119,203707,G2,UPI
TX_42_2213_5445,0,0,7.647779,380655,G1,UPI
TX_42_2214_5502,0,0,9.16187,394014,G2,CARD
TX_42_2215_7553,0,0,8.670707,308542,G2,CARD
TX_42_2216_6350,0,0,8.013479,134402,G2,CARD
TX_42_2217_2893,0,0,5.604753,79108,G3,UPI
TX_42_2219_6152,0,0,7.309396,243165,G1,UPI
TX_42_221_2725,0,0,8.158164,76757,G3,UPI
TX_42_2220_3827,0,0,6.797117,199933,G1,UPI
TX_42_2221_2832,1,1,73.489298,150651,G3,CARD
TX_42_2222_9031,0,0,6.707495,134339,G1,WALLET
TX_42_2224_4468,0,0,6.3567350000000005,202239,G1,UPI
TX_42_2225_9450,0,0,7.275439,230354,G1,NETBANKING
TX_42_2226_8911,1,1,60.935884,403342,G1,UPI
TX_42_2227_7017,0,0,5.386056,349616,G1,UPI
TX_42_2228_1442,0,0,6.079171,99791,G1,UPI
TX_42_2229_5829,0,0,8.099942,94936,G4,WALLET
TX_42_222_6902,0,0,7.784354,387424,G3,UPI
TX_42_2230_7024,1,1,283.836201,588253,G2,CARD
TX_42_2231_5288,1,1,312.731898,73314,G1,UPI
TX_42_2232_8413,0,0,7.127848,292857,G3,CARD
TX_42_2233_2648,0,0,5.8993079999999996,395149,G1,UPI
TX_42_2235_4574,0,0,8.615199,88790,G1,UPI
TX_42_2236_8076,0,0,8.957725,209289,G3,UPI
TX_42_2237_3881,0,0,5.874918,395899,G1,NETBANKING
TX_42_2238_7482,0,0,8.164851,425709,G1,WALLET
TX_42_2239_3390,0,0,6.620232,230409,G4,CARD
TX_42_223_3158,0,0,6.675321,217002,G1,UPI
TX_42_2242_9732,1,1,237.189726,430055,G2,UPI
TX_42_2244_7608,0,0,6.63698,112327,G1,NETBANKING
TX_42_2245_2425,0,0,6.696508,526291,G3,CARD
TX_42_2246_3960,1,1,31.833776,501988,G2,WALLET
TX_42_2247_7929,0,0,6.336517,105945,G2,UPI
TX_42_2248_8735,0,0,8.322048,361256,G4,CARD
TX_42_2249_1131,0,0,7.769948,520363,G1,UPI
TX_42_224_8872,1,1,120.101009,135116,G2,UPI
TX_42_2250_8790,0,0,6.36024,181704,G1,NETBANKING
TX_42_2251_2977,0,0,6.741907,210427,G2,WALLET
TX_42_2252_7642,1,1,71.637945,65339,G4,WALLET
TX_42_2255_1816,0,0,8.509001,277848,G2,CARD
TX_42_2256_5106,1,1,209.553929,105284,G4,NETBANKING
TX_42_2257_4942,1,1,79.103624,569118,G2,UPI
TX_42_2258_6464,0,0,8.204241,296711,G4,UPI
TX_42_2259_9928,0,0,6.737436,143198,G1,UPI
TX_42_225_9459,0,0,6.717839,117936,G2,UPI
TX_42_2260_1216,0,0,5.786537,151419,G3,CARD
TX_42_2261_8581,0,0,5.733796,168653,G4,NETBANKING
TX_42_2262_9651,0,0,6.626188,479239,G2,UPI
TX_42_2264_8171,0,0,7.871057,177300,G1,CARD
TX_42_2265_7935,1,1,20.453585,328878,G2,CARD
TX_42_2267_5728,0,0,7.919073,136852,G1,UPI
TX_42_2268_5833,1,1,81.560788,182276,G4,UPI
TX_42_2269_7337,0,0,5.741663,223274,G3,CARD
TX_42_226_5616,0,0,5.212425,286025,G2,UPI
TX_42_2271_6109,0,0,7.791247,200579,G2,UPI
TX_42_2273_9127,0,0,8.200373,52217,G2,NETBANKING
TX_42_2274_7747,0,0,5.351077,139428,G1,UPI
TX_42_2275_7394,0,0,5.253768,374127,G1,UPI
TX_42_2276_3803,0,0,8.527898,338482,G2,WALLET
TX_42_2277_9876,1,1,29.374808,329544,G2,CARD
TX_42_2278_3385,0,0,7.496519,251001,G1,UPI
TX_42_2279_1023,0,0,6.786818,58685,G1,CARD
TX_42_227_4399,0,0,6.286889,85781,G2,UPI
TX_42_2281_2750,0,0,5.155819,285071,G1,CARD
TX_42_2282_7668,0,0,6.199091,160333,G1,CARD
TX_42_2283_8043,0,0,4.912321,97451,G2,CARD
TX_42_2284_2591,0,0,6.078193,92825,G3,UPI
TX_42_2287_7820,0,0,8.022479,147934,G3,CARD
TX_42_2288_6060,0,0,6.729337,351788,G1,UPI
TX_42_2289_2313,0,0,5.248508,179011,G4,UPI
TX_42_228_2403,0,0,4.556562,158127,G1,UPI
TX_42_2290_5035,1,1,192.007534,293238,G2,UPI
TX_42_2291_9275,0,0,6.065502,89811,G1,UPI
TX_42_2295_6921,0,0,5.8214559999999995,217426,G2,UPI
TX_42_2298_1131,0,0,9.304592,185352,G2,CARD
TX_42_229_4653,0,0,8.437103,296619,G4,WALLET
TX_42_22_7316,0,0,5.170732,291003,G3,CARD
TX_42_2301_3620,0,0,6.05189,167683,G1,WALLET
TX_42_2302_2062,0,0,8.081821,111702,G3,WALLET
TX_42_2303_2613,1,1,235.626009,452503,G2,UPI
TX_42_2304_1138,0,0,8.285021,168023,G1,UPI
TX_42_2305_8078,0,0,7.509215,170740,G3,CARD
TX_42_2306_1242,0,0,8.765413,127110,G1,UPI
TX_42_2307_3958,1,1,138.876054,371321,G4,NETBANKING
TX_42_2309_2019,1,1,95.015556,224375,G3,UPI
TX_42_230_5394,0,0,7.482463,467760,G3,UPI
TX_42_2311_7094,0,0,7.637296,174419,G2,UPI
TX_42_2312_2673,0,0,6.029473,128833,G2,UPI
TX_42_2313_4990,0,0,4.693029,606005,G2,CARD
TX_42_2314_8484,0,0,6.205564,355165,G2,UPI
TX_42_2315_6704,0,0,7.2545020000000005,321211,G2,UPI
TX_42_2316_7893,0,0,5.697922,341544,G1,UPI
TX_42_2317_9406,1,1,96.885641,203656,G4,UPI
TX_42_2318_1376,0,0,6.661632,480368,G1,CARD
TX_42_2319_7485,0,0,6.687898,250199,G1,UPI
TX_42_231_8741,1,1,210.310101,374368,G4,CARD
TX_42_2320_1392,0,0,4.984504,444473,G1,UPI
TX_42_2322_8571,0,0,9.361637,153073,G2,CARD
TX_42_2323_5071,0,0,8.067835,191084,G1,CARD
TX_42_2324_8832,1,1,24.061348,455662,G2,UPI
TX_42_2325_2207,0,0,3.955015,177468,G1,UPI
TX_42_2326_7632,0,0,8.421327,485967,G2,CARD
TX_42_2327_4719,0,0,4.384087,192289,G1,UPI
TX_42_2328_8535,1,1,176.703359,120295,G2,UPI
TX_42_2329_8574,0,0,7.247619,160978,G3,CARD
TX_42_232_2186,0,0,6.289231,138587,G1,UPI
TX_42_2330_6605,0,0,4.341618,175823,G2,UPI
TX_42_2331_7062,0,0,10.828079,70474,G3,WALLET
TX_42_2333_6938,0,0,7.7627310000000005,166995,G3,UPI
TX_42_2334_1530,0,0,7.431089,264824,G2,UPI
TX_42_2335_2198,0,0,5.197645,385134,G3,UPI
TX_42_2337_5009,0,0,6.710189,374168,G1,UPI
TX_42_2338_1812,0,0,7.655734,228277,G2,UPI
TX_42_2339_2528,0,0,6.786348,292224,G2,UPI
TX_42_2341_7712,1,1,172.05475,294667,G1,NETBANKING
TX_42_2342_6751,0,0,5.8529160000000005,315260,G3,UPI
TX_42_2343_6504,1,1,269.081399,385404,G1,NETBANKING
TX_42_2346_6336,0,0,5.801062,399363,G1,CARD
TX_42_2347_2487,0,0,5.903102,138615,G1,UPI
TX_42_2348_9375,0,0,5.549265,167479,G2,NETBANKING
TX_42_2349_1473,1,1,86.965909,468838,G1,CARD
TX_42_234_8378,0,0,8.104226,105976,G2,UPI
TX_42_2350_7415,0,0,7.784226,523894,G1,UPI
TX_42_2351_1390,0,0,3.941675,146719,G1,UPI
TX_42_2352_6514,1,1,142.408058,346662,G3,UPI
TX_42_2353_2851,0,0,7.529117,327558,G1,WALLET
TX_42_2354_7842,0,0,7.725577,262940,G3,UPI
TX_42_2355_2666,0,0,7.607114,448621,G1,UPI
TX_42_2357_4637,0,0,6.901863,253137,G4,CARD
TX_42_2358_6615,0,0,5.33927,213320,G1,WALLET
TX_42_235_9903,0,0,7.676802,98323,G2,CARD
TX_42_2360_9615,0,0,9.117304,157522,G4,CARD
TX_42_2362_2184,0,0,4.484697,265746,G1,UPI
TX_42_2363_7373,0,0,6.470417,237458,G2,UPI
TX_42_2364_5363,0,0,10.541681,233001,G1,CARD
TX_42_2365_3115,0,0,6.73867,109618,G3,UPI
TX_42_2366_1934,0,0,5.571294,463769,G3,UPI
TX_42_2368_2084,0,0,6.948285,63408,G2,CARD
TX_42_236_6769,0,0,6.225223,165427,G1,CARD
TX_42_2370_3936,1,1,95.859113,187967,G1,CARD
TX_42_2371_4808,0,0,5.74397,370617,G3,CARD
TX_42_2373_4379,0,0,5.469969,39937,G2,UPI
TX_42_2374_6403,0,0,8.821823,219964,G1,WALLET
TX_42_2375_3587,0,0,8.440923,49496,G1,NETBANKING
TX_42_2377_6249,1,1,150.346485,183146,G3,CARD
TX_42_2378_1199,0,0,6.814593,138866,G4,CARD
TX_42_2379_3965,0,0,7.602666,99664,G1,UPI
TX_42_237_1986,0,0,8.07595,253075,G4,UPI
TX_42_2380_2711,0,0,7.481066,85824,G1,CARD
TX_42_2382_1407,0,0,6.000701,402139,G2,CARD
TX_42_2383_8472,0,0,5.980446,70076,G1,UPI
TX_42_2384_2344,0,0,7.153033,100895,G4,UPI
TX_42_2385_5974,0,0,8.745138,100282,G3,CARD
TX_42_2386_7601,0,0,7.455198,510194,G2,WALLET
TX_42_2387_5668,0,0,8.666356,185724,G2,CARD
TX_42_2389_6785,0,0,6.182965,158624,G3,UPI
TX_42_238_4081,0,0,4.854182,256758,G2,NETBANKING
TX_42_2390_8404,0,0,6.780591,431489,G4,UPI
TX_42_2391_5200,1,1,274.77733,244359,G2,CARD
TX_42_2394_4119,0,0,8.864173,156934,G4,UPI
TX_42_2395_6015,0,0,8.30523,245722,G4,CARD
TX_42_2397_7104,0,0,9.360195,413211,G2,CARD
TX_42_2398_3888,0,0,7.738141,156924,G1,NETBANKING
TX_42_2399_3206,0,0,8.580434,606361,G1,UPI
TX_42_239_2088,0,0,8.028653,76830,G2,NETBANKING
TX_42_23_5906,0,0,9.069976,167042,G4,UPI
TX_42_2401_8645,1,1,209.163726,383844,G2,UPI
TX_42_2402_8977,0,0,5.066417,338623,G1,UPI
TX_42_2403_5388,1,1,26.438886,394668,G2,UPI
TX_42_2404_7035,1,1,39.71549,597395,G2,NETBANKING
TX_42_2405_7482,0,0,7.665448,160589,G1,UPI
TX_42_2406_4069,0,0,7.868122,192554,G2,UPI
TX_42_2407_4638,0,0,4.357535,388818,G1,CARD
TX_42_2408_3253,0,0,4.153722,412008,G3,CARD
TX_42_2409_3423,0,0,7.648884,341851,G1,UPI
TX_42_240_5725,0,0,3.914281,349367,G1,UPI
TX_42_2410_5927,0,0,7.320227,255776,G1,UPI
TX_42_2411_3133,0,0,4.955108,356161,G1,UPI
TX_42_2412_8432,0,0,8.199186,173080,G1,UPI
TX_42_2413_5901,0,0,6.150234,263311,G1,WALLET
TX_42_2414_9752,0,0,6.578272,379232,G3,UPI
TX_42_2415_6498,0,0,6.968855,478994,G2,UPI
TX_42_2416_1050,1,1,111.714429,331952,G1,UPI
TX_42_2417_7456,0,0,7.678109,277867,G4,CARD
TX_42_2419_8183,0,0,7.390655,488849,G3,CARD
TX_42_241_1256,0,0,10.255118,390500,G2,UPI
TX_42_2420_5834,1,1,267.100821,426317,G1,WALLET
TX_42_2423_3454,0,0,5.656499,259894,G2,CARD
TX_42_2424_3408,0,0,6.123273,388359,G3,UPI
TX_42_2426_7783,0,0,4.498581,190827,G1,CARD
TX_42_2427_5948,0,0,8.115524,411191,G1,UPI
TX_42_2428_2457,0,0,7.906667,318589,G1,WALLET
TX_42_2429_5677,0,0,6.085876,242673,G2,WALLET
TX_42_242_8616,0,0,9.047643,154779,G1,CARD
TX_42_2430_1201,0,0,7.099564,227362,G3,NETBANKING
TX_42_2431_6593,0,0,5.927092,119138,G1,CARD
TX_42_2432_1052,1,1,274.944756,80500,G3,UPI
TX_42_2434_1783,0,0,7.66207,205282,G3,UPI
TX_42_2435_1810,0,0,7.459922,212989,G4,UPI
TX_42_2436_7592,0,0,7.675534,135736,G2,UPI
TX_42_2437_7278,0,0,8.412288,246960,G2,UPI
TX_42_2438_1532,0,0,4.555358,82503,G2,CARD
TX_42_2439_8072,0,0,4.316917,166696,G1,CARD
TX_42_2440_8915,0,0,5.747541,191746,G3,UPI
TX_42_2441_6232,1,1,101.350725,188464,G3,UPI
TX_42_2442_4608,0,0,4.608611,78582,G1,WALLET
TX_42_2443_2484,0,0,3.8970979999999997,336293,G2,UPI
TX_42_2444_2345,0,0,7.003147,115359,G3,CARD
TX_42_2445_6599,0,0,9.971658,77676,G2,UPI
TX_42_2446_1587,0,0,7.093428,137421,G3,UPI
TX_42_2447_7616,0,0,4.935595,175722,G3,UPI
TX_42_2448_2164,0,0,8.750711,402768,G1,WALLET
TX_42_2449_3139,0,0,8.178938,190645,G3,CARD
TX_42_244_4644,0,0,6.31995,154499,G2,UPI
TX_42_2450_6976,0,0,7.927851,320281,G4,UPI
TX_42_2451_4892,0,0,5.670538,311829,G4,CARD
TX_42_2452_4086,1,1,77.970219,109431,G1,UPI
TX_42_2453_6365,0,0,7.50502,128664,G3,UPI
TX_42_2456_2612,0,0,6.769897,460909,G2,WALLET
TX_42_2457_8246,0,0,7.117154,275910,G2,WALLET
TX_42_2458_1045,0,0,8.444041,99679,G3,UPI
TX_42_2459_6874,0,0,7.150091,114587,G4,UPI
TX_42_245_5568,0,0,7.333422,273589,G4,UPI
TX_42_2460_9014,0,0,7.771177,213263,G3,NETBANKING
TX_42_2461_1620,0,0,9.345221,195194,G2,UPI
TX_42_2463_2724,0,0,7.372219,460178,G4,WALLET
TX_42_2464_8194,0,0,9.118615,92642,G1,CARD
TX_42_2465_8742,0,0,6.395046,220000,G3,UPI
TX_42_2466_6735,0,0,7.15394,310785,G1,CARD
TX_42_2467_8271,0,0,8.483015,437249,G2,NETBANKING
TX_42_2468_8888,0,0,7.26198,187913,G3,WALLET
TX_42_2469_5755,0,0,7.597202,194693,G1,UPI
TX_42_246_2359,0,0,6.142028,448118,G1,CARD
TX_42_2470_7396,1,1,26.652485,337991,G2,NETBANKING
TX_42_2471_2405,0,0,5.392542,287566,G2,UPI
TX_42_2472_5399,0,0,4.996258,75615,G1,NETBANKING
TX_42_2473_2197,0,0,4.399545,188071,G1,CARD
TX_42_2474_4798,1,1,189.103332,139117,G2,UPI
TX_42_2475_7423,1,1,35.191101,404977,G2,UPI
TX_42_2476_5337,0,0,5.114528,197287,G1,CARD
TX_42_2477_2281,0,0,6.70083,320185,G1,UPI
TX_42_247_9650,0,0,4.221689,409128,G4,CARD
TX_42_2480_9582,0,0,6.353873,293442,G3,UPI
TX_42_2481_9183,0,0,6.879787,205393,G1,UPI
TX_42_2483_2307,0,0,6.005634,486295,G1,UPI
TX_42_2486_2360,0,0,7.474946,378667,G2,NETBANKING
TX_42_2487_5734,0,0,7.352591,532647,G2,NETBANKING
TX_42_2488_5752,0,0,5.886603,116294,G3,CARD
TX_42_2489_9993,1,1,210.439035,408886,G2,UPI
TX_42_248_7709,0,0,4.823534,365915,G2,UPI
TX_42_2490_1364,0,0,5.280983,178750,G2,NETBANKING
TX_42_2491_9156,0,0,8.283736,99006,G2,UPI
TX_42_2492_2511,0,0,7.015208,168790,G1,WALLET
TX_42_2495_9574,0,0,7.224017,408507,G1,UPI
TX_42_2496_2781,0,0,10.171654,399417,G2,UPI
TX_42_2498_3949,0,0,6.826771,263253,G3,UPI
TX_42_249_8641,0,0,7.427596,601508,G1,UPI
TX_42_24_8483,0,0,9.01048,105248,G1,UPI
TX_42_2500_3480,0,0,9.817921,324714,G1,NETBANKING
TX_42_2501_4263,0,0,9.697721,372104,G1,CARD
TX_42_2503_6800,0,0,7.549176,510206,G3,WALLET
TX_42_2504_3542,0,0,8.123112,419251,G1,CARD
TX_42_2505_6612,0,0,11.031147,436722,G2,WALLET
TX_42_2506_2137,0,0,9.818443,245234,G3,UPI
TX_42_2507_1379,0,0,4.532086,414331,G3,WALLET
TX_42_2509_4845,0,0,8.166498,243355,G2,UPI
TX_42_250_1556,0,0,6.465853,195320,G2,UPI
TX_42_2510_1978,0,0,6.77819,486620,G1,UPI
TX_42_2511_7652,0,0,6.952096,613606,G4,UPI
TX_42_2512_4778,1,1,150.785244,497550,G1,CARD
TX_42_2514_5786,0,0,10.211543,142789,G2,NETBANKING
TX_42_2515_9423,0,0,7.827171,282582,G2,CARD
TX_42_2516_1269,0,0,6.562025,214236,G3,WALLET
TX_42_2517_9964,0,0,6.358518,416676,G1,UPI
TX_42_2518_7654,0,0,7.660567,328112,G2,UPI
TX_42_2519_8543,1,1,70.887547,420847,G2,UPI
TX_42_251_2986,0,0,7.888569,288393,G3,CARD
TX_42_2520_8417,0,0,8.334937,166802,G1,CARD
TX_42_2522_8579,0,0,5.328442,564785,G4,UPI
TX_42_2523_6840,1,1,118.632558,380206,G2,UPI
TX_42_2524_8487,1,1,193.43988,161770,G3,NETBANKING
TX_42_2525_6770,0,0,8.404882,90534,G1,UPI
TX_42_2526_8238,0,0,4.989331,115083,G2,CARD
TX_42_2527_7492,0,0,5.565734,416368,G4,UPI
TX_42_2528_5896,1,1,264.750742,232951,G2,CARD
TX_42_2529_3907,1,1,55.410313,238249,G1,UPI
TX_42_252_5483,0,0,7.721929,249206,G1,NETBANKING
TX_42_2530_3073,0,0,10.338563,417793,G1,CARD
TX_42_2532_1671,0,0,9.742314,520549,G3,UPI
TX_42_2533_3162,0,0,6.51233,373820,G1,UPI
TX_42_2534_3216,0,0,6.788922,409909,G4,UPI
TX_42_2535_7873,1,1,208.213656,185014,G1,CARD
TX_42_2536_6847,0,0,5.611944,320946,G1,UPI
TX_42_2537_5494,0,0,6.013137,412798,G1,UPI
TX_42_2539_8922,0,0,5.655359,187720,G3,CARD
TX_42_253_4218,0,0,10.661024,465375,G3,CARD
TX_42_2540_3890,1,1,283.465043,562547,G1,UPI
TX_42_2541_3545,0,0,7.58773,118171,G2,UPI
TX_42_2542_5938,0,0,5.543687,466898,G1,UPI
TX_42_2543_5600,0,0,5.054572,388393,G2,CARD
TX_42_2544_6265,0,0,5.877963,281873,G3,UPI
TX_42_2545_2286,0,0,7.032157,110748,G1,UPI
TX_42_2546_4115,0,0,6.674691,219164,G2,UPI
TX_42_254_6790,0,0,6.468188,214639,G2,CARD
TX_42_2550_5105,0,0,6.772412,57271,G3,CARD
TX_42_2551_8157,0,0,6.558223,351207,G3,UPI
TX_42_2553_9735,1,1,165.672349,405945,G1,UPI
TX_42_2554_2978,0,0,5.980199,246225,G1,WALLET
TX_42_2555_8297,1,1,70.901226,313719,G3,CARD
TX_42_2556_1302,0,0,7.955617,489823,G1,CARD
TX_42_255_8287,0,0,5.446583,181505,G3,UPI
TX_42_2560_8937,0,0,7.672954,69971,G2,CARD
TX_42_2561_7748,0,0,5.796222,179975,G3,UPI
TX_42_2562_6171,0,0,8.425851,203757,G4,UPI
TX_42_2563_9886,0,0,6.843757,450209,G2,WALLET
TX_42_2564_6092,0,0,9.178583,205129,G3,WALLET
TX_42_2565_3697,0,0,8.945683,146759,G3,UPI
TX_42_2566_7090,0,0,6.055371,440464,G2,NETBANKING
TX_42_2567_4177,0,0,7.9255759999999995,284750,G2,WALLET
TX_42_2568_3584,0,0,7.21346,225207,G3,CARD
TX_42_2569_1369,0,0,7.087735,144951,G1,CARD
TX_42_256_1929,0,0,6.489623,169319,G1,CARD
TX_42_2570_3115,0,0,4.074397,257384,G3,NETBANKING
TX_42_2571_5105,0,0,5.231886,215202,G2,UPI
TX_42_2572_3398,0,0,8.217341,314614,G1,NETBANKING
TX_42_2573_6392,0,0,9.186841,380549,G3,UPI
TX_42_2574_9988,0,0,8.364769,228953,G2,UPI
TX_42_2576_7395,1,1,202.902585,276903,G3,CARD
TX_42_2577_7315,0,0,3.063945,81178,G3,CARD
TX_42_2580_6746,0,0,5.335488,235717,G4,NETBANKING
TX_42_2581_5385,1,1,76.772914,585870,G3,UPI
TX_42_2582_3043,0,0,7.260432,135673,G1,UPI
TX_42_2583_1157,0,0,7.426834,101369,G2,UPI
TX_42_2584_3385,0,0,5.292965,87838,G3,UPI
TX_42_2585_3600,0,0,6.341951,263257,G1,UPI
TX_42_2586_4904,0,0,6.755027,154970,G4,CARD
TX_42_2588_6390,0,0,8.085937,421711,G3,CARD
TX_42_258_1897,0,0,4.877895,366198,G3,CARD
TX_42_2590_2972,0,0,7.179926,425457,G3,UPI
TX_42_2592_1886,0,0,3.821056,370977,G3,UPI
TX_42_2593_3794,0,0,4.483135,218536,G1,UPI
TX_42_2594_1957,0,0,7.46681,214752,G1,CARD
TX_42_2595_3305,1,1,65.943519,159225,G1,UPI
TX_42_2596_2542,0,0,6.833913,115994,G1,CARD
TX_42_2597_4201,0,0,8.889194,290591,G4,UPI
TX_42_2598_2200,0,0,7.185021,273582,G3,CARD
TX_42_2599_1969,0,0,7.83352,154000,G1,UPI
TX_42_25_4561,0,0,6.889133,280430,G1,UPI
TX_42_2600_2488,1,1,179.806576,219244,G1,UPI
TX_42_2602_5127,0,0,6.165228,240302,G1,UPI
TX_42_2603_3940,0,0,9.453637,386274,G3,UPI
TX_42_2604_6992,0,0,5.188563,331087,G3,NETBANKING
TX_42_2605_4184,1,1,291.195151,420524,G1,UPI
TX_42_2606_1970,0,0,5.653741,422847,G1,CARD
TX_42_2607_3576,0,0,5.434923,132056,G3,CARD
TX_42_2608_8881,0,0,4.660812,161461,G1,UPI
TX_42_2609_9227,0,0,8.799727,438737,G2,UPI
TX_42_260_5099,1,1,62.22935,388944,G2,UPI
TX_42_2610_2531,0,0,7.354518,362416,G4,UPI
TX_42_2611_9572,0,0,8.721265,386378,G3,CARD
TX_42_2612_1342,0,0,4.353211,47108,G2,UPI
TX_42_2613_4103,0,0,8.014737,120936,G1,UPI
TX_42_2614_1640,0,0,6.531039,196689,G3,WALLET
TX_42_2615_6933,0,0,3.158731,411272,G1,NETBANKING
TX_42_2616_2925,0,0,7.601224,89972,G2,WALLET
TX_42_2617_9514,0,0,6.364223,342883,G1,CARD
TX_42_2618_8008,0,0,7.734565,284039,G4,CARD
TX_42_2620_3899,1,1,28.231517,367172,G2,CARD
TX_42_2622_3751,1,1,36.058693,130205,G1,UPI
TX_42_2624_5373,0,0,8.556817,383801,G1,UPI
TX_42_2625_7991,0,0,7.076286,402404,G4,UPI
TX_42_2626_2920,0,0,8.859523,118191,G1,CARD
TX_42_2627_3314,0,0,7.351503,159539,G4,UPI
TX_42_2628_7023,0,0,8.30271,491528,G2,CARD
TX_42_2629_2527,0,0,7.6306270000000005,82550,G3,WALLET
TX_42_262_9399,0,0,8.515711,104542,G1,NETBANKING
TX_42_2630_9417,0,0,9.987678,440110,G1,NETBANKING
TX_42_2632_8645,0,0,3.089522,432330,G1,UPI
TX_42_2633_9452,0,0,6.84798,106966,G1,UPI
TX_42_2635_3058,0,0,7.950196,63724,G2,CARD
TX_42_2636_7872,0,0,7.976856,234770,G3,WALLET
TX_42_2637_1926,0,0,4.69414,130491,G2,UPI
TX_42_2638_7818,1,1,263.979545,166843,G1,UPI
TX_42_2639_6765,0,0,8.053573,383100,G1,UPI
TX_42_263_4409,0,0,9.974077,496001,G1,WALLET
TX_42_2640_4116,0,0,4.67507,142794,G2,UPI
TX_42_2641_4096,0,0,4.573539,171907,G1,UPI
TX_42_2642_4774,1,1,72.979817,223536,G2,UPI
TX_42_2643_5107,1,1,181.663606,84237,G1,CARD
TX_42_2646_2557,0,0,6.325736,483672,G2,UPI
TX_42_2647_2751,0,0,7.384672,311080,G4,CARD
TX_42_2648_9419,0,0,7.901852,114313,G4,NETBANKING
TX_42_2649_7737,0,0,3.649607,144763,G1,CARD
TX_42_264_8829,1,1,181.326369,349737,G4,WALLET
TX_42_2650_6045,0,0,6.9281690000000005,509476,G2,UPI
TX_42_2651_6927,0,0,6.411538,207097,G3,CARD
TX_42_2652_3971,0,0,5.566765,165476,G2,CARD
TX_42_2653_4277,0,0,7.251681,391164,G3,UPI
TX_42_2654_6770,0,0,7.019234,125464,G4,UPI
TX_42_2656_8851,0,0,5.893032,141938,G2,WALLET
TX_42_2657_6035,0,0,7.186433,159212,G3,NETBANKING
TX_42_2658_1649,0,0,7.02173,150387,G1,NETBANKING
TX_42_2659_5177,0,0,9.600468,280757,G2,CARD
TX_42_265_3273,0,0,7.829796,426361,G3,NETBANKING
TX_42_2660_2350,0,0,5.226381,175427,G1,NETBANKING
TX_42_2661_6493,0,0,6.450506,369256,G3,CARD
TX_42_2662_6411,0,0,9.114821,167884,G1,UPI
TX_42_2663_3154,0,0,8.377886,194835,G1,UPI
TX_42_2664_8892,0,0,5.815594,49850,G2,WALLET
TX_42_2665_9882,0,0,6.5887270000000004,326142,G3,UPI
TX_42_2669_7335,0,0,6.006831,67389,G1,CARD
TX_42_2672_3258,0,0,3.763454,203269,G3,UPI
TX_42_2673_5653,0,0,6.10656,276551,G3,CARD
TX_42_2675_5245,0,0,9.833336,288885,G3,NETBANKING
TX_42_2676_9027,0,0,9.191552,157660,G1,UPI
TX_42_2677_8101,0,0,7.480203,130712,G2,CARD
TX_42_2678_6913,0,0,5.691544,337005,G3,UPI
TX_42_2679_4516,0,0,8.662036,257642,G1,UPI
TX_42_267_8678,0,0,7.172526,164191,G2,UPI
TX_42_2680_4982,0,0,7.824098,125391,G1,CARD
TX_42_2681_1786,0,0,9.89106,249055,G3,WALLET
TX_42_2683_8622,0,0,8.632390000000001,327040,G1,WALLET
TX_42_2684_1584,0,0,8.494504,355185,G3,UPI
TX_42_2685_6750,1,1,271.728569,470565,G1,UPI
TX_42_2686_2148,1,1,216.341949,59809,G2,UPI
TX_42_2687_6132,1,1,91.204249,128086,G1,UPI
TX_42_2688_7183,0,0,5.770398,408470,G3,UPI
TX_42_2689_6452,1,1,217.327071,515613,G1,UPI
TX_42_2690_5708,0,0,9.325927,178921,G2,CARD
TX_42_2691_5832,0,0,5.560167,173905,G4,NETBANKING
TX_42_2692_9236,0,0,6.379037,130366,G1,CARD
TX_42_2694_2578,0,0,9.839199,449503,G3,CARD
TX_42_2695_6739,0,0,8.623819,265769,G4,CARD
TX_42_2696_3068,0,0,6.390466,426970,G4,WALLET
TX_42_2697_2154,0,0,8.36358,90716,G2,CARD
TX_42_2698_3672,0,0,7.36389,403280,G4,UPI
TX_42_2699_8398,0,0,4.858498,92449,G1,WALLET
TX_42_269_1329,0,0,7.265707,74522,G1,NETBANKING
TX_42_26_7197,0,0,5.75319,135377,G1,CARD
TX_42_2700_7435,0,0,7.300155,420304,G3,CARD
TX_42_2701_2400,0,0,4.545532,422931,G2,CARD
TX_42_2702_5904,1,1,264.934514,102830,G1,UPI
TX_42_2703_5843,0,0,5.958726,72489,G2,UPI
TX_42_2704_4237,0,0,6.982738,398858,G2,WALLET
TX_42_2705_7839,0,0,7.906129,176552,G2,UPI
TX_42_2706_6574,0,0,4.559347,353073,G1,CARD
TX_42_2707_8774,0,0,6.304521,236846,G2,UPI
TX_42_2709_1850,0,0,5.608201,311328,G2,UPI
TX_42_270_4670,0,0,4.723243,298378,G2,NETBANKING
TX_42_2710_8462,0,0,7.736697,397099,G1,UPI
TX_42_2711_4562,0,0,9.239218,220903,G1,CARD
TX_42_2712_8654,0,0,6.355035,498994,G3,CARD
TX_42_2713_7912,0,0,6.510682,476896,G2,UPI
TX_42_2714_8201,0,0,5.008856,153668,G1,UPI
TX_42_2715_1321,1,1,84.291967,328595,G1,CARD
TX_42_2716_6238,0,0,5.862706,514977,G2,UPI
TX_42_2718_3963,0,0,10.452425999999999,457191,G3,UPI
TX_42_2719_8381,0,0,4.8664380000000005,312268,G3,CARD
TX_42_271_2329,1,1,159.840614,148351,G1,CARD
TX_42_2720_2718,0,0,7.615422,367363,G1,WALLET
TX_42_2721_3662,0,0,5.022107,122720,G1,CARD
TX_42_2723_9908,0,0,8.72106,325283,G3,UPI
TX_42_2724_7298,0,0,7.6565069999999995,120585,G1,UPI
TX_42_2725_7429,0,0,7.826315,184437,G1,UPI
TX_42_2726_8297,0,0,8.137663,53937,G4,UPI
TX_42_2727_2820,0,0,7.598353,85450,G1,CARD
TX_42_2728_7163,0,0,8.465594,458367,G1,CARD
TX_42_2729_3023,0,0,6.5984490000000005,211126,G3,UPI
TX_42_2731_3807,0,0,8.343902,445765,G3,CARD
TX_42_2732_1197,0,0,7.586994,191257,G2,UPI
TX_42_2733_8627,0,0,6.753106,99994,G2,UPI
TX_42_2734_8181,0,0,9.160354,423994,G1,CARD
TX_42_2735_1915,1,1,228.375101,329296,G3,WALLET
TX_42_2736_9914,0,0,6.835507,51180,G2,NETBANKING
TX_42_2737_6586,0,0,6.534254,129949,G4,NETBANKING
TX_42_2738_7728,0,0,8.515639,356080,G2,UPI
TX_42_2739_3901,0,0,5.219574,338438,G3,UPI
TX_42_273_2340,0,0,7.454366,354779,G4,CARD
TX_42_2740_7158,0,0,8.370665,202670,G1,WALLET
TX_42_2741_1641,1,1,142.232353,294472,G1,CARD
TX_42_2743_6484,0,0,7.8729130000000005,485998,G2,UPI
TX_42_2745_7780,0,0,5.697025,507924,G2,CARD
TX_42_2746_7945,1,1,247.820129,112915,G2,UPI
TX_42_2747_1697,0,0,8.1369,484336,G3,CARD
TX_42_2748_8505,1,1,179.122262,498118,G1,UPI
TX_42_2749_3012,0,0,6.147732,161484,G4,WALLET
TX_42_274_9494,0,0,9.697405,302460,G1,WALLET
TX_42_2751_8753,0,0,8.01299,440008,G1,CARD
TX_42_2752_3661,0,0,6.70598,73419,G4,NETBANKING
TX_42_2754_9363,0,0,6.1247489999999996,36945,G1,WALLET
TX_42_2756_7596,0,0,7.854751,104861,G3,UPI
TX_42_2757_3111,0,0,7.398673,312942,G2,UPI
TX_42_2758_9935,0,0,3.188008,214562,G2,CARD
TX_42_2759_4220,0,0,5.185829,134951,G2,CARD
TX_42_275_1430,0,0,5.054918,154767,G2,UPI
TX_42_2760_1717,0,0,5.814797,340744,G2,CARD
TX_42_2761_1560,0,0,7.200234,169215,G3,UPI
TX_42_2762_8379,1,1,85.95186,282337,G1,WALLET
TX_42_2763_5550,0,0,8.022112,398688,G3,CARD
TX_42_2764_1819,0,0,6.424449,362071,G3,UPI
TX_42_2765_1586,1,1,159.547207,496068,G2,UPI
TX_42_2768_5438,0,0,8.7536,224530,G3,NETBANKING
TX_42_2769_4329,1,1,259.658845,261490,G2,WALLET
TX_42_276_6558,0,0,6.453165,133006,G3,UPI
TX_42_2771_5830,0,0,4.218647,402087,G3,WALLET
TX_42_2772_2532,0,0,3.925427,149236,G3,WALLET
TX_42_2773_9902,0,0,6.625586,265720,G4,UPI
TX_42_2774_5187,0,0,9.479975,223635,G3,WALLET
TX_42_2775_6755,0,0,5.972527,383939,G1,UPI
TX_42_2776_6191,0,0,8.526264,370426,G3,NETBANKING
TX_42_2777_3969,0,0,7.624919,95503,G2,UPI
TX_42_2778_9929,0,0,8.67132,38341,G2,NETBANKING
TX_42_2779_5307,0,0,5.207777,134859,G3,UPI
TX_42_2780_8687,0,0,8.009957,134687,G2,UPI
TX_42_2781_3723,0,0,9.724999,387615,G4,CARD
TX_42_2782_3240,1,1,29.060231,217184,G2,CARD
TX_42_2783_2259,0,0,8.374853,530569,G2,CARD
TX_42_2784_3269,0,0,6.2436679999999996,198097,G1,UPI
TX_42_2785_4409,0,0,5.560736,258105,G2,UPI
TX_42_2786_7276,0,0,8.71806,306585,G1,UPI
TX_42_2787_6874,0,0,4.778526,83901,G1,NETBANKING
TX_42_2789_9996,0,0,4.774896,406767,G4,NETBANKING
TX_42_278_9216,0,0,7.424718,367958,G1,CARD
TX_42_2790_7231,0,0,6.999408,100284,G1,UPI
TX_42_2792_6715,0,0,8.601499,153825,G3,UPI
TX_42_2793_7147,0,0,7.645375,363420,G1,CARD
TX_42_2795_7992,1,1,106.400643,111392,G1,UPI
TX_42_2798_7701,0,0,5.487536,194617,G2,CARD
TX_42_2799_9874,0,0,9.421294,418384,G3,UPI
TX_42_27_3330,0,0,6.216113,501037,G4,UPI
TX_42_2800_1826,0,0,10.24064,238783,G3,CARD
TX_42_2801_6401,0,0,7.550946,293545,G1,UPI
TX_42_2802_9810,0,0,7.748579,296076,G1,NETBANKING
TX_42_2804_7616,0,0,8.15799,472372,G4,UPI
TX_42_2805_5680,1,1,190.094831,106710,G3,UPI
TX_42_2806_3748,0,0,6.625414,528920,G1,CARD
TX_42_2807_8009,0,0,4.474419,192615,G3,NETBANKING
TX_42_2808_5858,0,0,8.630279999999999,86342,G2,CARD
TX_42_2809_8898,0,0,8.629962,288227,G1,WALLET
TX_42_280_1889,0,0,7.777264,341838,G2,UPI
TX_42_2811_9811,0,0,7.207059,553918,G2,UPI
TX_42_2813_4903,0,0,4.332243,241208,G3,UPI
TX_42_2814_7390,0,0,7.328047,115332,G1,UPI
TX_42_2815_4538,0,0,7.431236,450258,G1,UPI
TX_42_2816_1557,0,0,7.608831,193067,G3,UPI
TX_42_2817_4939,1,1,95.380943,380318,G2,WALLET
TX_42_2818_8021,0,0,9.663237,402367,G4,CARD
TX_42_2819_5532,0,0,5.479501,123512,G3,UPI
TX_42_281_3415,0,0,4.92722,191903,G2,UPI
TX_42_2820_8963,0,0,8.508984,229412,G2,UPI
TX_42_2821_7677,0,0,6.26436,254633,G3,UPI
TX_42_2822_5261,0,0,8.015195,163154,G1,WALLET
TX_42_2824_7674,0,0,5.867042,153170,G3,UPI
TX_42_2825_2747,0,0,8.086512,328422,G1,CARD
TX_42_2826_2211,0,0,5.72433,154094,G3,UPI
TX_42_2827_2791,0,0,6.082003,271401,G2,UPI
TX_42_2828_1343,0,0,6.906815,287816,G4,UPI
TX_42_2829_1677,0,0,7.6597,495601,G1,CARD
TX_42_282_9047,0,0,6.996996,290427,G2,NETBANKING
TX_42_2831_5534,0,0,7.939535,328579,G3,NETBANKING
TX_42_2833_1049,0,0,6.178132,321484,G1,CARD
TX_42_2834_4510,0,0,8.968307,230549,G1,CARD
TX_42_2835_9038,0,0,8.072395,187268,G1,CARD
TX_42_2836_3966,0,0,6.043364,215102,G1,UPI
TX_42_2837_7470,1,1,150.099204,500409,G1,WALLET
TX_42_2838_3530,0,0,10.696107,293030,G1,CARD
TX_42_2839_9682,0,0,6.671187,364242,G2,WALLET
TX_42_283_9015,1,1,217.161177,142942,G1,UPI
TX_42_2841_7883,0,0,6.712016,245122,G3,CARD
TX_42_2842_6469,0,0,6.562149,323411,G1,CARD
TX_42_2843_6355,0,0,5.407201,50304,G1,NETBANKING
TX_42_2846_8773,0,0,5.228083,353254,G1,WALLET
TX_42_2847_3675,0,0,5.084913,400712,G2,NETBANKING
TX_42_2848_8077,0,0,7.296534,297997,G1,UPI
TX_42_284_8218,1,1,174.432362,282175,G2,UPI
TX_42_2850_6147,0,0,8.214147,453019,G2,CARD
TX_42_2851_3593,0,0,8.10754,455233,G2,UPI
TX_42_2852_2636,0,0,7.437127,118291,G1,UPI
TX_42_2853_8147,0,0,6.884663,122291,G1,UPI
TX_42_2854_5179,0,0,4.805977,208869,G4,NETBANKING
TX_42_2855_6476,0,0,5.854461,80174,G3,UPI
TX_42_2856_9587,0,0,8.104717,238646,G2,WALLET
TX_42_2857_2242,0,0,6.076242,396611,G1,NETBANKING
TX_42_2858_1028,0,0,4.9904150000000005,78736,G2,UPI
TX_42_2859_8197,0,0,6.529104,167893,G2,UPI
TX_42_2860_1312,0,0,5.896669,334760,G3,UPI
TX_42_2861_3435,1,1,45.124951,282451,G1,CARD
TX_42_2862_9581,0,0,5.083494,321589,G3,UPI
TX_42_2863_3984,0,0,6.565314,540742,G4,CARD
TX_42_2864_7797,0,0,11.230563,227781,G1,UPI
TX_42_2865_5582,0,0,6.79029,113354,G2,NETBANKING
TX_42_2866_2644,0,0,6.715902,83531,G1,CARD
TX_42_2868_7441,0,0,7.905945,397661,G3,UPI
TX_42_2869_3254,1,1,255.760438,372473,G1,NETBANKING
TX_42_2870_5094,0,0,8.584213,123551,G1,UPI
TX_42_2871_6634,0,0,9.564053,254245,G4,CARD
TX_42_2872_9520,0,0,8.06588,115587,G1,UPI
TX_42_2873_6369,0,0,5.701199,155407,G1,UPI
TX_42_2874_1108,0,0,4.842008,453920,G2,NETBANKING
TX_42_2875_1680,0,0,6.227947,345088,G1,CARD
TX_42_2876_2992,0,0,8.811267,411728,G1,CARD
TX_42_2878_1434,0,0,10.352659,166279,G3,CARD
TX_42_2879_1875,0,0,7.970738,513129,G1,UPI
TX_42_2881_6195,0,0,5.239467,193927,G2,WALLET
TX_42_2882_2302,1,1,95.250919,134564,G1,CARD
TX_42_2884_2383,0,0,8.080157,160212,G1,CARD
TX_42_2885_4788,0,0,7.543405,321213,G1,CARD
TX_42_2886_2806,0,0,7.425286,609379,G2,UPI
TX_42_2887_4961,0,0,4.521204,344765,G4,CARD
TX_42_2888_3254,0,0,7.584242,367837,G3,UPI
TX_42_288_8637,0,0,6.909231,125431,G4,CARD
TX_42_2890_8243,0,0,6.014458,136255,G1,UPI
TX_42_2892_2347,0,0,4.349836,167068,G3,UPI
TX_42_2893_4518,1,1,147.605527,434085,G1,UPI
TX_42_2895_9023,1,1,15.519904,393942,G2,CARD
TX_42_2898_1930,0,0,7.301189,404700,G4,UPI
TX_42_2899_6453,0,0,5.95109,142269,G1,WALLET
TX_42_289_5019,0,0,8.63709,500519,G1,CARD
TX_42_28_3843,0,0,6.109849,248185,G1,UPI
TX_42_2900_3663,0,0,8.692119,560911,G3,UPI
TX_42_2901_5716,0,0,6.449195,73585,G2,NETBANKING
TX_42_2902_6914,1,1,87.21742,157053,G1,UPI
TX_42_2904_9735,0,0,6.107238,561125,G1,UPI
TX_42_2905_5333,0,0,5.271656,86418,G1,UPI
TX_42_2906_1472,0,0,5.226687,154020,G1,CARD
TX_42_2907_1184,0,0,9.488737,382050,G1,WALLET
TX_42_2908_7001,1,1,158.607519,430078,G2,UPI
TX_42_2909_6121,0,0,5.510712,343474,G2,UPI
TX_42_290_2673,0,0,6.822131,127337,G3,UPI
TX_42_2910_6571,0,0,7.250257,65409,G1,CARD
TX_42_2911_3554,0,0,7.459131,326443,G1,CARD
TX_42_2912_3154,0,0,5.844245,442414,G4,NETBANKING
TX_42_2913_9312,0,0,8.743119,295307,G2,UPI
TX_42_2915_7383,0,0,7.7178889999999996,48434,G2,UPI
TX_42_2917_6561,0,0,7.799819,513365,G1,UPI
TX_42_2918_6536,0,0,5.461363,293014,G1,UPI
TX_42_291_1958,0,0,8.257062,101983,G3,UPI
TX_42_2920_5214,0,0,8.968034,312639,G1,NETBANKING
TX_42_2921_7493,0,0,4.989588,65802,G4,CARD
TX_42_2922_8173,0,0,8.332508,51576,G4,UPI
TX_42_2924_8703,0,0,9.579,221282,G2,CARD
TX_42_2925_7572,1,1,21.580703,216508,G2,CARD
TX_42_2926_7100,1,1,240.070524,87296,G2,CARD
TX_42_2927_4203,0,0,6.601331,409540,G2,WALLET
TX_42_2928_5472,0,0,7.811725,192790,G1,CARD
TX_42_2931_9624,0,0,7.919267,80690,G3,CARD
TX_42_2932_3082,0,0,6.535079,180686,G2,UPI
TX_42_2933_7212,0,0,8.239818,169922,G3,CARD
TX_42_2935_1463,0,0,8.756146,369053,G3,UPI
TX_42_2937_5384,0,0,4.154305,195136,G2,UPI
TX_42_2939_3239,1,1,17.459027,405768,G2,CARD
TX_42_293_7192,0,0,7.344271,434495,G1,UPI
TX_42_2941_9829,0,0,9.343819,146839,G3,CARD
TX_42_2942_5144,0,0,7.430092,251914,G2,UPI
TX_42_2944_7057,0,0,7.545483,122649,G1,CARD
TX_42_2945_5172,0,0,10.422985,125019,G1,CARD
TX_42_2946_5454,0,0,7.669782,184946,G1,UPI
TX_42_2948_4629,0,0,6.424892,315691,G1,NETBANKING
TX_42_2949_6783,0,0,7.555757,390443,G3,UPI
TX_42_294_5027,0,0,6.970869,506996,G2,WALLET
TX_42_2952_5677,0,0,7.991484,110430,G2,UPI
TX_42_2953_6737,0,0,7.102283,227138,G1,UPI
TX_42_2954_2719,0,0,8.875318,408005,G2,UPI
TX_42_2955_4732,0,0,7.839822,57477,G2,UPI
TX_42_2959_2068,0,0,5.729415,165059,G3,CARD
TX_42_295_2660,0,0,9.585912,140657,G1,UPI
TX_42_2960_2170,0,0,6.402524,210293,G3,UPI
TX_42_2961_6864,1,1,43.842345,59342,G2,UPI
TX_42_2962_9612,1,1,244.746329,295053,G3,CARD
TX_42_2965_2121,0,0,8.534939,283522,G2,UPI
TX_42_2966_3842,0,0,5.158926,518176,G1,CARD
TX_42_2967_5417,0,0,6.11125,159286,G1,CARD
TX_42_2969_4609,0,0,6.335661,206264,G2,CARD
TX_42_296_3575,0,0,9.930894,122397,G1,CARD
TX_42_2970_2788,0,0,4.0249,192277,G4,UPI
TX_42_2971_8210,0,0,4.465032,408990,G1,CARD
TX_42_2972_6787,1,1,90.724339,421248,G1,UPI
TX_42_2973_8394,0,0,6.425742,122831,G3,CARD
TX_42_2974_8972,0,0,8.019355,70184,G4,UPI
TX_42_2975_6741,0,0,3.615737,103011,G3,UPI
TX_42_2977_1717,0,0,8.737491,447420,G1,CARD
TX_42_2978_4490,0,0,9.809919,243124,G2,UPI
TX_42_2979_3375,0,0,6.376309,318006,G1,UPI
TX_42_297_2437,0,0,9.969446,291892,G4,NETBANKING
TX_42_2980_3466,0,0,7.95571,376286,G2,CARD
TX_42_2981_1596,1,1,212.452513,416841,G4,NETBANKING
TX_42_2982_1876,0,0,10.069923,271816,G2,UPI
TX_42_2983_4071,1,1,212.647778,227291,G2,CARD
TX_42_2984_6675,0,0,5.84901,434617,G3,CARD
TX_42_2985_8497,0,0,6.046119,296318,G1,UPI
TX_42_2986_7047,0,0,7.309233,318315,G1,UPI
TX_42_2987_5921,1,1,130.039779,134226,G2,UPI
TX_42_2988_7283,0,0,7.407592,127735,G3,CARD
TX_42_2989_5503,0,0,6.480761,157443,G3,UPI
TX_42_298_2434,0,0,5.001828,165123,G2,UPI
TX_42_2990_6937,0,0,7.385092,234683,G1,CARD
TX_42_2991_3847,0,0,5.00465,451170,G1,UPI
TX_42_2992_4360,0,0,4.933173,393422,G2,UPI
TX_42_2993_5350,1,1,131.544036,414273,G3,UPI
TX_42_2994_1197,1,1,130.3336,77014,G1,UPI
TX_42_2995_8079,0,0,9.620577,448341,G2,UPI
TX_42_2997_5943,0,0,8.094399,523094,G2,UPI
TX_42_299_5677,0,0,5.114365,289504,G3,WALLET
TX_42_29_5933,0,0,10.041746,149012,G2,UPI
TX_42_2_7324,0,0,10.730243,252589,G2,CARD
TX_42_3000_3405,1,1,182.186041,556695,G1,WALLET
TX_42_3002_6677,0,0,7.056837,444320,G1,CARD
TX_42_3003_1653,0,0,8.143885,215645,G2,UPI
TX_42_3005_3527,0,0,11.061792,259410,G2,CARD
TX_42_3006_6303,0,0,9.263574,348403,G1,CARD
TX_42_3009_5229,0,0,5.007716,148902,G4,CARD
TX_42_300_5675,1,1,35.479625,256299,G2,WALLET
TX_42_3010_9859,0,0,4.6649329999999996,381086,G1,CARD
TX_42_3011_6344,0,0,8.683324,489055,G4,UPI
TX_42_3012_2586,0,0,5.857139,443875,G3,UPI
TX_42_3013_4971,0,0,9.034666,156343,G2,UPI
TX_42_3014_3617,0,0,7.984689,454084,G1,CARD
TX_42_3015_8833,0,0,8.222709,178117,G1,CARD
TX_42_3016_1624,1,1,202.20146,317869,G2,UPI
TX_42_3017_6918,0,0,7.65427,225645,G4,CARD
TX_42_3018_9178,0,0,5.150292,144803,G1,CARD
TX_42_301_6435,0,0,5.86723,242180,G2,UPI
TX_42_3021_6759,1,1,131.876934,259533,G1,CARD
TX_42_3024_8886,0,0,8.69676,55195,G4,WALLET
TX_42_3026_5966,0,0,5.207175,87175,G2,CARD
TX_42_3027_5612,0,0,4.366297,114542,G3,UPI
TX_42_3028_4000,0,0,6.31539,282994,G4,UPI
TX_42_3029_5183,0,0,8.043442,332708,G1,UPI
TX_42_302_2369,0,0,7.938398,333613,G3,NETBANKING
TX_42_3030_4327,1,1,188.885608,99943,G2,WALLET
TX_42_3031_2560,0,0,4.904392,538169,G2,CARD
TX_42_3032_7362,1,1,82.997703,386617,G1,CARD
TX_42_3033_3027,0,0,7.197519,125299,G2,UPI
TX_42_3034_5825,0,0,4.120136,145386,G1,NETBANKING
TX_42_3035_9085,0,0,9.019479,156937,G3,UPI
TX_42_3036_8450,0,0,6.8289,222461,G4,WALLET
TX_42_3037_7179,0,0,7.15462,405494,G1,WALLET
TX_42_3038_5377,0,0,6.354544,485470,G3,CARD
TX_42_3039_2928,0,0,3.196851,127628,G1,CARD
TX_42_303_1569,0,0,5.824752,138955,G1,NETBANKING
TX_42_3040_5617,0,0,8.110392,108596,G1,UPI
TX_42_3041_8327,1,1,244.431519,177699,G2,UPI
TX_42_3042_8808,0,0,5.335794,113032,G1,WALLET
TX_42_3043_3297,0,0,9.066369,124985,G1,UPI
TX_42_3044_7326,0,0,7.254735,122749,G1,NETBANKING
TX_42_3045_3775,0,0,7.741959,256710,G2,CARD
TX_42_3046_8177,1,1,201.263097,133556,G1,UPI
TX_42_3047_1815,0,0,7.625108,192997,G4,NETBANKING
TX_42_3048_9323,0,0,10.621091,445704,G1,UPI
TX_42_3049_8506,0,0,10.640415,435233,G3,WALLET
TX_42_304_3303,0,0,6.248902,331483,G1,UPI
TX_42_3052_1877,0,0,8.649981,185159,G2,UPI
TX_42_3054_9191,0,0,7.76403,531966,G1,CARD
TX_42_3055_2363,1,1,311.978908,166482,G3,CARD
TX_42_3056_9422,0,0,5.369089,340258,G2,UPI
TX_42_3057_6171,0,0,6.921302,229178,G2,UPI
TX_42_305_9150,0,0,5.930656,280053,G3,UPI
TX_42_3060_2127,1,1,192.072627,142044,G2,WALLET
TX_42_3061_9391,1,1,303.213834,235357,G3,UPI
TX_42_3062_1848,0,0,6.208558,408357,G4,UPI
TX_42_3063_9637,0,0,6.903294,229741,G1,NETBANKING
TX_42_3064_7948,0,0,6.606254,109744,G2,UPI
TX_42_3065_7315,1,1,207.018391,207680,G1,UPI
TX_42_3066_2643,0,0,7.438607,254401,G4,UPI
TX_42_3067_3659,0,0,8.40433,539538,G1,CARD
TX_42_3068_4310,0,0,6.037293,378512,G2,CARD
TX_42_3069_7582,0,0,7.988083,228145,G1,CARD
TX_42_306_9402,1,1,212.237981,133204,G2,CARD
TX_42_3071_2010,0,0,7.276923,312629,G1,WALLET
TX_42_3072_5469,1,1,117.311824,472998,G2,NETBANKING
TX_42_3073_8105,0,0,8.237749,139704,G2,CARD
TX_42_3074_7263,0,0,8.393943,159124,G2,CARD
TX_42_3075_1167,0,0,4.041821,170543,G2,UPI
TX_42_3076_1178,0,0,9.161675,324353,G2,NETBANKING
TX_42_3077_8373,0,0,6.484738,588546,G3,CARD
TX_42_3078_3394,1,1,37.11187,371460,G1,NETBANKING
TX_42_3079_1241,0,0,7.986127,67997,G2,CARD
TX_42_307_8910,0,0,6.467844,627286,G3,UPI
TX_42_3080_2441,0,0,7.732585,471979,G1,WALLET
TX_42_3081_9219,0,0,6.088158,480167,G4,CARD
TX_42_3082_9530,1,1,239.01372,196855,G3,CARD
TX_42_3083_3933,0,0,5.7768239999999995,133166,G1,UPI
TX_42_3084_6259,0,0,7.121713,228897,G1,CARD
TX_42_3085_7357,0,0,6.736445,76278,G2,NETBANKING
TX_42_3086_5537,0,0,8.20146,152242,G2,NETBANKING
TX_42_3088_4522,0,0,9.666247,415943,G2,CARD
TX_42_3089_3015,1,1,195.156423,52823,G4,CARD
TX_42_308_9060,0,0,5.926209,136161,G3,UPI
TX_42_3090_4247,0,0,8.015542,324481,G3,UPI
TX_42_3091_5379,0,0,7.373298,175526,G4,CARD
TX_42_3092_3356,0,0,6.960032,158947,G2,UPI
TX_42_3093_9243,0,0,7.29027,373963,G2,UPI
TX_42_3094_6813,0,0,5.312693,122374,G1,UPI
TX_42_3095_3572,1,1,62.665942,103531,G2,UPI
TX_42_3096_1375,0,0,9.30642,125326,G2,CARD
TX_42_3097_4472,0,0,8.849401,108455,G1,UPI
TX_42_3098_2998,0,0,6.152149,242187,G2,UPI
TX_42_309_3169,1,1,159.820082,286419,G3,CARD
TX_42_30_8910,0,0,8.046888,160650,G3,CARD
TX_42_3100_8914,0,0,6.655927,296828,G2,CARD
TX_42_3101_9577,1,1,313.388946,160035,G1,UPI
TX_42_3102_4671,0,0,6.6215019999999996,178267,G3,UPI
TX_42_3103_2527,0,0,7.613252,67764,G1,UPI
TX_42_3104_6780,1,1,288.552417,327278,G3,WALLET
TX_42_3105_3277,0,0,8.828029,372829,G1,CARD
TX_42_3106_6262,1,1,275.204083,126384,G2,NETBANKING
TX_42_3107_8164,0,0,8.254316,146840,G2,UPI
TX_42_3108_3871,0,0,6.614151,424066,G1,WALLET
TX_42_3109_6476,0,0,7.899435,224770,G3,UPI
TX_42_310_8565,1,1,299.066569,109442,G1,UPI
TX_42_3110_9331,1,1,212.256881,305406,G1,CARD
TX_42_3113_3334,0,0,7.878862,423478,G3,UPI
TX_42_3114_6363,0,0,4.978307,306164,G2,CARD
TX_42_3115_5089,0,0,5.441268,286584,G3,UPI
TX_42_3116_6559,0,0,7.39354,240327,G3,UPI
TX_42_3118_1180,0,0,7.238331,111528,G1,UPI
TX_42_3119_4293,0,0,6.753429,291941,G1,UPI
TX_42_311_5513,0,0,7.377657,383178,G4,NETBANKING
TX_42_3120_2850,0,0,4.867211,438005,G2,CARD
TX_42_3121_6785,0,0,6.763602,294959,G1,NETBANKING
TX_42_3122_5271,0,0,4.511192,566410,G2,CARD
TX_42_3123_3640,1,1,164.453142,81093,G2,WALLET
TX_42_3126_7788,0,0,5.474492,481474,G2,UPI
TX_42_3127_3977,1,1,170.863008,288433,G2,CARD
TX_42_3129_6854,0,0,8.501848,544279,G2,CARD
TX_42_312_8091,1,1,30.185122,553973,G2,WALLET
TX_42_3130_6319,0,0,7.856394,321379,G3,UPI
TX_42_3131_7233,0,0,5.775111,300636,G4,UPI
TX_42_3132_5668,0,0,5.194584,146624,G1,CARD
TX_42_3133_8378,0,0,7.465207,164194,G2,CARD
TX_42_3134_4371,0,0,6.154613,379001,G1,NETBANKING
TX_42_3135_9336,0,0,8.457596,579595,G4,UPI
TX_42_3136_7127,0,0,7.333995,232610,G1,CARD
TX_42_3137_2007,0,0,7.047305,412844,G1,UPI
TX_42_3138_3257,0,0,7.998665,206861,G1,CARD
TX_42_3139_1210,0,0,5.643773,151674,G1,UPI
TX_42_313_6591,0,0,8.516605,290445,G3,CARD
TX_42_3140_2393,0,0,8.766054,107985,G3,NETBANKING
TX_42_3141_5312,0,0,8.202486,197403,G2,CARD
TX_42_3142_8059,0,0,9.106513,111215,G1,CARD
TX_42_3144_7666,0,0,6.86934,559229,G1,UPI
TX_42_3145_5426,0,0,5.093328,209926,G4,CARD
TX_42_3146_5577,0,0,6.683748,601184,G1,UPI
TX_42_3147_9671,1,1,40.354918,202602,G2,UPI
TX_42_3148_6552,0,0,7.06845,199969,G2,UPI
TX_42_3149_3949,0,0,9.875845,247827,G2,UPI
TX_42_314_8843,0,0,8.166552,184431,G1,UPI
TX_42_3150_5987,0,0,8.133576,350815,G1,CARD
TX_42_3151_4510,0,0,4.620023,150472,G4,CARD
TX_42_3152_4217,1,1,54.379028,263086,G3,UPI
TX_42_3153_3351,0,0,6.364592,154892,G1,WALLET
TX_42_3154_7155,1,1,68.336963,191175,G1,UPI
TX_42_3155_8216,1,1,53.838776,84880,G2,NETBANKING
TX_42_3156_3325,0,0,4.534128,152433,G1,CARD
TX_42_3157_6845,0,0,7.591413,53827,G1,CARD
TX_42_3158_9852,0,0,6.769448,162480,G3,UPI
TX_42_3160_3275,0,0,4.205097,512740,G1,UPI
TX_42_3162_7367,0,0,9.549305,114402,G1,CARD
TX_42_3164_6114,1,1,82.671876,405967,G1,WALLET
TX_42_3165_5218,0,0,7.014795,92458,G1,CARD
TX_42_3166_3127,0,0,7.674195,478532,G1,UPI
TX_42_3167_4611,0,0,8.676409,100892,G2,CARD
TX_42_3168_4341,0,0,7.144701,142237,G2,CARD
TX_42_3169_1257,0,0,7.929637,126529,G1,CARD
TX_42_316_2074,0,0,5.7034970000000005,207212,G1,CARD
TX_42_3170_7206,0,0,7.86563,255260,G1,UPI
TX_42_3171_9079,0,0,5.609052,89488,G2,CARD
TX_42_3173_9401,1,1,273.632602,233761,G1,WALLET
TX_42_3175_5607,0,0,7.762055,128420,G3,WALLET
TX_42_3176_2393,0,0,9.650385,81568,G1,UPI
TX_42_3178_5287,0,0,4.188792,110520,G2,CARD
TX_42_3179_5321,0,0,5.917801,425284,G3,CARD
TX_42_317_2780,0,0,6.264555,291032,G2,UPI
TX_42_3180_6762,0,0,6.004415,456737,G1,CARD
TX_42_3181_1550,0,0,2.8543979999999998,262953,G1,CARD
TX_42_3182_5595,0,0,6.134861,114422,G1,UPI
TX_42_3183_1724,0,0,7.043356,119424,G4,WALLET
TX_42_3185_4311,0,0,9.263111,156901,G1,UPI
TX_42_3186_2065,0,0,9.304682,250434,G3,NETBANKING
TX_42_3187_2804,1,1,278.326186,198962,G2,UPI
TX_42_3188_1059,0,0,5.154121,205721,G2,UPI
TX_42_3189_6336,0,0,8.660462,96588,G2,CARD
TX_42_318_4598,0,0,8.077715,165000,G1,WALLET
TX_42_3190_8440,0,0,8.981928,196605,G1,NETBANKING
TX_42_3191_3588,0,0,5.519346,243736,G1,UPI
TX_42_3192_8381,0,0,5.521161,394670,G3,UPI
TX_42_3193_7614,0,0,8.161258,93896,G2,UPI
TX_42_3195_9694,1,1,91.727645,61168,G3,WALLET
TX_42_3197_8537,0,0,7.619167,270449,G2,UPI
TX_42_3198_5294,1,1,164.018119,107026,G2,CARD
TX_42_3199_3282,0,0,3.976781,186667,G2,CARD
TX_42_3200_8863,0,0,5.306444,186265,G4,UPI
TX_42_3201_3697,0,0,4.961966,483821,G1,CARD
TX_42_3203_6947,0,0,7.62901,254662,G4,NETBANKING
TX_42_3204_1006,1,1,77.138177,612495,G1,NETBANKING
TX_42_3206_5182,0,0,7.749532,160987,G3,CARD
TX_42_3207_5697,0,0,7.478136,405190,G2,CARD
TX_42_3208_7560,0,0,6.208558,193847,G1,WALLET
TX_42_320_7668,0,0,9.362241,283336,G1,WALLET
TX_42_3210_2437,0,0,6.900578,154930,G1,UPI
TX_42_3211_8558,0,0,8.459626,249721,G1,CARD
TX_42_3212_3127,0,0,6.25775,145929,G4,UPI
TX_42_3213_4436,1,1,165.044561,386808,G3,CARD
TX_42_3214_7889,0,0,5.796458,467681,G1,UPI
TX_42_3215_5557,0,0,5.189653,116167,G1,WALLET
TX_42_3217_9672,1,1,182.430178,73782,G2,WALLET
TX_42_3218_8550,0,0,4.754769,230453,G2,NETBANKING
TX_42_3219_2890,0,0,7.544829,154090,G1,UPI
TX_42_321_1258,0,0,7.037194,82151,G2,WALLET
TX_42_3221_5211,0,0,7.9793520000000004,220649,G2,WALLET
TX_42_3223_9095,0,0,7.531922,498181,G1,NETBANKING
TX_42_3225_2875,0,0,7.205017,328588,G1,UPI
TX_42_3226_7164,0,0,9.351647,162702,G4,UPI
TX_42_3227_4051,0,0,6.803304,199482,G2,UPI
TX_42_3228_1780,0,0,6.800205,334225,G2,CARD
TX_42_3229_5295,1,1,155.70897,412271,G2,UPI
TX_42_322_2193,0,0,5.121048,463006,G2,UPI
TX_42_3231_7499,0,0,5.70127,191765,G3,CARD
TX_42_3232_9395,0,0,8.132706,79985,G2,UPI
TX_42_3233_1931,0,0,8.181946,352741,G1,UPI
TX_42_3236_6639,0,0,6.26818,156974,G2,UPI
TX_42_3237_1220,0,0,9.042353,196608,G2,NETBANKING
TX_42_3239_7217,1,1,249.102427,178517,G4,CARD
TX_42_323_9166,0,0,8.618848,107660,G1,UPI
TX_42_3241_8193,0,0,4.491162,295193,G2,UPI
TX_42_3242_6195,0,0,8.732139,415694,G2,UPI
TX_42_3243_5384,0,0,9.03259,173871,G1,CARD
TX_42_3244_4285,0,0,8.171995,117348,G2,CARD
TX_42_3245_6197,0,0,8.619014,212137,G2,UPI
TX_42_3246_9135,0,0,5.328521,308467,G2,CARD
TX_42_3248_7839,0,0,6.79659,318769,G3,CARD
TX_42_3249_8821,0,0,6.507261,357532,G1,CARD
TX_42_324_8971,0,0,4.7294,166887,G1,UPI
TX_42_3251_5828,0,0,7.195825,96605,G3,UPI
TX_42_3252_5734,0,0,4.395984,110958,G3,UPI
TX_42_3253_9772,1,1,171.136834,292271,G1,CARD
TX_42_3255_8685,0,0,6.714608,103658,G2,CARD
TX_42_3256_7331,0,0,6.953197,27771,G2,NETBANKING
TX_42_3258_7419,0,0,6.048783,102682,G4,CARD
TX_42_325_9500,1,1,156.346142,251063,G4,CARD
TX_42_3260_5702,1,1,100.908272,132810,G1,CARD
TX_42_3261_5350,1,1,69.110285,287825,G1,NETBANKING
TX_42_3262_3436,0,0,8.730528,112345,G1,NETBANKING
TX_42_3263_2603,0,0,8.405986,154558,G1,UPI
TX_42_3264_1417,0,0,5.246736,332793,G1,CARD
TX_42_3265_8795,0,0,10.033701,396943,G3,UPI
TX_42_3266_5869,0,0,8.344266,385038,G3,CARD
TX_42_3267_2819,0,0,7.228013,188461,G2,WALLET
TX_42_3269_4285,1,1,231.807115,193019,G2,UPI
TX_42_326_7900,0,0,7.22833,333950,G1,CARD
TX_42_3270_9454,0,0,9.986733,110994,G1,UPI
TX_42_3271_1977,1,1,57.612193,91831,G1,NETBANKING
TX_42_3272_5353,1,1,208.471438,370933,G2,NETBANKING
TX_42_3273_2082,0,0,6.692492,605869,G2,UPI
TX_42_3274_9702,0,0,4.661248,273791,G4,UPI
TX_42_3277_5963,0,0,7.133755,499739,G3,UPI
TX_42_3278_3994,0,0,6.467859,301663,G1,WALLET
TX_42_3279_4284,0,0,5.6660070000000005,129900,G2,NETBANKING
TX_42_3281_3739,0,0,4.850988,150145,G4,UPI
TX_42_3283_1270,0,0,7.946313,242591,G1,CARD
TX_42_3284_2395,0,0,6.324067,345168,G1,NETBANKING
TX_42_3285_1455,0,0,8.202884,381639,G1,NETBANKING
TX_42_3286_7835,0,0,7.979429,189388,G1,CARD
TX_42_3287_7958,0,0,5.353454,305517,G1,UPI
TX_42_3289_8859,0,0,6.836744,63237,G1,WALLET
TX_42_328_6611,0,0,9.342634,61071,G2,UPI
TX_42_3290_9861,0,0,8.32346,71375,G1,UPI
TX_42_3291_2876,0,0,10.091902,530427,G1,UPI
TX_42_3293_6626,0,0,8.831057,90439,G1,UPI
TX_42_3294_5920,1,1,96.474656,486450,G1,UPI
TX_42_3296_7969,0,0,4.620159,436235,G3,UPI
TX_42_3297_8746,1,1,63.28094,157948,G1,UPI
TX_42_3298_5204,0,0,8.909177,392427,G3,CARD
TX_42_3299_3238,1,1,303.339236,464478,G1,NETBANKING
TX_42_329_8420,0,0,4.74386,332911,G1,CARD
TX_42_3300_2880,0,0,9.765043,169783,G1,CARD
TX_42_3301_5174,0,0,5.864321,247383,G2,UPI
TX_42_3302_6221,1,1,145.295352,108236,G1,NETBANKING
TX_42_3303_9670,0,0,6.586832,178932,G1,WALLET
TX_42_3304_9565,0,0,7.977678,353058,G3,WALLET
TX_42_3305_1022,0,0,7.315096,128770,G1,UPI
TX_42_3308_5580,0,0,5.667068,574693,G3,UPI
TX_42_3309_7351,0,0,6.511926,104118,G3,UPI
TX_42_330_7560,0,0,6.472328,209155,G2,NETBANKING
TX_42_3312_8983,0,0,6.101487,402629,G1,UPI
TX_42_3314_3238,0,0,6.57635,494731,G1,UPI
TX_42_3315_5281,0,0,7.122838,301422,G1,WALLET
TX_42_3316_8722,0,0,4.753956,268382,G4,NETBANKING
TX_42_3317_1125,0,0,7.214692,135915,G3,UPI
TX_42_3318_6000,0,0,9.786417,176380,G1,CARD
TX_42_3319_3492,1,1,36.103977,270106,G2,CARD
TX_42_331_3196,0,0,6.184031,66519,G2,UPI
TX_42_3320_4065,0,0,5.265807,116456,G2,UPI
TX_42_3321_9439,0,0,5.6371,131298,G1,NETBANKING
TX_42_3322_2964,0,0,5.784693,508622,G1,WALLET
TX_42_3323_5310,1,1,293.779946,234320,G2,CARD
TX_42_3324_1034,1,1,207.577451,70889,G1,WALLET
TX_42_3325_2300,1,1,31.736343,458323,G2,UPI
TX_42_3327_5690,0,0,9.262942,150440,G1,NETBANKING
TX_42_3328_7894,0,0,5.231856,215919,G2,UPI
TX_42_3329_1693,0,0,6.79739,192630,G2,NETBANKING
TX_42_332_9179,0,0,6.192456,591332,G1,UPI
TX_42_3330_5464,0,0,6.59093,181261,G1,WALLET
TX_42_3331_4666,0,0,6.668762,145118,G1,CARD
TX_42_3332_4336,0,0,7.7842780000000005,561837,G3,CARD
TX_42_3333_7884,0,0,7.489066,75837,G1,WALLET
TX_42_3334_9983,0,0,9.663743,319987,G1,UPI
TX_42_3335_8670,0,0,7.076857,214143,G2,UPI
TX_42_3336_2641,0,0,8.87554,227868,G1,UPI
TX_42_3337_7567,0,0,8.606901,74367,G3,UPI
TX_42_3338_1983,0,0,4.739719,115942,G4,UPI
TX_42_3339_3714,0,0,6.781893,461992,G1,UPI
TX_42_333_6604,0,0,6.110274,270755,G4,WALLET
TX_42_3340_8160,1,1,282.607232,91653,G1,CARD
TX_42_3341_1048,0,0,6.698298,340175,G1,NETBANKING
TX_42_3342_5474,0,0,8.683781,143977,G1,NETBANKING
TX_42_3343_9816,0,0,6.11794,314859,G2,UPI
TX_42_3344_7875,0,0,4.835352,209254,G1,CARD
TX_42_3345_9089,1,1,40.576927,195362,G2,UPI
TX_42_3346_5909,0,0,7.528658,393075,G2,UPI
TX_42_3347_7222,0,0,5.020142,266104,G2,UPI
TX_42_3348_5852,1,1,27.94655,266896,G2,CARD
TX_42_334_1352,0,0,7.475261,390842,G2,WALLET
TX_42_3351_9197,0,0,8.523706,527165,G1,CARD
TX_42_3352_1617,0,0,7.105127,491909,G2,CARD
TX_42_3353_6095,0,0,6.696058,256929,G1,UPI
TX_42_3355_2596,0,0,5.65781,278541,G2,NETBANKING
TX_42_3356_7473,0,0,6.412432,130376,G2,UPI
TX_42_3357_8042,0,0,6.35511,392533,G1,UPI
TX_42_3359_1873,0,0,10.399837,276114,G2,UPI
TX_42_335_7229,0,0,9.391074,274713,G3,NETBANKING
TX_42_3360_8947,0,0,8.162219,154064,G3,CARD
TX_42_3361_3386,0,0,10.28846,135101,G1,CARD
TX_42_3362_9244,0,0,7.396953,61620,G1,CARD
TX_42_3363_9065,0,0,8.158622,399736,G1,CARD
TX_42_3364_3221,0,0,6.530799,216416,G2,UPI
TX_42_3365_4969,1,1,104.585673,437640,G3,UPI
TX_42_3366_9904,0,0,7.169436,103743,G4,CARD
TX_42_3367_9018,0,0,8.250123,121785,G2,NETBANKING
TX_42_3368_6706,0,0,9.465562,168836,G4,CARD
TX_42_3369_3947,0,0,3.3760339999999998,91684,G1,UPI
TX_42_3370_7137,0,0,6.365639,104199,G1,CARD
TX_42_3371_4437,0,0,6.56957,98894,G1,WALLET
TX_42_3374_4819,0,0,5.942898,500266,G2,CARD
TX_42_3376_4651,0,0,8.300725,376406,G3,CARD
TX_42_3377_5132,0,0,8.753724,116455,G3,NETBANKING
TX_42_3378_9533,0,0,10.455081,172477,G3,CARD
TX_42_3379_8637,0,0,4.455456,105560,G3,CARD
TX_42_337_8963,0,0,7.00845,260125,G1,UPI
TX_42_3380_8019,1,1,202.48894,387104,G3,UPI
TX_42_3381_5001,0,0,4.238645,503857,G1,WALLET
TX_42_3382_4941,0,0,6.453677,86363,G3,CARD
TX_42_3383_5582,1,1,211.270157,294013,G3,CARD
TX_42_3384_9228,0,0,8.209244,127017,G2,CARD
TX_42_3385_4140,0,0,4.950673,151124,G1,UPI
TX_42_3386_8117,0,0,4.751664,153431,G3,UPI
TX_42_3388_3617,0,0,7.118481,194707,G2,UPI
TX_42_3389_9408,0,0,7.743292,237259,G1,WALLET
TX_42_338_6633,0,0,6.582489,101148,G4,NETBANKING
TX_42_3390_3852,0,0,6.120068,511824,G1,UPI
TX_42_3391_2125,1,1,137.430596,393354,G1,UPI
TX_42_3395_3045,0,0,4.950465,149985,G1,UPI
TX_42_3397_8905,1,1,237.654934,168041,G2,UPI
TX_42_3398_2279,1,1,172.527973,201467,G3,UPI
TX_42_3399_6588,0,0,9.776302,251014,G3,CARD
TX_42_339_7805,0,0,6.760965,91134,G1,UPI
TX_42_33_8498,1,1,68.691965,189357,G1,NETBANKING
TX_42_3400_1908,0,0,6.481585,150270,G3,CARD
TX_42_3401_4533,0,0,8.291328,213586,G1,UPI
TX_42_3402_3377,0,0,8.002512,57423,G3,NETBANKING
TX_42_3403_2714,0,0,8.367692,132651,G1,UPI
TX_42_3404_4030,1,1,153.189561,237929,G1,WALLET
TX_42_3405_7481,0,0,7.089677,193578,G2,CARD
TX_42_3406_6207,0,0,6.24142,145094,G1,UPI
TX_42_3407_5791,0,0,9.307971,483394,G2,CARD
TX_42_3409_9306,0,0,6.853263,283352,G4,UPI
TX_42_340_7413,0,0,7.917485,143007,G2,UPI
TX_42_3410_1700,0,0,7.543291,430373,G3,CARD
TX_42_3411_4146,0,0,5.184164,377196,G1,CARD
TX_42_3412_5102,0,0,7.094662,444656,G2,WALLET
TX_42_3413_7828,0,0,6.382455,402903,G1,NETBANKING
TX_42_3414_9927,0,0,8.807176,505848,G1,UPI
TX_42_3415_1329,0,0,8.221299,448392,G2,NETBANKING
TX_42_3417_8442,0,0,6.317904,151080,G1,UPI
TX_42_3418_7677,0,0,8.277438,342812,G4,WALLET
TX_42_3419_9156,0,0,7.554378,389303,G1,UPI
TX_42_341_8635,1,1,92.914034,275999,G1,CARD
TX_42_3421_3064,1,1,179.590055,143570,G3,UPI
TX_42_3422_9522,0,0,6.804696,386853,G4,NETBANKING
TX_42_3425_2247,0,0,8.618132,182140,G4,NETBANKING
TX_42_3426_2180,1,1,46.663653,193687,G4,CARD
TX_42_3428_8788,0,0,5.04762,74865,G4,WALLET
TX_42_3429_4428,0,0,3.386787,318025,G2,UPI
TX_42_342_6664,0,0,9.993526,75542,G2,UPI
TX_42_3430_2778,0,0,4.516884,651244,G1,CARD
TX_42_3431_5766,0,0,8.470734,357110,G3,WALLET
TX_42_3432_2023,0,0,5.30876,446512,G3,UPI
TX_42_3434_4998,1,1,262.114928,200852,G1,UPI
TX_42_3435_3943,1,1,101.955876,480614,G1,CARD
TX_42_3436_8203,0,0,9.009187,334441,G4,UPI
TX_42_3437_1580,0,0,8.094395,71885,G1,UPI
TX_42_3438_4499,0,0,8.985695,321863,G3,CARD
TX_42_3439_1046,0,0,6.44781,509582,G3,UPI
TX_42_343_5791,0,0,6.20453,339264,G2,WALLET
TX_42_3441_2094,0,0,7.114959,184304,G2,UPI
TX_42_3442_7612,0,0,8.854559,258216,G1,NETBANKING
TX_42_3444_6341,0,0,9.93282,119755,G1,NETBANKING
TX_42_3445_2951,1,1,310.364105,412222,G1,WALLET
TX_42_3446_7742,0,0,7.06157,403103,G2,WALLET
TX_42_3447_7359,1,1,249.788024,276582,G3,UPI
TX_42_3448_6121,0,0,8.329767,236570,G1,UPI
TX_42_3449_9025,0,0,8.372834,234732,G1,UPI
TX_42_344_1530,0,0,6.8636,160300,G2,UPI
TX_42_3450_2202,0,0,10.082352,143913,G3,CARD
TX_42_3451_4092,0,0,10.453182,298308,G3,UPI
TX_42_3452_5481,0,0,6.53683,95104,G2,UPI
TX_42_3453_2321,0,0,6.58592,152010,G1,UPI
TX_42_3455_9789,1,1,16.247505,254142,G2,WALLET
TX_42_3456_9647,0,0,5.709091,365288,G3,CARD
TX_42_3458_8179,0,0,6.14042,208735,G1,CARD
TX_42_3459_6789,0,0,5.872777,146378,G1,UPI
TX_42_345_1557,0,0,7.107258,187589,G3,UPI
TX_42_3460_6420,0,0,4.533813,455917,G3,UPI
TX_42_3461_6014,0,0,7.903225,471905,G1,NETBANKING
TX_42_3462_4889,0,0,6.961559,63943,G1,UPI
TX_42_3463_7243,0,0,8.875757,145390,G2,CARD
TX_42_3464_7288,0,0,8.557777,225948,G1,CARD
TX_42_3465_5672,0,0,4.268851,106364,G4,UPI
TX_42_3466_5767,0,0,4.36109,235851,G1,CARD
TX_42_3468_7789,1,1,279.750078,228674,G3,CARD
TX_42_3469_7256,0,0,9.140998,284014,G3,CARD
TX_42_346_7446,0,0,6.14084,366938,G2,UPI
TX_42_3470_4482,0,0,7.062895,333433,G4,CARD
TX_42_3471_7222,0,0,7.672367,442762,G2,UPI
TX_42_3472_5484,0,0,8.211338,165050,G3,NETBANKING
TX_42_3473_2068,0,0,9.856051,286021,G3,CARD
TX_42_3475_7369,1,1,93.357808,607032,G1,UPI
TX_42_3477_6558,0,0,3.975836,106002,G2,CARD
TX_42_3478_9271,0,0,7.09411,148932,G1,UPI
TX_42_347_1883,0,0,10.699793,345501,G1,CARD
TX_42_3480_9964,0,0,5.8186219999999995,503407,G2,UPI
TX_42_3481_2419,0,0,5.622262,166141,G1,CARD
TX_42_3482_4354,0,0,8.706747,192946,G1,UPI
TX_42_3485_7470,0,0,4.763884,328434,G3,CARD
TX_42_3487_5845,0,0,6.740222,221450,G2,NETBANKING
TX_42_3488_2733,1,1,274.694356,254292,G1,CARD
TX_42_3489_2206,0,0,6.132512,353874,G2,UPI
TX_42_3490_2703,1,1,191.852784,100780,G1,WALLET
TX_42_3492_6654,0,0,6.873045,250199,G2,UPI
TX_42_3493_4264,0,0,6.190201,275954,G1,UPI
TX_42_3494_2824,0,0,7.738738,204197,G3,CARD
TX_42_3495_9691,0,0,10.044107,87456,G1,NETBANKING
TX_42_3496_4870,0,0,6.146358,80770,G2,CARD
TX_42_3497_6657,0,0,9.622507,256353,G1,UPI
TX_42_3498_1158,0,0,8.167197,159502,G2,CARD
TX_42_3499_2214,0,0,8.474145,512032,G1,CARD
TX_42_349_3072,0,0,7.353571,299340,G1,CARD
TX_42_34_2269,0,0,5.077216,520944,G1,CARD
TX_42_3500_7484,0,0,8.442051,256339,G2,WALLET
TX_42_3501_4765,0,0,9.704455,158086,G1,UPI
TX_42_3504_4176,0,0,8.501659,505710,G1,UPI
TX_42_3505_7744,0,0,5.6596910000000005,262947,G1,NETBANKING
TX_42_3506_5356,0,0,5.295395,322036,G4,UPI
TX_42_3507_8191,0,0,5.083097,178768,G3,NETBANKING
TX_42_3508_1246,1,1,194.082599,160704,G1,UPI
TX_42_3509_6934,0,0,8.294815,417272,G1,CARD
TX_42_350_6373,0,0,6.404209,209727,G1,CARD
TX_42_3510_9120,1,1,101.507188,173219,G1,UPI
TX_42_3511_7847,0,0,4.77225,160541,G2,UPI
TX_42_3512_2671,0,0,7.754313,450345,G1,NETBANKING
TX_42_3514_5125,0,0,7.010532,292185,G3,UPI
TX_42_3519_7856,0,0,5.83994,512612,G4,UPI
TX_42_3520_8352,1,1,23.512684,522839,G2,UPI
TX_42_3521_3569,0,0,7.418922,160412,G3,CARD
TX_42_3522_9760,0,0,8.570113,300376,G1,UPI
TX_42_3523_1952,0,0,10.410927,402123,G1,CARD
TX_42_3524_1602,1,1,58.921429,165924,G1,UPI
TX_42_3525_7131,0,0,6.126935,117352,G3,UPI
TX_42_3526_4384,0,0,7.315949,101919,G1,UPI
TX_42_3528_3249,0,0,5.560699,68826,G1,UPI
TX_42_3529_6328,1,1,39.208263,205074,G2,NETBANKING
TX_42_352_3160,0,0,7.101693,506711,G1,UPI
TX_42_3530_3871,1,1,98.950541,208166,G2,CARD
TX_42_3531_3198,0,0,6.375453,134828,G1,NETBANKING
TX_42_3533_7620,0,0,8.633701,39534,G1,WALLET
TX_42_3534_5174,0,0,4.850224,380429,G1,WALLET
TX_42_3536_9438,0,0,5.380056,111870,G1,CARD
TX_42_3537_9973,1,1,147.647724,255727,G4,UPI
TX_42_3539_2613,0,0,6.793519,371355,G1,UPI
TX_42_353_9408,0,0,5.08314,566908,G2,UPI
TX_42_3541_8914,0,0,3.635673,127860,G2,UPI
TX_42_3543_4160,0,0,5.279285,135800,G1,UPI
TX_42_3544_6949,1,1,35.256293,350226,G2,CARD
TX_42_3546_2974,0,0,6.743524,138825,G3,UPI
TX_42_3547_3587,1,1,259.470321,183799,G1,CARD
TX_42_3548_4542,0,0,4.989297,492011,G2,UPI
TX_42_3549_4296,0,0,7.966829,333317,G3,CARD
TX_42_354_7764,0,0,6.182193,178292,G3,UPI
TX_42_3550_7191,0,0,6.332914,134752,G1,CARD
TX_42_3551_6699,0,0,7.610127,169835,G1,CARD
TX_42_3552_2267,1,1,254.642311,138037,G2,UPI
TX_42_3553_4163,0,0,5.954936,365217,G3,WALLET
TX_42_3554_9846,0,0,8.710797,76385,G2,CARD
TX_42_3555_6125,0,0,7.995027,160622,G1,WALLET
TX_42_3556_5877,0,0,6.974041,143104,G1,NETBANKING
TX_42_3557_9944,0,0,10.238936,60341,G1,UPI
TX_42_3559_3571,0,0,8.004965,352625,G1,UPI
TX_42_3560_1344,0,0,5.708037,530708,G2,UPI
TX_42_3561_2896,0,0,6.437916,598680,G2,WALLET
TX_42_3563_5552,0,0,4.756715,119347,G1,UPI
TX_42_3567_2073,1,1,27.311977,362547,G2,UPI
TX_42_3568_3019,0,0,5.476527,183689,G1,CARD
TX_42_3569_1873,1,1,168.134572,275830,G1,UPI
TX_42_356_2701,0,0,8.216788,250324,G2,UPI
TX_42_3570_8980,0,0,6.455034,92591,G1,CARD
TX_42_3571_6370,0,0,5.092757,196070,G3,WALLET
TX_42_3573_8694,0,0,8.25822,326449,G2,UPI
TX_42_3574_2770,0,0,8.153455,201806,G2,CARD
TX_42_3576_2617,0,0,7.04472,110592,G2,CARD
TX_42_3577_8866,0,0,6.743812,339999,G2,CARD
TX_42_3578_2746,0,0,4.65883,359607,G3,UPI
TX_42_3579_6633,0,0,7.7604109999999995,208728,G1,UPI
TX_42_357_8989,0,0,6.033289,82431,G2,WALLET
TX_42_3580_6431,1,1,256.845192,172440,G2,UPI
TX_42_3581_1738,0,0,6.930226,447840,G4,CARD
TX_42_3582_3186,1,1,184.208483,140395,G1,WALLET
TX_42_3583_3698,0,0,7.545751,95666,G4,CARD
TX_42_3584_4901,0,0,6.504866,281189,G1,UPI
TX_42_3585_2739,0,0,5.117316,85204,G2,NETBANKING
TX_42_3586_8017,0,0,9.591656,350712,G3,CARD
TX_42_3587_9217,0,0,8.392295,449725,G1,UPI
TX_42_3588_8541,0,0,7.580966,421896,G1,UPI
TX_42_358_8741,0,0,5.398456,466312,G3,CARD
TX_42_3591_5191,0,0,5.305261,521019,G3,CARD
TX_42_3592_5049,0,0,5.941728,304059,G1,WALLET
TX_42_3593_8491,0,0,5.665972,302545,G3,CARD
TX_42_3594_4778,0,0,8.158083,93652,G2,CARD
TX_42_3595_9004,0,0,5.837715,486470,G1,WALLET
TX_42_3596_6018,0,0,4.7693069999999995,124438,G2,UPI
TX_42_3597_2794,0,0,6.661136,390558,G2,UPI
TX_42_3598_1700,0,0,8.468396,544674,G1,CARD
TX_42_3599_9932,1,1,33.856896,449499,G2,CARD
TX_42_359_6546,0,0,6.305017,355042,G1,CARD
TX_42_35_5155,0,0,7.855013,462092,G2,CARD
TX_42_3600_5660,0,0,8.224965,216295,G4,UPI
TX_42_3601_6999,1,1,186.669803,136385,G3,UPI
TX_42_3602_9894,0,0,8.071114,486473,G2,NETBANKING
TX_42_3604_6327,0,0,8.853516,291727,G1,UPI
TX_42_3605_5251,0,0,7.114987,138627,G1,UPI
TX_42_3606_5748,0,0,6.462794,240952,G4,CARD
TX_42_3607_1315,0,0,6.796804,131334,G2,NETBANKING
TX_42_3608_1883,0,0,9.558272,166260,G3,UPI
TX_42_3609_6813,1,1,130.757386,257544,G3,CARD
TX_42_360_1376,0,0,5.516447,240788,G1,UPI
TX_42_3610_1307,0,0,6.976585,146256,G2,CARD
TX_42_3611_7530,0,0,9.497407,359532,G1,CARD
TX_42_3612_7359,0,0,7.172496,121798,G2,UPI
TX_42_3614_4114,0,0,5.642474,422781,G1,WALLET
TX_42_3615_5292,0,0,8.370038,56076,G3,NETBANKING
TX_42_3616_1042,1,1,223.24901499999999,201311,G1,CARD
TX_42_3617_9258,0,0,5.386258,460418,G2,UPI
TX_42_3618_9425,0,0,8.210873,315045,G1,UPI
TX_42_3620_8707,1,1,76.856506,315042,G3,CARD
TX_42_3622_3173,0,0,6.167508,209613,G1,CARD
TX_42_3623_8475,0,0,6.021967,90215,G1,WALLET
TX_42_3624_4107,1,1,183.282839,193738,G1,UPI
TX_42_3625_8831,0,0,6.653675,145700,G1,UPI
TX_42_3626_9486,0,0,6.669822,228570,G1,UPI
TX_42_3627_7053,1,1,140.577611,555802,G2,UPI
TX_42_3628_9141,0,0,6.4279399999999995,326699,G2,UPI
TX_42_3629_5702,0,0,3.890089,506467,G4,WALLET
TX_42_362_3903,0,0,9.027315,438881,G3,UPI
TX_42_3632_1231,0,0,7.515367,252856,G1,WALLET
TX_42_3634_1398,0,0,8.248701,172474,G2,UPI
TX_42_3635_5883,0,0,5.594015,621227,G1,CARD
TX_42_3636_1008,0,0,7.923141,357121,G3,UPI
TX_42_3637_2063,0,0,6.625426,152336,G1,CARD
TX_42_3638_7200,0,0,4.662648,104971,G2,UPI
TX_42_3639_6715,0,0,7.30604,341592,G3,CARD
TX_42_3640_3478,0,0,5.132504,465685,G3,WALLET
TX_42_3641_2981,0,0,6.535965,335393,G2,UPI
TX_42_3642_6523,1,1,155.86081,359070,G1,UPI
TX_42_3643_2189,0,0,4.578856,407857,G3,NETBANKING
TX_42_3644_9184,1,1,101.572969,323404,G2,NETBANKING
TX_42_3645_4548,0,0,4.845035,361253,G2,CARD
TX_42_3646_9845,0,0,7.469553,265530,G1,WALLET
TX_42_3647_6553,0,0,7.680227,440024,G4,NETBANKING
TX_42_3648_2158,0,0,5.120574,331225,G3,UPI
TX_42_3649_6063,0,0,7.835077,157332,G1,UPI
TX_42_364_4424,0,0,6.26481,572296,G1,UPI
TX_42_3650_5170,0,0,9.117918,138756,G1,UPI
TX_42_3652_7045,0,0,7.466961,65593,G2,NETBANKING
TX_42_3653_3700,0,0,6.407262,118900,G3,CARD
TX_42_3654_4964,0,0,6.147683,90060,G2,UPI
TX_42_3655_5042,0,0,5.209245,128997,G3,UPI
TX_42_3656_4045,0,0,4.972179,185609,G1,WALLET
TX_42_3657_9906,0,0,5.706298,130847,G3,CARD
TX_42_3658_9004,0,0,5.653053,144233,G3,CARD
TX_42_3659_7031,1,1,131.058234,313353,G4,UPI
TX_42_365_9556,0,0,5.293274,332236,G1,NETBANKING
TX_42_3660_9866,0,0,5.637292,432399,G2,CARD
TX_42_3661_7976,0,0,10.065579,240617,G1,UPI
TX_42_3662_5380,0,0,3.68665,129949,G4,UPI
TX_42_3663_4934,1,1,37.506259,462179,G2,UPI
TX_42_3664_9897,0,0,7.527373,293400,G4,UPI
TX_42_3665_8549,0,0,7.51145,157254,G1,CARD
TX_42_3666_6296,0,0,9.350031,151534,G1,UPI
TX_42_3667_1510,0,0,5.938548,196133,G1,WALLET
TX_42_3668_1723,0,0,7.40226,117827,G2,UPI
TX_42_3669_2065,0,0,4.940853,196566,G3,UPI
TX_42_3670_8405,1,1,92.218201,176859,G1,NETBANKING
TX_42_3671_1600,0,0,8.488257,53662,G2,NETBANKING
TX_42_3672_6568,0,0,5.078665,522338,G3,CARD
TX_42_3673_7201,0,0,7.822828,283051,G3,UPI
TX_42_3674_3945,1,1,147.897352,307960,G1,NETBANKING
TX_42_3675_4883,0,0,5.552993,272709,G3,CARD
TX_42_3676_5100,1,1,134.413787,59155,G1,UPI
TX_42_3677_2418,0,0,5.5195419999999995,360020,G1,CARD
TX_42_3678_8143,0,0,6.564548,367223,G2,CARD
TX_42_3679_8183,0,0,7.864235,456545,G4,CARD
TX_42_367_4247,0,0,6.070962,238647,G2,WALLET
TX_42_3680_1895,0,0,7.158518,334208,G2,UPI
TX_42_3681_2260,0,0,4.584273,230650,G1,UPI
TX_42_3682_3892,0,0,6.890119,451111,G1,UPI
TX_42_3683_2650,0,0,8.193767,140555,G2,UPI
TX_42_3684_7311,0,0,5.356378,163396,G1,NETBANKING
TX_42_3686_4932,1,1,299.355285,415859,G3,UPI
TX_42_3687_6846,0,0,8.427833,114399,G3,CARD
TX_42_3688_6012,0,0,6.713383,330354,G2,NETBANKING
TX_42_3690_5877,0,0,7.86645,359448,G3,UPI
TX_42_3691_9361,0,0,9.385149,397197,G1,UPI
TX_42_3692_6672,0,0,8.265134,96712,G3,CARD
TX_42_3693_5026,0,0,9.290661,136460,G1,NETBANKING
TX_42_3694_8553,0,0,5.932463,375741,G1,CARD
TX_42_3695_8901,0,0,5.683234,191955,G2,UPI
TX_42_3696_4105,0,0,6.243961,80656,G2,UPI
TX_42_3698_3894,0,0,4.63481,343499,G1,UPI
TX_42_369_9600,0,0,6.598401,88701,G3,UPI
TX_42_3700_8201,0,0,8.511791,489460,G1,UPI
TX_42_3701_3801,0,0,7.78855,91760,G1,UPI
TX_42_3702_1857,0,0,8.514879,335398,G2,CARD
TX_42_3703_7793,1,1,89.969239,103037,G2,UPI
TX_42_3704_4396,0,0,6.128491,323820,G1,NETBANKING
TX_42_3706_4107,0,0,7.020624,373679,G1,UPI
TX_42_3707_3558,0,0,7.913953,117656,G2,CARD
TX_42_370_1158,0,0,4.670844,117519,G1,UPI
TX_42_3710_8436,0,0,5.347484,332600,G3,UPI
TX_42_3711_9967,1,1,82.459443,402409,G1,CARD
TX_42_3713_8689,0,0,7.352027,276971,G2,CARD
TX_42_3714_6550,0,0,3.596241,405017,G4,UPI
TX_42_3715_7358,0,0,4.90821,57267,G1,UPI
TX_42_3716_9779,0,0,7.136403,158776,G1,CARD
TX_42_3718_5373,1,1,210.064945,166217,G1,CARD
TX_42_3719_3583,0,0,6.052605,366461,G2,UPI
TX_42_371_3306,0,0,6.680387,146830,G1,CARD
TX_42_3720_8006,0,0,6.817042,283297,G4,UPI
TX_42_3722_7437,0,0,8.402091,399634,G3,WALLET
TX_42_3723_3839,0,0,6.400541,105306,G1,UPI
TX_42_3724_1249,1,1,310.119914,235036,G2,UPI
TX_42_3725_3592,0,0,3.928497,151403,G2,UPI
TX_42_3726_1703,0,0,9.35144,222153,G3,CARD
TX_42_3727_6512,0,0,9.829062,517533,G1,UPI
TX_42_3728_8210,0,0,6.831567,155254,G4,UPI
TX_42_3729_9466,0,0,3.3798529999999998,164738,G2,UPI
TX_42_372_1567,0,0,9.433566,120693,G1,UPI
TX_42_3730_6201,0,0,4.797918,89182,G2,UPI
TX_42_3731_1084,0,0,7.850656,130575,G4,NETBANKING
TX_42_3733_8258,0,0,7.443488,256151,G1,CARD
TX_42_3734_3511,0,0,8.496784,157739,G4,UPI
TX_42_3735_6674,0,0,5.912494,511504,G3,CARD
TX_42_3736_4563,0,0,6.923125,428443,G3,WALLET
TX_42_3737_7944,0,0,9.336282,252339,G2,CARD
TX_42_3738_7966,0,0,8.517711,465738,G4,CARD
TX_42_3739_2352,0,0,4.632473,436734,G1,UPI
TX_42_373_1465,0,0,3.60882,343952,G2,CARD
TX_42_3740_2249,0,0,6.7359290000000005,528140,G1,NETBANKING
TX_42_3743_6499,0,0,8.011011,298463,G4,UPI
TX_42_3744_4473,1,1,150.098287,208229,G3,CARD
TX_42_3745_4725,0,0,5.847781,355207,G1,UPI
TX_42_3746_3367,0,0,6.221839,171000,G1,UPI
TX_42_3747_4378,0,0,9.234389,157854,G3,UPI
TX_42_3749_7493,0,0,7.743636,206536,G2,UPI
TX_42_374_3369,0,0,8.193924,354718,G1,UPI
TX_42_3750_7464,1,1,176.044625,478403,G1,UPI
TX_42_3751_7145,1,1,217.128574,395219,G4,UPI
TX_42_3753_3307,1,1,249.399402,152843,G2,UPI
TX_42_3754_1644,0,0,9.337046,437281,G1,UPI
TX_42_3755_7755,0,0,7.135258,152821,G4,UPI
TX_42_3756_5905,1,1,244.144042,167201,G1,CARD
TX_42_3757_1527,0,0,5.94062,129786,G3,UPI
TX_42_3758_7555,0,0,8.228627,120880,G2,CARD
TX_42_375_9001,0,0,8.177014,194624,G2,UPI
TX_42_3761_9599,0,0,7.481039,248227,G2,UPI
TX_42_3762_4410,0,0,7.920273,456424,G1,UPI
TX_42_3763_8614,0,0,5.412656,426812,G3,CARD
TX_42_3764_1185,1,1,169.951541,246606,G1,UPI
TX_42_3765_5694,1,1,245.530836,99982,G1,UPI
TX_42_3766_2098,0,0,6.475095,132372,G1,UPI
TX_42_3767_7581,0,0,8.450859,127391,G1,CARD
TX_42_3769_2460,0,0,7.264734,191582,G1,UPI
TX_42_376_9412,0,0,8.428147,431406,G2,NETBANKING
TX_42_3770_2369,0,0,5.99038,291501,G3,UPI
TX_42_3771_1372,0,0,7.586744,424733,G4,UPI
TX_42_3772_6763,0,0,10.004173,66729,G2,CARD
TX_42_3775_8939,0,0,3.7707889999999997,104671,G1,CARD
TX_42_3776_2266,0,0,7.721004,116226,G2,CARD
TX_42_3778_1679,0,0,8.813879,177694,G2,UPI
TX_42_3780_7968,0,0,7.678853,492209,G3,CARD
TX_42_3782_7846,0,0,6.187222,147445,G3,CARD
TX_42_3783_6833,0,0,8.009077,151050,G1,CARD
TX_42_3784_1462,0,0,5.832675,310296,G2,UPI
TX_42_3785_1317,0,0,7.724553,280675,G2,CARD
TX_42_3787_1414,0,0,5.940456,206366,G1,UPI
TX_42_3788_9161,0,0,9.529862,104180,G3,UPI
TX_42_3789_2244,0,0,8.150046,68649,G1,UPI
TX_42_3790_1725,1,1,141.748974,387397,G1,UPI
TX_42_3792_6190,0,0,6.543714,296203,G4,CARD
TX_42_3793_2399,0,0,8.76672,165580,G1,UPI
TX_42_3794_3269,0,0,7.948175,231841,G3,NETBANKING
TX_42_3795_5165,0,0,5.403379,75675,G3,CARD
TX_42_3796_8583,0,0,5.577705,349781,G3,UPI
TX_42_3797_5309,1,1,132.509285,148105,G2,UPI
TX_42_3799_6772,1,1,19.478402,322789,G2,UPI
TX_42_379_6768,0,0,7.335372,353455,G2,UPI
TX_42_3800_7621,1,1,48.683351,131731,G3,UPI
TX_42_3803_9024,0,0,5.289858,620511,G2,WALLET
TX_42_3804_2672,0,0,4.3843309999999995,90469,G4,UPI
TX_42_3805_7369,0,0,7.082549,344581,G1,CARD
TX_42_3806_7031,0,0,7.722238,134589,G1,UPI
TX_42_3808_9994,1,1,61.757962,465555,G3,CARD
TX_42_380_1949,1,1,178.34136,68481,G1,NETBANKING
TX_42_3810_5864,0,0,3.161935,212138,G2,UPI
TX_42_3811_4218,1,1,158.576407,109330,G2,UPI
TX_42_3813_1678,0,0,7.551844,89559,G2,UPI
TX_42_3815_3767,0,0,3.234539,114703,G2,CARD
TX_42_3816_1309,0,0,7.232863,174928,G2,UPI
TX_42_3817_3218,0,0,4.715787,130154,G1,UPI
TX_42_3818_6840,0,0,5.468572,335217,G1,WALLET
TX_42_3819_3935,0,0,9.267637,193570,G4,UPI
TX_42_3820_9305,0,0,8.103141,404295,G1,CARD
TX_42_3821_9314,0,0,4.56579,207398,G1,WALLET
TX_42_3822_9067,1,1,200.056119,100824,G1,UPI
TX_42_3823_2766,0,0,9.712356,352747,G2,UPI
TX_42_3824_8397,0,0,8.738877,463356,G1,UPI
TX_42_3825_5855,0,0,6.625573,235443,G1,UPI
TX_42_3826_8513,1,1,281.989936,134302,G1,UPI
TX_42_3827_5722,0,0,7.811807,298278,G3,CARD
TX_42_3828_7694,0,0,4.895656,86006,G2,NETBANKING
TX_42_3829_8009,0,0,9.753361,374717,G1,CARD
TX_42_382_2849,0,0,6.063271,404048,G1,CARD
TX_42_3831_9996,0,0,8.545545,432023,G2,UPI
TX_42_3832_9073,0,0,8.039833,257152,G1,CARD
TX_42_3833_1130,0,0,9.877239,201855,G4,NETBANKING
TX_42_3834_9845,0,0,9.862772,340979,G2,CARD
TX_42_3836_8734,0,0,4.308987,214157,G1,UPI
TX_42_3838_9516,0,0,9.658111,424234,G1,CARD
TX_42_3839_1676,0,0,8.099193,188962,G1,UPI
TX_42_383_6039,0,0,6.999198,304482,G2,UPI
TX_42_3840_1303,1,1,252.723999,303801,G1,UPI
TX_42_3842_6336,0,0,7.059097,322358,G3,CARD
TX_42_3843_7937,0,0,8.709467,178087,G3,NETBANKING
TX_42_3844_5889,1,1,75.875529,155061,G4,UPI
TX_42_3845_4079,0,0,9.005169,102536,G2,CARD
TX_42_3846_4783,0,0,8.823884,107739,G2,WALLET
TX_42_3847_8460,0,0,7.967512,347576,G1,UPI
TX_42_3849_4104,0,0,9.075931,184145,G1,CARD
TX_42_3851_8741,0,0,8.425409,329166,G1,NETBANKING
TX_42_3852_2381,0,0,5.786359,156434,G4,CARD
TX_42_3853_1813,1,1,68.094233,307648,G2,UPI
TX_42_3854_8216,0,0,9.807078,130796,G1,CARD
TX_42_3855_4521,0,0,6.383913,87658,G1,UPI
TX_42_3858_2006,0,0,7.913544,189258,G1,UPI
TX_42_3859_6235,0,0,8.0828,151806,G1,WALLET
TX_42_3860_6256,0,0,8.392515,74513,G1,CARD
TX_42_3861_7982,0,0,9.324523,170803,G4,WALLET
TX_42_3863_8731,0,0,10.694188,181051,G1,UPI
TX_42_3865_9526,0,0,5.71009,114535,G1,UPI
TX_42_3867_7386,0,0,5.256522,149978,G1,WALLET
TX_42_3868_7306,0,0,8.029081,459415,G1,CARD
TX_42_3869_4374,0,0,8.955257,119466,G1,UPI
TX_42_386_6486,0,0,6.825698,338359,G1,UPI
TX_42_3870_3095,1,1,254.36438,491941,G1,NETBANKING
TX_42_3871_7216,0,0,9.618861,114456,G3,UPI
TX_42_3872_6899,0,0,8.283875,239789,G1,UPI
TX_42_3873_7948,1,1,145.77692,418026,G2,UPI
TX_42_3874_9830,0,0,4.245489,409129,G1,WALLET
TX_42_3875_6666,1,1,131.796419,429612,G2,UPI
TX_42_3876_3102,0,0,6.452406,119576,G3,NETBANKING
TX_42_3878_7883,0,0,6.459235,141083,G2,WALLET
TX_42_3879_6660,0,0,7.281402,148992,G2,CARD
TX_42_387_5107,1,1,118.530202,183406,G4,UPI
TX_42_3880_9083,0,0,6.887995,552209,G1,CARD
TX_42_3881_2830,0,0,10.639111,94223,G3,UPI
TX_42_3883_6808,1,1,131.177439,104840,G2,UPI
TX_42_3885_3624,1,1,279.954113,207074,G1,UPI
TX_42_3886_9207,0,0,6.912735,389340,G2,CARD
TX_42_3887_8814,0,0,7.773589,249134,G1,UPI
TX_42_3888_5827,1,1,116.335783,198634,G1,UPI
TX_42_3889_9041,1,1,132.216682,203358,G1,WALLET
TX_42_388_8196,1,1,308.357357,185598,G1,CARD
TX_42_3890_1314,0,0,5.899871,246346,G1,UPI
TX_42_3891_8971,0,0,7.41938,184141,G3,CARD
TX_42_3893_5572,0,0,9.799214,557620,G2,CARD
TX_42_3894_2908,0,0,3.663927,319901,G3,CARD
TX_42_3895_6590,0,0,8.093071,436453,G2,UPI
TX_42_3896_2740,1,1,46.823755,400361,G1,UPI
TX_42_3897_7173,0,0,5.068956,349293,G1,UPI
TX_42_3898_7588,0,0,8.348144,547207,G2,UPI
TX_42_389_1492,0,0,4.968763,411252,G1,UPI
TX_42_38_4866,1,1,303.466818,196347,G3,UPI
TX_42_3900_1601,0,0,6.541644,162045,G2,CARD
TX_42_3901_8478,0,0,5.085837,447429,G2,CARD
TX_42_3903_9824,0,0,6.298644,417112,G1,NETBANKING
TX_42_3904_6587,0,0,9.01329,160398,G2,UPI
TX_42_3905_1228,0,0,7.972868,167240,G3,UPI
TX_42_3906_2177,0,0,7.224801,159747,G2,UPI
TX_42_3907_2613,0,0,7.295587,390389,G4,CARD
TX_42_3909_9756,0,0,5.794693,201571,G2,UPI
TX_42_390_8556,0,0,8.598429,244428,G4,UPI
TX_42_3910_8447,0,0,3.901425,75392,G1,UPI
TX_42_3912_7728,0,0,7.706775,333272,G1,NETBANKING
TX_42_3913_7210,0,0,4.591549,117380,G1,CARD
TX_42_3914_4296,0,0,7.574416,122709,G1,CARD
TX_42_3915_3307,0,0,7.75886,652351,G2,CARD
TX_42_3916_9111,0,0,7.666951,342632,G3,CARD
TX_42_3917_1872,0,0,8.419745,60894,G2,NETBANKING
TX_42_3918_4784,0,0,8.390689,134258,G1,CARD
TX_42_3919_4339,0,0,7.693107,272802,G1,UPI
TX_42_3921_7788,0,0,7.330082,179490,G4,UPI
TX_42_3923_3927,0,0,4.102631,170996,G2,WALLET
TX_42_3924_4083,0,0,8.286784,496990,G4,UPI
TX_42_3925_4520,0,0,6.718637,383806,G2,UPI
TX_42_3926_7518,0,0,7.496528,250800,G2,WALLET
TX_42_3927_8344,0,0,7.3466190000000005,198872,G2,CARD
TX_42_3928_5427,0,0,9.124534,108731,G3,CARD
TX_42_3929_4960,0,0,10.536512,372547,G4,UPI
TX_42_392_1942,0,0,7.520431,361298,G1,UPI
TX_42_3930_9597,0,0,4.729979,295865,G3,UPI
TX_42_3931_4971,0,0,6.935767,188256,G2,UPI
TX_42_3932_2226,0,0,5.467126,187854,G4,WALLET
TX_42_3933_3173,0,0,6.000793,111239,G1,UPI
TX_42_3934_8903,0,0,5.223482,176629,G4,UPI
TX_42_3935_6140,0,0,7.184611,171976,G1,UPI
TX_42_3936_9833,0,0,5.942802,392484,G2,CARD
TX_42_3937_3110,0,0,6.566785,216319,G4,CARD
TX_42_3939_7867,0,0,11.166462,134863,G3,UPI
TX_42_393_1236,0,0,7.150754,161357,G4,UPI
TX_42_3941_7343,0,0,9.620698,129928,G1,WALLET
TX_42_3942_5074,0,0,5.5878,273969,G1,UPI
TX_42_3943_5807,0,0,6.003623,58583,G3,UPI
TX_42_3944_8621,0,0,7.610738,261174,G4,CARD
TX_42_3945_5083,0,0,5.052446,197123,G3,NETBANKING
TX_42_3946_3593,0,0,8.208614,295307,G1,CARD
TX_42_3948_6878,0,0,5.361677,266143,G1,UPI
TX_42_3949_1104,0,0,8.924461,435484,G3,CARD
TX_42_3950_4806,0,0,6.472033,132739,G1,UPI
TX_42_3951_3388,0,0,5.9084,187209,G1,WALLET
TX_42_3952_2336,0,0,9.407145,185486,G1,NETBANKING
TX_42_3953_8866,0,0,5.770182,532034,G2,UPI
TX_42_3954_9303,1,1,267.760563,109314,G4,CARD
TX_42_3955_3459,0,0,5.380914,497814,G1,WALLET
TX_42_3957_9856,0,0,6.841602,249254,G1,WALLET
TX_42_3958_9368,0,0,8.841297,189466,G3,UPI
TX_42_3959_4058,0,0,8.921551000000001,138649,G2,UPI
TX_42_395_4759,0,0,7.5030149999999995,426120,G1,UPI
TX_42_3960_5006,1,1,142.763592,262072,G1,NETBANKING
TX_42_3962_3741,0,0,8.835092,73333,G1,CARD
TX_42_3963_2379,0,0,10.539743,454052,G3,NETBANKING
TX_42_3964_2293,0,0,7.101664,264721,G1,UPI
TX_42_3965_1507,0,0,8.332462,152319,G3,WALLET
TX_42_3966_7473,0,0,8.338234,75946,G2,UPI
TX_42_3968_1948,0,0,4.728038,159861,G1,CARD
TX_42_3969_4048,1,1,191.167738,153244,G2,WALLET
TX_42_396_1279,0,0,9.15645,105322,G2,UPI
TX_42_3971_2386,0,0,7.985862,242358,G2,CARD
TX_42_3972_8720,0,0,7.669152,396810,G2,UPI
TX_42_3973_6200,0,0,5.462389,143904,G2,UPI
TX_42_3974_8002,0,0,8.262972,192511,G1,CARD
TX_42_3977_8274,0,0,7.53581,285031,G2,CARD
TX_42_3978_4203,0,0,5.022357,422782,G1,NETBANKING
TX_42_3979_5664,0,0,5.057835,274152,G1,CARD
TX_42_397_5841,0,0,5.3729,473746,G4,WALLET
TX_42_3981_5391,0,0,6.68576,411778,G1,UPI
TX_42_3982_2600,0,0,7.489065,431372,G1,UPI
TX_42_3983_2614,0,0,6.185626,424507,G3,UPI
TX_42_3985_5617,0,0,6.716982,491534,G1,NETBANKING
TX_42_3986_8018,1,1,165.709816,170607,G3,UPI
TX_42_3987_4055,0,0,4.5123619999999995,250062,G2,UPI
TX_42_3988_6237,0,0,10.26041,167536,G2,UPI
TX_42_3989_9301,0,0,5.308869,348143,G4,UPI
TX_42_3990_4544,0,0,6.070946,177256,G2,WALLET
TX_42_3991_3725,0,0,7.148007,558944,G1,UPI
TX_42_3993_3039,0,0,6.148621,556531,G3,CARD
TX_42_3997_7756,0,0,5.463954,74725,G1,CARD
TX_42_3998_9656,0,0,8.035429,158390,G1,UPI
TX_42_3999_9464,0,0,9.26587,197327,G2,UPI
TX_42_39_9832,0,0,9.748163,335590,G1,UPI
TX_42_4000_8463,0,0,7.862172,182254,G2,UPI
TX_42_4003_8864,0,0,7.149306,350616,G1,UPI
TX_42_4004_8146,0,0,9.104715,440831,G2,NETBANKING
TX_42_4005_9160,0,0,6.616505,88270,G3,UPI
TX_42_4006_1288,1,1,169.650707,185745,G1,UPI
TX_42_4007_2783,1,1,152.069541,165164,G1,NETBANKING
TX_42_4008_8554,0,0,7.670921,201320,G2,NETBANKING
TX_42_4009_5335,0,0,7.791003,446031,G1,UPI
TX_42_4010_9698,0,0,8.130938,220762,G1,UPI
TX_42_4011_2116,0,0,7.087666,279758,G1,NETBANKING
TX_42_4012_2896,0,0,5.807576,699554,G2,NETBANKING
TX_42_4014_3384,1,1,98.691804,364159,G2,UPI
TX_42_4015_6513,0,0,7.279173,184731,G2,NETBANKING
TX_42_4018_6089,0,0,7.157193,316657,G3,CARD
TX_42_4019_3310,0,0,9.543911,153022,G1,UPI
TX_42_4020_2868,0,0,9.752318,147883,G4,CARD
TX_42_4021_7130,0,0,6.444476,114515,G4,NETBANKING
TX_42_4023_3050,0,0,8.477914,125770,G1,WALLET
TX_42_4024_9884,0,0,7.501863,72409,G2,UPI
TX_42_4025_4799,0,0,9.146109,52547,G1,CARD
TX_42_4027_1611,0,0,6.393349,77650,G1,UPI
TX_42_4028_3875,0,0,6.580847,551048,G1,UPI
TX_42_4029_2758,0,0,8.720275,191596,G1,UPI
TX_42_402_2615,0,0,4.896288,190375,G2,CARD
TX_42_4031_9342,0,0,4.659793,244710,G4,UPI
TX_42_4033_3077,0,0,7.634233,433031,G1,WALLET
TX_42_4034_8880,0,0,7.527355,90589,G1,CARD
TX_42_4035_9023,1,1,235.831518,281013,G1,UPI
TX_42_4036_7905,0,0,5.327999,402727,G2,NETBANKING
TX_42_4037_5783,1,1,97.068719,414046,G4,UPI
TX_42_4038_1363,0,0,6.933145,172227,G2,CARD
TX_42_4039_7965,0,0,7.695244,289204,G2,UPI
TX_42_4040_3066,0,0,7.757076,361755,G3,UPI
TX_42_4042_3958,1,1,107.990063,324368,G1,UPI
TX_42_4043_4819,0,0,7.188233,385746,G2,CARD
TX_42_4044_7831,0,0,6.028225,133750,G4,UPI
TX_42_4045_9780,0,0,4.954559,289863,G2,NETBANKING
TX_42_4046_1236,0,0,3.559554,440595,G2,WALLET
TX_42_4047_3973,0,0,10.606413,140950,G1,NETBANKING
TX_42_4048_1414,0,0,7.020694,205483,G2,UPI
TX_42_4049_6764,0,0,5.593547,57627,G4,CARD
TX_42_404_6030,0,0,6.325534,79288,G1,UPI
TX_42_4050_1451,0,0,8.193874,145140,G3,NETBANKING
TX_42_4053_1709,1,1,26.503315,405695,G2,WALLET
TX_42_4054_8957,0,0,6.61861,347262,G1,UPI
TX_42_4055_5317,0,0,6.34906,69978,G3,UPI
TX_42_4056_5392,1,1,19.110614,335875,G2,CARD
TX_42_4058_3593,0,0,7.027257,380040,G3,UPI
TX_42_405_3395,1,1,35.48309,607925,G2,CARD
TX_42_4061_3608,0,0,6.073565,141290,G2,UPI
TX_42_4062_3387,0,0,9.413544,104918,G4,WALLET
TX_42_4063_5149,0,0,6.422025,309631,G1,CARD
TX_42_4064_8137,1,1,31.163445,210534,G2,UPI
TX_42_4067_6839,1,1,271.18485,159471,G3,UPI
TX_42_4068_2472,1,1,180.983697,185731,G2,NETBANKING
TX_42_4069_9252,0,0,7.774214,137961,G3,UPI
TX_42_406_9835,0,0,8.916991,239390,G3,CARD
TX_42_4070_9951,0,0,7.217364,110420,G3,WALLET
TX_42_4071_8190,0,0,6.52359,54772,G1,UPI
TX_42_4072_7759,1,1,118.243891,271327,G3,CARD
TX_42_4073_8147,0,0,4.937011,185598,G1,CARD
TX_42_4074_9486,0,0,6.977754,198839,G1,WALLET
TX_42_4075_2616,0,0,7.963684,249164,G1,UPI
TX_42_4076_3988,0,0,5.839395,418523,G1,UPI
TX_42_4077_3412,0,0,7.46351,107958,G1,CARD
TX_42_4078_4485,0,0,7.972709,153113,G3,UPI
TX_42_4079_3515,0,0,9.178276,508825,G1,UPI
TX_42_407_8746,0,0,11.32236,136460,G1,CARD
TX_42_4081_8309,1,1,75.918427,181538,G3,CARD
TX_42_4082_7438,0,0,8.070912,132271,G2,UPI
TX_42_4083_5139,0,0,5.820398,240686,G1,NETBANKING
TX_42_4084_3356,0,0,6.291549,257699,G3,WALLET
TX_42_4085_4507,0,0,7.402674,429727,G3,UPI
TX_42_4087_9298,0,0,7.162389,260165,G1,WALLET
TX_42_4088_8831,1,1,53.203994,180347,G1,UPI
TX_42_408_8041,0,0,5.782755,218183,G3,NETBANKING
TX_42_4090_3161,0,0,6.358895,460837,G1,CARD
TX_42_4091_4997,0,0,5.642949,119138,G3,UPI
TX_42_4092_4380,0,0,9.261841,252416,G1,WALLET
TX_42_4093_1675,0,0,3.146585,181318,G3,CARD
TX_42_4094_8580,0,0,5.748208,284197,G3,UPI
TX_42_4095_3388,0,0,7.367619,223535,G1,UPI
TX_42_4096_9483,0,0,10.22576,205530,G2,UPI
TX_42_4097_6130,1,1,127.659727,482908,G2,UPI
TX_42_4098_9068,1,1,252.963465,216258,G1,CARD
TX_42_40_8493,0,0,9.618044,350782,G3,CARD
TX_42_4101_9270,0,0,6.328095,240472,G1,CARD
TX_42_4103_1941,0,0,6.07357,62111,G1,UPI
TX_42_4104_9808,0,0,6.650629,219202,G1,CARD
TX_42_4105_4589,0,0,8.942995,286569,G1,UPI
TX_42_4106_6239,0,0,5.728872,371154,G1,UPI
TX_42_4107_6826,0,0,7.7960139999999996,279597,G3,NETBANKING
TX_42_4108_8921,0,0,5.918424,89939,G2,NETBANKING
TX_42_4109_4189,0,0,3.409531,445405,G3,UPI
TX_42_410_3521,0,0,6.044118,157367,G1,CARD
TX_42_4110_2485,0,0,7.644349,156781,G2,CARD
TX_42_4111_7193,0,0,7.213559,139040,G2,UPI
TX_42_4113_5634,0,0,5.596861,322785,G1,UPI
TX_42_4114_3423,0,0,9.617233,469348,G2,UPI
TX_42_4115_2990,1,1,237.222287,382637,G1,UPI
TX_42_4116_8275,0,0,5.91475,232313,G1,UPI
TX_42_4117_7433,0,0,6.228397,448318,G3,UPI
TX_42_4118_8797,0,0,5.284662,91800,G2,CARD
TX_42_4120_3270,0,0,8.783629,189077,G1,CARD
TX_42_4121_9865,0,0,4.88467,100818,G1,CARD
TX_42_4122_6487,0,0,9.001766,75742,G2,NETBANKING
TX_42_4123_9031,0,0,6.849429,245897,G1,CARD
TX_42_4124_1406,0,0,5.780504,454466,G4,CARD
TX_42_4126_3651,0,0,7.602246,257243,G1,CARD
TX_42_4127_8511,0,0,6.657199,61498,G3,UPI
TX_42_412_1079,0,0,6.476558,205418,G1,NETBANKING
TX_42_4130_9797,0,0,9.456969,559729,G3,NETBANKING
TX_42_4131_3789,0,0,8.114121,585130,G2,UPI
TX_42_4133_7596,0,0,6.639798,174101,G1,CARD
TX_42_4134_1622,0,0,5.592919,458674,G1,CARD
TX_42_4135_6860,0,0,6.950191,181285,G2,CARD
TX_42_4136_2372,0,0,5.628164,526826,G1,UPI
TX_42_4137_1960,1,1,64.975576,382294,G2,UPI
TX_42_4138_4087,0,0,7.780912,334143,G2,CARD
TX_42_413_6715,0,0,9.669823,336835,G1,UPI
TX_42_4140_1370,0,0,3.9721130000000002,306996,G1,CARD
TX_42_4141_8017,0,0,7.847387,279057,G2,UPI
TX_42_4142_1322,0,0,10.095275,208268,G1,UPI
TX_42_4143_7437,0,0,8.212304,149782,G1,CARD
TX_42_4144_8237,0,0,5.987153,448125,G2,WALLET
TX_42_4146_8676,1,1,120.591511,408561,G2,UPI
TX_42_4147_6801,0,0,9.310459,360354,G1,UPI
TX_42_4148_7932,0,0,6.477028,347992,G2,NETBANKING
TX_42_4149_3075,0,0,8.836181,159156,G2,WALLET
TX_42_414_8008,0,0,9.994658,164126,G2,CARD
TX_42_4151_4249,0,0,7.787147,395307,G3,UPI
TX_42_4152_9506,1,1,285.101668,68443,G1,UPI
TX_42_4154_7272,0,0,4.470855,84381,G1,CARD
TX_42_4155_6732,1,1,168.229522,358086,G3,UPI
TX_42_4157_9022,0,0,8.093945,431745,G2,UPI
TX_42_415_9271,0,0,4.343229,345318,G3,WALLET
TX_42_4160_1347,0,0,6.727827,330503,G2,UPI
TX_42_4162_5318,0,0,9.534185,84192,G1,WALLET
TX_42_4163_7028,0,0,7.084192,152300,G3,CARD
TX_42_4164_7168,0,0,8.229315,219437,G1,CARD
TX_42_4165_1619,0,0,5.883381,389251,G1,NETBANKING
TX_42_4167_9005,0,0,5.814397,395609,G2,CARD
TX_42_4168_8391,0,0,7.353606,497496,G1,UPI
TX_42_416_2134,0,0,10.451606,166730,G3,UPI
TX_42_4170_9217,0,0,4.99281,511801,G1,NETBANKING
TX_42_4171_9989,0,0,5.738485,484306,G4,UPI
TX_42_4172_7950,1,1,79.130436,252319,G1,UPI
TX_42_4173_7720,1,1,85.317225,208168,G4,UPI
TX_42_4174_8306,0,0,8.134067,253646,G1,CARD
TX_42_4175_7092,0,0,6.81674,56646,G2,UPI
TX_42_4176_4358,0,0,5.736847,100414,G2,WALLET
TX_42_4177_5693,0,0,4.726846,275370,G2,CARD
TX_42_4178_2646,1,1,217.408238,104729,G1,UPI
TX_42_4179_2924,0,0,4.76127,108622,G3,UPI
TX_42_417_4700,0,0,8.948322,472452,G1,UPI
TX_42_4180_6522,0,0,8.028539,115692,G2,UPI
TX_42_4181_9885,0,0,5.129122,283646,G3,CARD
TX_42_4182_6941,0,0,10.629389,137712,G4,UPI
TX_42_4183_1552,1,1,56.594638,350655,G1,UPI
TX_42_4184_6391,1,1,290.109363,246107,G2,CARD
TX_42_4185_7661,0,0,6.98615,307155,G2,UPI
TX_42_4186_7700,0,0,6.120146,233412,G1,CARD
TX_42_4188_7649,0,0,8.17903,177122,G1,UPI
TX_42_4189_6231,1,1,226.633707,129043,G2,UPI
TX_42_418_3899,0,0,10.28183,547473,G2,UPI
TX_42_4190_5985,0,0,7.7894179999999995,283121,G4,UPI
TX_42_4191_2062,0,0,8.536802,160838,G3,CARD
TX_42_4192_8517,0,0,7.808757,178833,G2,CARD
TX_42_4193_6165,0,0,8.139202,383670,G1,UPI
TX_42_4194_4326,0,0,7.801168,100333,G1,UPI
TX_42_4195_6434,0,0,5.65554,110453,G3,UPI
TX_42_4197_4740,0,0,4.382407,171590,G1,NETBANKING
TX_42_4198_1652,0,0,6.256361,493927,G3,CARD
TX_42_4199_2228,0,0,6.862697,321411,G1,UPI
TX_42_41_4512,0,0,4.917343,445560,G2,CARD
TX_42_4200_2309,1,1,165.243842,36666,G1,UPI
TX_42_4202_7968,1,1,78.377163,264728,G1,CARD
TX_42_4203_8677,0,0,7.045717,102475,G1,UPI
TX_42_4204_6928,1,1,280.85768,142405,G1,UPI
TX_42_4205_5937,0,0,5.610544,371295,G4,CARD
TX_42_4207_1771,0,0,7.699828,157655,G2,WALLET
TX_42_4208_4001,0,0,6.423287,265925,G1,UPI
TX_42_4209_4519,0,0,7.651851,58482,G4,NETBANKING
TX_42_420_6386,0,0,5.80805,307502,G2,WALLET
TX_42_4210_9166,0,0,8.655033,356219,G1,UPI
TX_42_4213_5311,1,1,185.352813,114089,G2,CARD
TX_42_4214_8281,1,1,44.830315,152333,G3,WALLET
TX_42_4216_4194,0,0,5.844296,320944,G4,WALLET
TX_42_4217_7584,0,0,9.661956,153339,G4,CARD
TX_42_4218_5154,0,0,7.465816,73396,G2,UPI
TX_42_421_3015,0,0,7.778399,165177,G2,WALLET
TX_42_4221_5985,0,0,6.792618,341447,G2,UPI
TX_42_4222_8189,0,0,9.046255,154719,G2,CARD
TX_42_4223_6508,1,1,37.310692,57087,G2,UPI
TX_42_4224_8543,0,0,5.105134,251873,G3,UPI
TX_42_4225_5105,0,0,5.718672,96041,G1,UPI
TX_42_4226_3281,0,0,7.223719,91939,G1,UPI
TX_42_4227_4109,0,0,8.434523,154380,G1,UPI
TX_42_4228_6243,1,1,173.935222,103749,G1,UPI
TX_42_4229_3052,0,0,5.10695,157642,G2,UPI
TX_42_422_2886,0,0,9.42105,121177,G1,CARD
TX_42_4230_2537,0,0,6.295135,171235,G4,UPI
TX_42_4231_8454,0,0,5.683058,153929,G4,CARD
TX_42_4232_3333,0,0,6.383287,266978,G2,CARD
TX_42_4233_4329,1,1,197.467646,352968,G4,UPI
TX_42_4234_2940,1,1,216.697437,379295,G1,UPI
TX_42_4235_6274,0,0,7.985841,248774,G1,CARD
TX_42_4236_1786,1,1,61.363246,103129,G2,UPI
TX_42_4237_6156,0,0,9.921453,192469,G3,CARD
TX_42_4239_2564,0,0,7.874999,179066,G1,UPI
TX_42_423_6025,0,0,7.241338,430580,G2,CARD
TX_42_4240_1508,0,0,7.317714,450210,G1,UPI
TX_42_4241_7567,0,0,5.699972,332468,G3,UPI
TX_42_4243_9062,0,0,7.568284,585236,G1,UPI
TX_42_4247_2455,0,0,5.032799,133838,G1,CARD
TX_42_4249_5657,0,0,4.6816569999999995,350324,G4,UPI
TX_42_4250_2603,0,0,5.152376,167210,G1,UPI
TX_42_4251_6072,0,0,8.038531,475698,G4,CARD
TX_42_4252_3860,1,1,129.094515,205596,G1,CARD
TX_42_4253_5667,0,0,5.2628070000000005,146946,G2,UPI
TX_42_4254_9711,1,1,31.023577,502813,G2,CARD
TX_42_4257_6039,1,1,224.495161,369174,G1,CARD
TX_42_4259_2643,0,0,5.739046,124641,G1,UPI
TX_42_425_1287,0,0,10.799766,255347,G3,UPI
TX_42_4260_9057,0,0,3.2063,72602,G1,CARD
TX_42_4261_7609,0,0,8.74356,197039,G3,CARD
TX_42_4262_9261,0,0,8.093468,288469,G1,UPI
TX_42_4264_1556,1,1,119.329506,167343,G2,UPI
TX_42_4265_3082,1,1,264.024878,166711,G1,UPI
TX_42_4266_2868,0,0,9.527056,361610,G2,UPI
TX_42_4267_2976,1,1,106.171449,145653,G1,UPI
TX_42_426_1947,0,0,7.7985430000000004,385429,G2,CARD
TX_42_4270_5811,1,1,231.371969,115589,G3,UPI
TX_42_4271_4075,0,0,9.025752,121581,G1,CARD
TX_42_4272_9976,0,0,6.674899,500568,G1,CARD
TX_42_4274_4700,0,0,6.201877,366685,G4,NETBANKING
TX_42_4275_6918,0,0,6.087828,518351,G2,UPI
TX_42_4276_8764,0,0,6.432964,449886,G2,NETBANKING
TX_42_4277_2194,0,0,9.645411,118232,G2,UPI
TX_42_4279_9059,0,0,7.626393,72999,G1,CARD
TX_42_427_3511,1,1,90.30929,630594,G1,NETBANKING
TX_42_4280_9849,0,0,7.96815,306992,G3,CARD
TX_42_4281_4435,0,0,5.720224,176469,G1,CARD
TX_42_4282_5868,0,0,9.891332,128639,G2,CARD
TX_42_4283_8231,0,0,6.4564070000000005,271730,G2,CARD
TX_42_4284_8002,0,0,9.775343,328427,G1,WALLET
TX_42_4285_8269,0,0,7.9557970000000005,374157,G3,WALLET
TX_42_4286_1166,0,0,6.882659,234034,G1,CARD
TX_42_4288_5828,0,0,6.560099,552819,G3,CARD
TX_42_4289_8947,0,0,4.936545,300167,G3,CARD
TX_42_428_4927,0,0,8.591403,153062,G3,UPI
TX_42_4290_1168,0,0,6.196985,81931,G3,WALLET
TX_42_4291_8351,1,1,227.764666,140851,G1,UPI
TX_42_4292_3181,0,0,7.821025,106678,G4,CARD
TX_42_4294_7434,0,0,7.665635,81480,G4,CARD
TX_42_4295_9919,0,0,7.795936,156994,G1,UPI
TX_42_4296_7648,1,1,130.5772,133731,G4,UPI
TX_42_4298_8146,0,0,5.312633,200776,G4,UPI
TX_42_429_1027,0,0,8.723286,439561,G1,UPI
TX_42_42_7578,0,0,7.373521,269120,G2,NETBANKING
TX_42_4300_2925,0,0,9.666603,353644,G1,CARD
TX_42_4302_4856,0,0,4.200551,121889,G1,CARD
TX_42_4304_2468,1,1,182.222917,319537,G2,CARD
TX_42_4306_3978,0,0,5.331028,297931,G3,UPI
TX_42_4307_4559,0,0,6.170835,219227,G1,UPI
TX_42_4308_6279,0,0,7.89967,111892,G3,CARD
TX_42_4309_7490,1,1,225.192981,191931,G2,UPI
TX_42_430_4647,0,0,7.639625,402063,G1,UPI
TX_42_4310_1979,0,0,7.204238,308657,G4,UPI
TX_42_4311_2222,0,0,6.6276019999999995,299211,G4,NETBANKING
TX_42_4312_4184,1,1,32.125547,210999,G2,CARD
TX_42_4313_2258,0,0,8.168867,522598,G3,UPI
TX_42_4315_6620,0,0,10.108971,369636,G1,CARD
TX_42_4316_7981,1,1,282.913906,289311,G3,UPI
TX_42_4317_3317,0,0,4.952222,514971,G1,UPI
TX_42_4318_9249,1,1,77.678062,126035,G2,UPI
TX_42_4319_7140,0,0,6.547516,95912,G4,UPI
TX_42_4320_2953,0,0,9.839504999999999,86443,G1,NETBANKING
TX_42_4321_8200,1,1,103.303943,209422,G4,NETBANKING
TX_42_4322_1621,0,0,5.778754,421603,G3,CARD
TX_42_4323_9556,1,1,316.252434,74798,G2,UPI
TX_42_4326_7463,0,0,6.6962589999999995,109691,G3,UPI
TX_42_4327_7868,0,0,8.068762,281315,G1,CARD
TX_42_4328_7150,1,1,37.88404,162278,G3,NETBANKING
TX_42_4329_3716,1,1,287.472937,156951,G1,CARD
TX_42_432_1596,0,0,7.775275,324587,G2,UPI
TX_42_4330_2822,0,0,5.399174,78206,G3,WALLET
TX_42_4331_7472,1,1,264.651542,483889,G2,UPI
TX_42_4333_4034,0,0,4.693873,188564,G1,CARD
TX_42_4335_4873,0,0,4.021113,88863,G3,CARD
TX_42_4336_5099,0,0,8.452161,111232,G1,CARD
TX_42_4337_5750,1,1,292.509299,163680,G3,UPI
TX_42_4338_5445,0,0,4.677447,329256,G3,UPI
TX_42_4339_6540,0,0,6.532142,384589,G2,UPI
TX_42_433_6196,0,0,7.397505,249779,G3,CARD
TX_42_4340_4939,0,0,8.079673,351793,G3,UPI
TX_42_4341_4340,0,0,7.73595,506329,G1,CARD
TX_42_4342_6886,0,0,6.177452,79056,G2,CARD
TX_42_4344_6386,1,1,64.204808,144846,G2,UPI
TX_42_4345_3868,0,0,9.498938,127550,G2,CARD
TX_42_4346_7802,0,0,8.512736,258681,G3,UPI
TX_42_4347_3601,0,0,8.945508,250549,G1,UPI
TX_42_434_9172,1,1,27.853617,331433,G2,CARD
TX_42_4352_7392,0,0,5.996361,135438,G2,UPI
TX_42_4353_9247,0,0,7.187533,560195,G1,NETBANKING
TX_42_4355_1907,0,0,8.860082,246915,G3,CARD
TX_42_4356_6515,0,0,8.016765,578890,G2,NETBANKING
TX_42_4357_4608,0,0,6.727351,128870,G2,WALLET
TX_42_4358_8825,0,0,6.43512,230107,G1,WALLET
TX_42_435_5250,0,0,7.422394,93323,G1,CARD
TX_42_4360_7426,0,0,4.973921,61489,G3,UPI
TX_42_4361_4132,0,0,9.470553,341511,G1,UPI
TX_42_4362_5028,0,0,6.749543,335611,G3,UPI
TX_42_4363_6152,0,0,6.78196,371480,G1,CARD
TX_42_4364_4292,0,0,7.624631,203327,G1,UPI
TX_42_4365_5457,0,0,5.675864,535513,G1,CARD
TX_42_4366_8707,1,1,215.620358,52148,G3,UPI
TX_42_4367_9308,0,0,6.144252,112998,G3,UPI
TX_42_4368_4944,0,0,9.600125,161858,G1,UPI
TX_42_4369_4317,0,0,8.108324,60363,G1,CARD
TX_42_436_6644,0,0,7.468916,398009,G3,UPI
TX_42_4371_7707,0,0,5.611352,601360,G4,NETBANKING
TX_42_4372_7919,0,0,6.528951,448432,G3,CARD
TX_42_4373_1352,0,0,7.992464,388107,G1,CARD
TX_42_4375_7178,0,0,8.252154,515589,G2,CARD
TX_42_4376_7587,0,0,6.010968,621354,G1,UPI
TX_42_4378_1369,1,1,219.742366,39877,G1,UPI
TX_42_437_5723,0,0,9.936745,459612,G2,NETBANKING
TX_42_4381_1848,0,0,9.220048,338903,G3,NETBANKING
TX_42_4382_3800,1,1,268.142548,407611,G1,CARD
TX_42_4383_9294,1,1,213.003636,88752,G1,CARD
TX_42_4384_6538,0,0,6.560649,64765,G3,UPI
TX_42_4385_4715,1,1,158.048762,208030,G1,UPI
TX_42_4387_1536,0,0,5.121427,182654,G4,CARD
TX_42_4388_7723,0,0,9.109627,205401,G2,UPI
TX_42_438_3646,0,0,6.917093,63085,G4,NETBANKING
TX_42_4390_2047,1,1,228.904285,183500,G2,CARD
TX_42_4391_2920,0,0,8.432218,232285,G4,CARD
TX_42_4392_3536,0,0,5.753317,266902,G1,UPI
TX_42_4393_7501,1,1,256.303671,462964,G3,UPI
TX_42_4394_5238,0,0,5.669355,321615,G2,CARD
TX_42_4396_4358,0,0,7.915501,301723,G2,UPI
TX_42_4397_1916,0,0,6.882028,130918,G2,CARD
TX_42_4398_3709,1,1,91.251218,305201,G1,UPI
TX_42_4399_1719,0,0,7.191352,337149,G1,UPI
TX_42_43_1375,0,0,10.100139,147068,G4,WALLET
TX_42_4400_2086,1,1,164.505697,141469,G1,UPI
TX_42_4401_9981,0,0,9.231232,313866,G2,CARD
TX_42_4402_6309,1,1,211.954948,226291,G3,UPI
TX_42_4403_2899,0,0,6.858056,124816,G2,UPI
TX_42_4404_3233,0,0,9.309568,57950,G4,UPI
TX_42_4406_5429,0,0,9.058937,270818,G1,NETBANKING
TX_42_4408_6611,0,0,5.864379,159594,G3,UPI
TX_42_4409_8906,0,0,7.931205,101315,G2,UPI
TX_42_440_9653,0,0,8.771818,168038,G1,UPI
TX_42_4410_3351,0,0,8.364723,464507,G2,NETBANKING
TX_42_4412_4512,0,0,5.450281,197952,G2,CARD
TX_42_4413_1103,0,0,6.201993,317980,G1,UPI
TX_42_4414_8447,0,0,9.435563,108842,G1,UPI
TX_42_4417_8272,0,0,8.775446,133236,G3,UPI
TX_42_4418_4052,0,0,9.647357,159059,G2,UPI
TX_42_4419_4937,0,0,8.814713,295722,G1,WALLET
TX_42_441_7457,0,0,8.584098000000001,205957,G1,CARD
TX_42_4421_4212,0,0,7.653198,80694,G2,WALLET
TX_42_4422_6503,0,0,6.134275,131116,G1,UPI
TX_42_4423_5732,0,0,7.721563,204474,G2,UPI
TX_42_4424_4351,0,0,7.370614,411576,G1,UPI
TX_42_4425_5935,0,0,5.955823,154633,G2,UPI
TX_42_4426_9872,0,0,6.792619,412570,G2,CARD
TX_42_4427_4342,1,1,44.608133,328660,G1,UPI
TX_42_4429_3705,0,0,5.354181,93924,G2,WALLET
TX_42_442_4239,0,0,5.841482,187748,G2,CARD
TX_42_4431_8660,0,0,7.827535,302538,G1,NETBANKING
TX_42_4435_3722,0,0,7.345675,429787,G1,CARD
TX_42_4437_8180,1,1,167.28672,173429,G2,CARD
TX_42_4438_9848,0,0,6.134371,123486,G2,CARD
TX_42_443_9803,0,0,6.775304,129607,G2,UPI
TX_42_4440_4306,0,0,6.088091,68051,G1,CARD
TX_42_4441_2543,0,0,4.163401,216644,G1,CARD
TX_42_4442_2895,0,0,9.633787,86624,G3,UPI
TX_42_4443_3962,0,0,4.824308,239023,G2,UPI
TX_42_4444_5358,1,1,247.31162,389871,G2,UPI
TX_42_4446_6528,1,1,163.028354,169132,G1,UPI
TX_42_4448_7829,0,0,9.603307000000001,92659,G2,CARD
TX_42_4449_4581,0,0,10.296646,359998,G4,UPI
TX_42_4450_2542,0,0,8.074145,219317,G3,UPI
TX_42_4451_9702,0,0,6.839468,96983,G2,WALLET
TX_42_4452_8556,0,0,5.109183,357945,G1,UPI
TX_42_4454_6281,0,0,5.990295,341031,G1,UPI
TX_42_4455_4629,1,1,100.459928,115709,G1,UPI
TX_42_4456_7873,0,0,10.199428,198427,G1,UPI
TX_42_4458_8144,0,0,6.050695,82406,G1,CARD
TX_42_4459_4210,1,1,230.607829,247559,G2,CARD
TX_42_445_4890,0,0,5.773427,132779,G2,CARD
TX_42_4461_1162,0,0,6.244032,156123,G4,CARD
TX_42_4462_7425,0,0,7.490158,433401,G1,UPI
TX_42_4464_5587,0,0,9.151462,315638,G3,UPI
TX_42_4465_2239,0,0,7.670669,175840,G1,UPI
TX_42_4467_9543,1,1,64.58096,90975,G3,WALLET
TX_42_4468_7403,0,0,5.110047,93628,G2,NETBANKING
TX_42_4469_1827,0,0,7.231147,374678,G3,CARD
TX_42_446_7446,0,0,7.225119,178322,G1,UPI
TX_42_4470_7465,0,0,7.386995,154551,G3,UPI
TX_42_4471_1206,0,0,6.794831,103506,G3,UPI
TX_42_4472_6232,0,0,3.888027,200120,G1,CARD
TX_42_4474_2577,0,0,7.20767,372482,G2,UPI
TX_42_4476_9184,0,0,8.455605,104644,G3,CARD
TX_42_4477_7547,1,1,215.511889,92816,G4,UPI
TX_42_4478_9385,1,1,148.643167,585109,G1,WALLET
TX_42_447_8933,1,1,218.013202,188555,G1,NETBANKING
TX_42_4481_8538,0,0,5.339093,406160,G2,UPI
TX_42_4482_9288,0,0,9.730126,452624,G2,UPI
TX_42_4483_4732,0,0,6.334242,129311,G3,UPI
TX_42_4484_7661,0,0,6.530401,234375,G3,CARD
TX_42_4485_4025,0,0,8.287615,414073,G4,UPI
TX_42_4486_8901,0,0,4.337861,195549,G2,CARD
TX_42_4487_1916,0,0,7.603129,290279,G1,CARD
TX_42_4488_6086,0,0,5.784331,402434,G1,UPI
TX_42_4489_4273,0,0,8.542382,329545,G2,UPI
TX_42_448_5899,0,0,9.511379,592863,G3,WALLET
TX_42_4492_5485,1,1,201.291838,95348,G3,WALLET
TX_42_4493_4708,0,0,5.4764610000000005,152935,G1,WALLET
TX_42_4495_4289,0,0,5.12808,272466,G3,CARD
TX_42_4496_4360,0,0,9.750399999999999,365600,G1,UPI
TX_42_4497_7331,0,0,6.65219,540405,G2,CARD
TX_42_4498_4839,0,0,7.1083,128943,G4,UPI
TX_42_4499_9971,0,0,6.667939,369002,G4,CARD
TX_42_449_2368,0,0,5.458175,178165,G1,UPI
TX_42_44_4637,0,0,8.591985,121802,G3,UPI
TX_42_4500_3920,0,0,8.076304,105411,G2,CARD
TX_42_4501_3080,0,0,6.800635,470552,G3,NETBANKING
TX_42_4502_6782,0,0,6.794842,300416,G3,UPI
TX_42_4503_7665,0,0,7.618788,227161,G1,UPI
TX_42_4504_2838,0,0,5.264945,143117,G3,UPI
TX_42_4505_4297,0,0,5.439224,265841,G4,WALLET
TX_42_4506_7538,0,0,8.523952,124985,G2,NETBANKING
TX_42_4507_3747,0,0,8.41639,341517,G3,CARD
TX_42_4508_3488,0,0,7.978477,97210,G4,UPI
TX_42_4509_2754,1,1,159.016481,81420,G1,CARD
TX_42_4510_8568,1,1,66.745408,252748,G1,UPI
TX_42_4511_4755,0,0,4.696886,390976,G4,WALLET
TX_42_4512_9372,0,0,9.106097,245288,G1,WALLET
TX_42_4513_9287,0,0,8.197778,475957,G3,CARD
TX_42_4515_2249,0,0,8.99591,430093,G4,UPI
TX_42_4516_4180,0,0,8.122854,285979,G2,UPI
TX_42_4518_8798,0,0,9.926334,527454,G2,WALLET
TX_42_451_2706,0,0,6.456089,185123,G2,UPI
TX_42_4520_4582,0,0,9.976739,111892,G1,UPI
TX_42_4522_9354,0,0,8.351833,207090,G3,UPI
TX_42_4523_9137,0,0,9.654699,389583,G3,UPI
TX_42_4525_7723,0,0,7.734283,189131,G2,CARD
TX_42_4526_9548,0,0,7.107051,636741,G2,CARD
TX_42_4527_7999,0,0,7.424669,89905,G1,UPI
TX_42_452_4681,0,0,5.186452,261295,G3,UPI
TX_42_4530_9528,0,0,7.627703,487424,G4,NETBANKING
TX_42_4531_8073,1,1,209.093449,371458,G1,UPI
TX_42_4532_2099,0,0,8.154242,375045,G1,UPI
TX_42_4534_8869,0,0,9.284509,409184,G1,UPI
TX_42_4536_3135,0,0,9.350312,423709,G2,UPI
TX_42_4537_9813,0,0,6.119932,403607,G3,UPI
TX_42_4538_8348,0,0,8.39282,277316,G4,UPI
TX_42_453_7071,1,1,240.889516,585335,G3,UPI
TX_42_4541_8858,0,0,7.962235,183835,G2,CARD
TX_42_4542_6656,0,0,6.47231,376129,G1,UPI
TX_42_4543_7155,0,0,5.214616,249653,G4,UPI
TX_42_4544_1439,0,0,7.081842,319626,G2,UPI
TX_42_4545_7990,0,0,5.990023,212656,G2,UPI
TX_42_4548_4247,1,1,75.775056,32769,G3,UPI
TX_42_4549_5957,0,0,5.651294,549466,G4,UPI
TX_42_454_1179,0,0,5.346013,318624,G1,WALLET
TX_42_4550_9869,0,0,8.662726,115430,G1,UPI
TX_42_4551_3731,0,0,4.75721,127281,G2,UPI
TX_42_4552_6546,0,0,6.775106,219686,G2,UPI
TX_42_4553_4077,0,0,4.821256,509112,G4,NETBANKING
TX_42_4554_8590,0,0,7.79539,171361,G2,CARD
TX_42_4558_1554,0,0,7.504147,100718,G1,CARD
TX_42_4559_4480,0,0,6.654277,120076,G3,CARD
TX_42_455_2781,0,0,4.825886,468948,G1,CARD
TX_42_4560_7513,0,0,6.813935,246107,G3,UPI
TX_42_4561_8959,0,0,6.856178,60510,G1,UPI
TX_42_4562_8666,0,0,6.174887,423490,G2,UPI
TX_42_4563_8129,1,1,57.72492,331061,G1,UPI
TX_42_4564_2243,0,0,5.493964,80790,G4,UPI
TX_42_4565_2989,0,0,6.055205,151861,G1,NETBANKING
TX_42_4567_1680,0,0,7.647879,239485,G2,NETBANKING
TX_42_4568_9909,1,1,70.822161,130949,G1,CARD
TX_42_4569_5804,0,0,8.13675,161296,G4,UPI
TX_42_456_4495,0,0,8.226928,89537,G1,CARD
TX_42_4570_8426,0,0,7.281066,481429,G1,UPI
TX_42_4571_8180,0,0,8.786279,98755,G2,NETBANKING
TX_42_4572_6912,0,0,6.794168,238583,G1,WALLET
TX_42_4574_3243,0,0,5.718741,554746,G2,CARD
TX_42_4575_2106,0,0,3.345419,501303,G2,UPI
TX_42_4576_9622,0,0,8.79646,455564,G3,UPI
TX_42_4577_8334,0,0,8.368432,105698,G1,CARD
TX_42_4578_8276,0,0,9.286873,223295,G3,CARD
TX_42_4579_5151,0,0,7.831416,66195,G3,UPI
TX_42_457_3861,0,0,4.401746,318775,G2,NETBANKING
TX_42_4581_9357,1,1,232.216576,267187,G1,UPI
TX_42_4582_7900,0,0,4.412471,382313,G2,UPI
TX_42_4583_1040,0,0,5.78213,196086,G1,CARD
TX_42_4584_6577,0,0,7.639525,144949,G1,UPI
TX_42_4585_5459,0,0,6.237828,260687,G2,UPI
TX_42_4586_2645,0,0,7.792529,111642,G4,UPI
TX_42_4587_9321,0,0,5.396523,339089,G1,WALLET
TX_42_4588_8554,0,0,8.313375,209618,G2,UPI
TX_42_4589_7192,0,0,9.14056,222822,G3,UPI
TX_42_458_8150,1,1,91.886247,411172,G2,UPI
TX_42_4590_3227,0,0,7.024375,248952,G2,NETBANKING
TX_42_4592_2580,1,1,179.584352,452202,G2,NETBANKING
TX_42_4593_7568,0,0,7.845232,234797,G1,WALLET
TX_42_4594_1249,0,0,6.493368,392344,G3,CARD
TX_42_4595_2752,0,0,6.969207,86316,G2,UPI
TX_42_4596_5388,0,0,6.455684,291946,G4,CARD
TX_42_4597_3721,0,0,5.098041,165728,G2,UPI
TX_42_4598_9344,0,0,5.482742,128153,G3,UPI
TX_42_459_9111,0,0,7.586978,121732,G3,UPI
TX_42_45_3381,0,0,6.547019,479365,G2,UPI
TX_42_4600_3699,0,0,3.636389,91548,G1,UPI
TX_42_4601_7107,0,0,8.259912,546843,G4,UPI
TX_42_4602_6829,0,0,6.266307,175952,G3,UPI
TX_42_4605_9512,0,0,8.601239,436886,G1,UPI
TX_42_4606_7803,0,0,7.994434,548246,G2,UPI
TX_42_4607_8400,1,1,269.199586,143060,G2,UPI
TX_42_4608_1256,0,0,8.73533,52482,G4,UPI
TX_42_460_6327,0,0,7.498424,290148,G3,UPI
TX_42_4612_1578,0,0,7.84654,416612,G1,UPI
TX_42_4613_8294,1,1,117.997408,120776,G1,CARD
TX_42_4614_7096,0,0,8.959972,134785,G3,WALLET
TX_42_4615_2829,0,0,6.814107,53666,G1,WALLET
TX_42_4616_3390,0,0,8.405806,299118,G2,CARD
TX_42_4617_9757,0,0,7.512698,211726,G2,UPI
TX_42_4621_7550,0,0,6.412902,170176,G2,UPI
TX_42_4622_4455,0,0,6.94353,161253,G1,NETBANKING
TX_42_4624_2340,0,0,4.815133,243840,G3,NETBANKING
TX_42_4625_3018,0,0,5.937143,250161,G1,CARD
TX_42_4626_6680,1,1,98.02462,528259,G1,UPI
TX_42_4628_5220,0,0,6.627313,36273,G1,UPI
TX_42_4629_7758,0,0,6.374913,534701,G2,CARD
TX_42_462_5846,0,0,5.608744,157343,G2,CARD
TX_42_4631_5781,0,0,3.751918,64383,G2,UPI
TX_42_4632_3462,1,1,71.595768,224499,G2,UPI
TX_42_4633_5395,0,0,6.614834,67104,G2,CARD
TX_42_4634_2883,1,1,25.509945,326825,G2,WALLET
TX_42_4635_3816,0,0,5.571905,529208,G3,CARD
TX_42_4636_3336,0,0,8.673477,88176,G4,UPI
TX_42_4637_5207,0,0,8.940498,245599,G2,WALLET
TX_42_4638_4899,1,1,29.496821,249167,G2,WALLET
TX_42_4639_5554,0,0,7.842963,314791,G2,UPI
TX_42_463_6367,0,0,5.549622,460849,G1,WALLET
TX_42_4640_5874,0,0,5.827595,145018,G2,WALLET
TX_42_4641_4583,0,0,5.701483,123845,G4,UPI
TX_42_4642_4618,0,0,5.542712,545091,G2,CARD
TX_42_4643_8889,1,1,173.940967,420227,G3,CARD
TX_42_4645_2220,1,1,138.132281,330242,G1,UPI
TX_42_4647_7353,0,0,6.377041,120382,G1,CARD
TX_42_4648_4399,1,1,202.894375,363512,G2,UPI
TX_42_464_6400,0,0,3.893536,219957,G2,UPI
TX_42_4650_7153,0,0,8.033524,340912,G1,UPI
TX_42_4651_5211,0,0,6.574575,79660,G2,NETBANKING
TX_42_4652_5673,0,0,5.978558,161071,G2,CARD
TX_42_4653_2195,0,0,5.124637,111346,G3,NETBANKING
TX_42_4654_5053,0,0,7.463686,341665,G4,WALLET
TX_42_4655_7679,1,1,289.078786,113309,G3,CARD
TX_42_4657_6718,0,0,8.109919,341161,G1,UPI
TX_42_4658_7659,0,0,8.079356,378335,G1,NETBANKING
TX_42_4659_8590,0,0,4.208982,57144,G3,CARD
TX_42_465_3779,1,1,206.095164,78331,G1,UPI
TX_42_4660_5888,0,0,8.156861,85497,G3,CARD
TX_42_4661_1058,0,0,9.004744,254377,G2,UPI
TX_42_4662_7732,0,0,7.428768,317590,G4,WALLET
TX_42_4663_9531,0,0,7.922788,80247,G2,UPI
TX_42_4664_1806,0,0,5.164033,394039,G1,NETBANKING
TX_42_4665_6417,1,1,67.647021,577233,G3,CARD
TX_42_4666_4724,0,0,3.301092,226664,G1,UPI
TX_42_4667_8835,0,0,6.392426,633031,G2,UPI
TX_42_4668_2519,0,0,5.850102,296049,G1,CARD
TX_42_4669_6870,0,0,6.216043,516389,G2,CARD
TX_42_466_3615,0,0,6.739092,153437,G1,UPI
TX_42_4670_6664,0,0,5.438409,61419,G2,UPI
TX_42_4671_7638,0,0,6.128288,206577,G3,UPI
TX_42_4672_6338,0,0,4.9689499999999995,152324,G3,UPI
TX_42_4673_5833,0,0,5.855181,154024,G1,UPI
TX_42_4674_6640,0,0,9.844848,271722,G4,CARD
TX_42_4675_7793,0,0,6.493423,347624,G4,WALLET
TX_42_4676_3562,0,0,8.469841,328005,G2,CARD
TX_42_4677_2187,0,0,8.213559,40588,G1,UPI
TX_42_4678_3036,0,0,6.664722,71008,G1,WALLET
TX_42_467_8816,0,0,8.092576,338020,G2,UPI
TX_42_4680_2185,0,0,8.333594,374187,G3,UPI
TX_42_4681_1801,0,0,6.08382,243618,G3,WALLET
TX_42_4682_8780,0,0,9.537832,387379,G2,WALLET
TX_42_4683_4884,0,0,6.674287,144373,G1,UPI
TX_42_4684_9842,1,1,197.101382,118269,G1,UPI
TX_42_4685_4451,0,0,6.29942,426205,G4,UPI
TX_42_4686_5973,0,0,9.406049,365095,G3,NETBANKING
TX_42_4688_9784,0,0,5.903699,260813,G4,CARD
TX_42_4689_1155,0,0,6.187286,390861,G1,CARD
TX_42_4690_9307,0,0,7.669906,268001,G1,UPI
TX_42_4691_2773,0,0,5.486276,406956,G3,CARD
TX_42_4692_3754,1,1,134.663668,327717,G2,UPI
TX_42_4694_4366,0,0,7.853256,359263,G3,CARD
TX_42_4695_9124,0,0,9.262503,387038,G1,UPI
TX_42_4696_1791,0,0,5.880803,413825,G1,UPI
TX_42_4697_1219,0,0,6.019483,80747,G1,UPI
TX_42_4699_8752,0,0,8.327252,411782,G2,UPI
TX_42_46_7360,0,0,3.731449,131552,G1,UPI
TX_42_4701_5982,0,0,5.9353359999999995,435858,G2,NETBANKING
TX_42_4702_7501,0,0,8.756512,323995,G3,UPI
TX_42_4703_1382,0,0,8.179609,265098,G3,CARD
TX_42_4704_3404,0,0,8.213551,482250,G1,CARD
TX_42_4705_7668,0,0,6.604246,185592,G2,NETBANKING
TX_42_4706_8463,0,0,9.088003,370567,G1,CARD
TX_42_4707_1708,0,0,7.841975,148936,G1,UPI
TX_42_4708_6035,1,1,286.182331,157933,G1,CARD
TX_42_4709_9888,0,0,5.636588,293904,G3,UPI
TX_42_470_7917,0,0,7.131713,125590,G2,UPI
TX_42_4711_3187,1,1,257.889518,231489,G1,UPI
TX_42_4712_8315,0,0,7.623041,159640,G1,WALLET
TX_42_4713_7962,0,0,7.765284,218295,G2,UPI
TX_42_4714_4886,0,0,7.573449,72468,G2,CARD
TX_42_4715_6694,0,0,8.15336,179768,G2,NETBANKING
TX_42_4716_1692,0,0,7.600253,161289,G4,CARD
TX_42_4718_5502,1,1,222.842127,290508,G2,UPI
TX_42_4719_2487,0,0,9.95796,352833,G1,CARD
TX_42_471_2352,0,0,6.972078,495819,G3,UPI
TX_42_4720_8856,0,0,7.595543,107501,G4,CARD
TX_42_4721_9752,0,0,9.688673,171394,G1,UPI
TX_42_4722_7586,0,0,10.105633,110933,G4,UPI
TX_42_4723_3377,0,0,4.284266,83209,G3,NETBANKING
TX_42_4724_7962,0,0,7.7259910000000005,176366,G1,UPI
TX_42_4725_9985,0,0,4.986926,151676,G1,UPI
TX_42_4726_4140,0,0,8.617225,125283,G2,UPI
TX_42_4727_7891,0,0,6.18637,396782,G2,UPI
TX_42_4728_4861,1,1,272.600687,116185,G1,UPI
TX_42_4729_7790,0,0,6.446984,387314,G2,UPI
TX_42_472_1678,1,1,301.253219,142716,G3,CARD
TX_42_4731_2446,0,0,7.536193,610129,G2,UPI
TX_42_4732_6305,0,0,8.667343,388581,G2,CARD
TX_42_4733_5702,0,0,6.815396,287176,G1,CARD
TX_42_4734_6430,1,1,23.481323,272294,G2,UPI
TX_42_4736_9128,0,0,5.635981,264555,G1,CARD
TX_42_4737_3314,0,0,3.28251,507508,G2,NETBANKING
TX_42_4738_1410,0,0,5.731254,315360,G1,UPI
TX_42_4739_3896,0,0,5.568166,92346,G3,CARD
TX_42_473_9723,0,0,5.817273,339363,G2,CARD
TX_42_4740_7877,1,1,17.794419,419028,G2,UPI
TX_42_4742_7708,0,0,6.989222,112931,G2,CARD
TX_42_4743_7841,0,0,7.510929,241516,G1,NETBANKING
TX_42_4744_7563,0,0,8.642863,38333,G3,UPI
TX_42_4745_7719,0,0,6.617575,366056,G2,CARD
TX_42_4747_7858,0,0,7.140233,393715,G1,CARD
TX_42_4748_7972,1,1,74.432908,228936,G3,UPI
TX_42_4750_3625,0,0,6.070242,368504,G1,WALLET
TX_42_4751_8170,0,0,4.354331,216735,G2,UPI
TX_42_4753_8445,0,0,4.3654,141908,G2,UPI
TX_42_4754_9197,0,0,7.665605,246724,G2,NETBANKING
TX_42_4755_6223,0,0,6.675375,132638,G1,UPI
TX_42_4757_8817,0,0,7.446917,658293,G3,UPI
TX_42_4758_1653,0,0,9.327336,383925,G2,UPI
TX_42_4759_7365,1,1,297.032926,335641,G1,UPI
TX_42_475_1388,0,0,7.636815,313112,G2,UPI
TX_42_4760_9269,0,0,4.107309,563864,G2,UPI
TX_42_4761_2994,0,0,4.099797,317939,G2,UPI
TX_42_4762_5768,1,1,309.934819,154002,G2,CARD
TX_42_4763_2274,0,0,4.65399,278864,G2,UPI
TX_42_4764_4974,1,1,156.962597,605819,G1,CARD
TX_42_4766_2390,0,0,4.648497,286434,G3,UPI
TX_42_4767_8812,0,0,5.706753,323478,G2,CARD
TX_42_4768_3328,0,0,9.352655,471840,G1,UPI
TX_42_476_9620,0,0,6.714259,302983,G3,WALLET
TX_42_4770_6715,0,0,8.898383,121110,G1,UPI
TX_42_4771_4482,0,0,5.242283,184558,G3,CARD
TX_42_4773_3221,0,0,9.952394,566619,G2,CARD
TX_42_4774_6425,0,0,8.336489,129293,G1,CARD
TX_42_4775_1334,0,0,5.083399,60055,G1,UPI
TX_42_4776_3799,0,0,6.022553,528709,G1,WALLET
TX_42_4778_3418,0,0,8.653695,31557,G2,UPI
TX_42_4779_2438,0,0,6.071904,160796,G3,CARD
TX_42_477_5066,0,0,3.557962,251353,G2,CARD
TX_42_4780_7046,0,0,5.1537749999999996,101357,G2,UPI
TX_42_4781_2466,0,0,6.583394,539272,G3,CARD
TX_42_4782_4187,0,0,7.181244,81179,G3,WALLET
TX_42_4783_7194,1,1,313.040389,364580,G1,UPI
TX_42_4785_4284,0,0,9.099386,88554,G1,NETBANKING
TX_42_4787_3541,0,0,9.356371,105643,G4,UPI
TX_42_4788_9229,0,0,7.164808,138377,G1,WALLET
TX_42_4789_9050,0,0,4.646204,523050,G3,NETBANKING
TX_42_4790_6039,0,0,8.971546,399006,G3,CARD
TX_42_4792_4101,0,0,4.706714,465934,G3,UPI
TX_42_4793_5518,0,0,6.948253,115489,G2,WALLET
TX_42_4794_8978,0,0,10.690118,411008,G1,UPI
TX_42_4795_2967,0,0,5.418359,331593,G4,UPI
TX_42_4796_8143,1,1,144.575347,94756,G4,UPI
TX_42_4797_5777,0,0,7.19279,348332,G2,CARD
TX_42_4798_5561,0,0,6.170145,238146,G1,CARD
TX_42_47_8345,1,1,29.88005,255948,G2,UPI
TX_42_4800_8166,0,0,7.216222,134150,G2,CARD
TX_42_4801_1516,0,0,5.354071,222356,G2,UPI
TX_42_4802_2693,0,0,5.017082,321082,G3,NETBANKING
TX_42_4803_1541,0,0,7.620766,340538,G1,UPI
TX_42_4804_6898,0,0,8.782103,280877,G3,NETBANKING
TX_42_4807_9441,0,0,8.142011,91703,G1,CARD
TX_42_4808_2915,1,1,302.521519,99029,G1,CARD
TX_42_480_7373,0,0,6.111209,105375,G2,WALLET
TX_42_4811_4395,0,0,10.74753,420214,G2,CARD
TX_42_4812_5715,0,0,7.004123,388107,G1,CARD
TX_42_4813_3548,0,0,8.484855,135287,G2,CARD
TX_42_4814_3840,0,0,8.815234,340671,G4,CARD
TX_42_4815_4135,0,0,5.634376,459218,G2,UPI
TX_42_4816_7558,0,0,5.480186,139423,G1,UPI
TX_42_4818_4706,0,0,5.29703,75380,G1,UPI
TX_42_4819_1011,0,0,9.206008,314190,G2,WALLET
TX_42_481_6761,0,0,8.088557,113689,G1,WALLET
TX_42_4820_4932,1,1,151.491804,417071,G1,NETBANKING
TX_42_4821_5689,0,0,3.838906,160493,G3,UPI
TX_42_4822_2506,1,1,144.779019,206756,G1,UPI
TX_42_4823_6585,0,0,7.487432,179805,G1,UPI
TX_42_4824_9815,0,0,6.540934,45706,G2,WALLET
TX_42_4825_3819,0,0,7.06469,243824,G3,UPI
TX_42_4827_2018,0,0,4.597578,337956,G3,WALLET
TX_42_4828_6916,0,0,6.458095,231040,G3,UPI
TX_42_482_9045,0,0,8.586,41764,G3,NETBANKING
TX_42_4830_3089,1,1,183.819068,55097,G1,CARD
TX_42_4832_3732,0,0,6.7428609999999995,340882,G1,NETBANKING
TX_42_4833_8570,0,0,9.340982,72422,G1,CARD
TX_42_4834_7121,1,1,78.486612,322031,G1,UPI
TX_42_4835_5331,0,0,10.404915,85200,G1,CARD
TX_42_4836_7840,0,0,7.697132,520091,G2,UPI
TX_42_4837_6053,0,0,7.232046,303330,G1,NETBANKING
TX_42_4838_3247,0,0,4.151391,401073,G4,CARD
TX_42_4839_5753,0,0,6.07361,266220,G3,CARD
TX_42_483_8120,0,0,9.441811,161119,G3,UPI
TX_42_4840_2325,0,0,6.280265,332353,G1,UPI
TX_42_4843_6665,0,0,9.700499,229826,G1,UPI
TX_42_4844_8702,0,0,5.020609,328344,G2,CARD
TX_42_4846_2097,0,0,8.159364,91979,G1,CARD
TX_42_4848_3589,1,1,36.706587999999996,282705,G3,NETBANKING
TX_42_4849_3156,0,0,8.091978,216109,G1,UPI
TX_42_484_3846,0,0,8.279231,300326,G2,CARD
TX_42_4850_2393,1,1,110.229417,105101,G2,UPI
TX_42_4852_4452,0,0,8.662606,117164,G3,CARD
TX_42_4853_1532,0,0,8.775517,180742,G4,WALLET
TX_42_4854_5442,0,0,8.180755,225302,G1,CARD
TX_42_4855_7898,1,1,125.140035,137673,G2,UPI
TX_42_4856_8835,0,0,9.729966,159831,G1,CARD
TX_42_4857_9443,0,0,8.209735,551635,G3,UPI
TX_42_4858_5809,0,0,6.098465,199705,G4,WALLET
TX_42_485_3686,0,0,8.81985,204511,G2,UPI
TX_42_4860_2018,1,1,42.562365,91260,G2,UPI
TX_42_4861_3803,0,0,5.969442,343417,G2,WALLET
TX_42_4862_4693,0,0,6.743388,152517,G1,NETBANKING
TX_42_4863_3548,0,0,6.953302,144548,G4,UPI
TX_42_4864_3761,1,1,302.350808,270438,G1,UPI
TX_42_4866_5191,1,1,34.196969,303525,G2,CARD
TX_42_4867_4104,0,0,10.131919,92053,G3,CARD
TX_42_4868_8602,0,0,5.297543,241763,G4,UPI
TX_42_4869_2796,0,0,8.450429,324071,G3,UPI
TX_42_486_6631,0,0,6.348422,156060,G1,WALLET
TX_42_4870_1310,0,0,5.345417,122634,G3,UPI
TX_42_4871_9508,0,0,8.656951,188227,G2,CARD
TX_42_4872_5474,0,0,5.471503,120122,G2,CARD
TX_42_4875_7655,0,0,7.438783,201961,G1,WALLET
TX_42_4876_8926,0,0,7.745834,93965,G2,UPI
TX_42_4877_4119,0,0,8.914285,533877,G1,UPI
TX_42_487_4692,0,0,8.996387,101638,G1,UPI
TX_42_4881_9787,0,0,7.908423,134805,G1,UPI
TX_42_4882_6660,0,0,4.282985,151830,G2,UPI
TX_42_4883_6766,0,0,8.008114,82752,G1,UPI
TX_42_4884_3962,0,0,4.742641,427836,G3,CARD
TX_42_4886_8950,0,0,6.29186,95908,G1,UPI
TX_42_4887_8043,0,0,5.020479,189622,G1,CARD
TX_42_4889_2977,1,1,289.925872,251251,G3,CARD
TX_42_4890_4893,0,0,6.491644,272419,G1,NETBANKING
TX_42_4892_2848,1,1,27.066375,477079,G2,UPI
TX_42_4894_1935,0,0,5.874826,459311,G3,WALLET
TX_42_4896_6977,0,0,7.115843,526039,G4,UPI
TX_42_4897_6781,0,0,5.312147,267107,G2,UPI
TX_42_4898_3877,0,0,4.967072,123404,G1,NETBANKING
TX_42_4899_3568,0,0,9.19716,448313,G1,UPI
TX_42_489_6861,0,0,5.74862,86830,G1,UPI
TX_42_48_4715,0,0,7.817447,403905,G4,UPI
TX_42_4900_7349,0,0,6.442908,263094,G1,UPI
TX_42_4902_9223,0,0,7.485351,445096,G1,UPI
TX_42_4903_1152,0,0,8.353655,344243,G3,UPI
TX_42_4904_5547,0,0,5.13286,166027,G1,NETBANKING
TX_42_4905_5100,1,1,144.732132,193874,G1,UPI
TX_42_4906_2443,0,0,10.54455,179635,G2,CARD
TX_42_4909_3597,0,0,7.494482,133088,G2,CARD
TX_42_490_9530,0,0,8.894791,496759,G4,UPI
TX_42_4910_8504,0,0,8.036146,346154,G4,UPI
TX_42_4911_3559,0,0,9.117765,492387,G1,WALLET
TX_42_4912_9729,0,0,5.596282,208538,G1,UPI
TX_42_4913_6211,0,0,7.333684,241462,G2,UPI
TX_42_4914_1761,0,0,7.333514,444728,G4,UPI
TX_42_4915_5518,0,0,8.241992,156280,G3,NETBANKING
TX_42_4917_3543,0,0,7.563592,291074,G3,CARD
TX_42_4918_5841,0,0,7.528999,57775,G4,UPI
TX_42_4919_7787,0,0,4.840278,407133,G1,UPI
TX_42_4920_8161,0,0,6.134165,269661,G1,CARD
TX_42_4921_6659,0,0,7.533824,271127,G1,CARD
TX_42_4922_5413,0,0,7.503109,69450,G3,UPI
TX_42_4923_8098,1,1,182.075103,141956,G4,CARD
TX_42_4924_2258,1,1,249.505833,192166,G2,WALLET
TX_42_4925_4309,0,0,5.272953,585309,G2,CARD
TX_42_4926_4568,0,0,10.301794,74579,G1,UPI
TX_42_4929_5751,0,0,8.365691,359348,G2,CARD
TX_42_492_6489,0,0,9.567305,316464,G1,UPI
TX_42_4930_8932,0,0,6.290251,407108,G4,UPI
TX_42_4935_7311,0,0,7.700002,106071,G2,UPI
TX_42_4937_9876,0,0,7.112985,526596,G1,NETBANKING
TX_42_4938_8580,0,0,4.87249,132207,G2,CARD
TX_42_4939_5074,0,0,7.568856,412153,G2,UPI
TX_42_493_1020,0,0,7.667102,544712,G1,UPI
TX_42_4940_6085,0,0,7.75761,145309,G1,UPI
TX_42_4941_2638,1,1,151.283637,228685,G1,UPI
TX_42_4942_5709,0,0,7.406346,363610,G1,UPI
TX_42_4943_2756,0,0,9.734086,397875,G1,WALLET
TX_42_4944_2635,0,0,8.695443000000001,134537,G2,UPI
TX_42_4945_7276,0,0,10.002256,417384,G1,UPI
TX_42_4946_6358,0,0,10.833275,342643,G1,CARD
TX_42_4947_5591,0,0,9.005025,128883,G2,WALLET
TX_42_4949_7589,0,0,8.164509,330712,G2,UPI
TX_42_494_5105,0,0,7.634017,195504,G1,UPI
TX_42_4950_1088,0,0,6.72021,263446,G3,CARD
TX_42_4951_4692,0,0,3.907676,339656,G1,UPI
TX_42_4952_4421,0,0,9.116838,219622,G1,WALLET
TX_42_4953_8616,0,0,8.883788,205027,G4,UPI
TX_42_4955_3988,0,0,6.451146,244496,G3,CARD
TX_42_4956_1703,1,1,45.819666,223236,G4,UPI
TX_42_4957_5413,0,0,6.391221,110797,G2,CARD
TX_42_4958_1275,0,0,4.870512,42581,G1,WALLET
TX_42_4959_2439,0,0,6.050815,209661,G2,WALLET
TX_42_4960_5311,0,0,7.948519,61713,G1,CARD
TX_42_4961_2475,0,0,9.751886,405775,G3,UPI
TX_42_4962_8306,0,0,7.366586,571936,G1,CARD
TX_42_4963_2683,0,0,3.553983,285639,G3,CARD
TX_42_4964_9264,0,0,7.014795,150850,G2,UPI
TX_42_4965_1331,0,0,6.199745,289820,G1,NETBANKING
TX_42_4966_3182,0,0,5.194056,103098,G1,WALLET
TX_42_4967_5799,0,0,3.5860570000000003,381132,G1,CARD
TX_42_4968_1281,0,0,7.714069,408435,G3,WALLET
TX_42_4969_8766,0,0,5.625583,95229,G1,CARD
TX_42_496_4081,0,0,5.016239,113755,G1,UPI
TX_42_4970_7876,0,0,6.477564,103613,G1,CARD
TX_42_4971_1056,0,0,6.073494,87249,G2,UPI
TX_42_4972_6225,0,0,4.509958,511013,G2,CARD
TX_42_4974_5863,0,0,10.484606,208611,G2,NETBANKING
TX_42_4975_6433,0,0,7.750197,439163,G2,UPI
TX_42_4977_7897,0,0,5.150076,102467,G3,UPI
TX_42_4978_4417,0,0,5.417336,112958,G2,WALLET
TX_42_4979_3884,0,0,7.432236,222802,G3,UPI
TX_42_497_3493,0,0,6.9635169999999995,295598,G2,UPI
TX_42_4981_3992,0,0,6.110738,205304,G1,UPI
TX_42_4982_9805,1,1,199.348403,594778,G1,CARD
TX_42_4983_4050,0,0,7.169453,315126,G2,UPI
TX_42_4984_3435,0,0,8.362676,326810,G1,CARD
TX_42_4985_6469,0,0,10.370533,119816,G2,CARD
TX_42_4987_5271,0,0,9.142323,139204,G4,WALLET
TX_42_4988_5686,0,0,7.028032,208629,G2,UPI
TX_42_4989_6330,0,0,6.741753,218302,G1,NETBANKING
TX_42_498_9794,0,0,7.022883,168151,G1,UPI
TX_42_4990_6747,0,0,8.315247,191033,G2,WALLET
TX_42_4991_4497,0,0,8.702578,71000,G2,WALLET
TX_42_4992_2812,0,0,4.6083739999999995,425929,G1,UPI
TX_42_4993_3952,0,0,7.572885,95718,G1,UPI
TX_42_4994_3689,0,0,7.192633,142639,G2,CARD
TX_42_4995_8971,0,0,6.047484,168585,G1,NETBANKING
TX_42_4996_2833,0,0,5.053757,334448,G1,CARD
TX_42_4997_6664,0,0,5.475918,353007,G3,UPI
TX_42_4999_2261,0,0,5.51402,346499,G1,NETBANKING
TX_42_49_8933,0,0,5.317712,291308,G3,UPI
TX_42_4_2630,0,0,8.184378,101173,G1,NETBANKING
TX_42_5000_4240,0,0,7.474238,135701,G2,UPI
TX_42_5001_8829,1,1,278.043441,211496,G2,UPI
TX_42_5002_9942,0,0,9.891885,128001,G3,UPI
TX_42_5003_1930,1,1,30.335993,457825,G2,NETBANKING
TX_42_5004_8681,0,0,8.615275,184191,G2,WALLET
TX_42_5008_4757,0,0,9.078032,225908,G1,CARD
TX_42_5009_1727,0,0,4.604482,349972,G3,CARD
TX_42_500_5133,0,0,6.576028,248411,G3,CARD
TX_42_5010_8986,0,0,6.021189,213970,G2,UPI
TX_42_5011_2236,0,0,7.454676,364810,G2,UPI
TX_42_5012_2615,0,0,9.014092,160807,G1,WALLET
TX_42_5014_8923,0,0,7.602144,180827,G2,CARD
TX_42_5015_2319,0,0,8.713275,233020,G4,UPI
TX_42_5016_7371,0,0,8.258069,191988,G1,UPI
TX_42_5017_9971,0,0,9.839188,79457,G2,UPI
TX_42_5018_3955,0,0,8.83288,433175,G3,NETBANKING
TX_42_5019_3397,1,1,274.13637,407635,G4,UPI
TX_42_5020_4808,0,0,8.829902,121883,G3,NETBANKING
TX_42_5021_4950,0,0,5.009685,224633,G1,UPI
TX_42_5022_9457,0,0,7.9782,135247,G2,UPI
TX_42_5023_7397,0,0,7.797884,310414,G2,CARD
TX_42_5024_9079,0,0,6.187593,100079,G3,WALLET
TX_42_5025_7833,0,0,5.545275,479868,G3,CARD
TX_42_5026_2562,0,0,9.115635,578372,G2,UPI
TX_42_5027_9183,0,0,5.380169,281119,G3,CARD
TX_42_5028_8323,0,0,9.802165,350136,G2,NETBANKING
TX_42_5029_2240,0,0,7.382798,522168,G4,UPI
TX_42_502_8066,0,0,4.03729,362281,G3,CARD
TX_42_5030_9006,1,1,251.556676,211183,G2,CARD
TX_42_5032_1734,0,0,6.020904,135942,G4,UPI
TX_42_5033_4674,1,1,203.423168,195106,G1,UPI
TX_42_5035_8737,0,0,7.637271,93842,G2,CARD
TX_42_5036_2427,0,0,9.726312,328007,G2,NETBANKING
TX_42_5038_7076,0,0,11.183931,152646,G1,UPI
TX_42_5039_6784,0,0,7.765701,314447,G1,UPI
TX_42_503_7997,1,1,115.38287,64352,G1,CARD
TX_42_5041_6540,1,1,61.888963,349621,G1,CARD
TX_42_5042_9080,0,0,8.266068,135854,G2,CARD
TX_42_5043_3667,0,0,6.322101,51868,G3,UPI
TX_42_5045_4621,0,0,5.623665,501274,G2,UPI
TX_42_5046_6402,0,0,8.785665999999999,79348,G2,UPI
TX_42_5047_4560,0,0,10.392408,459063,G1,WALLET
TX_42_5048_7301,0,0,6.429557,479008,G1,UPI
TX_42_5050_5618,1,1,203.210698,623702,G2,UPI
TX_42_5052_2989,0,0,8.9396,422315,G4,UPI
TX_42_5053_1172,1,1,175.463284,199126,G1,CARD
TX_42_5054_7473,0,0,8.64547,22300,G1,CARD
TX_42_5055_5001,0,0,7.604686,280369,G1,UPI
TX_42_5057_2496,0,0,6.65256,332895,G2,CARD
TX_42_5058_3047,0,0,7.410492,88721,G1,CARD
TX_42_5059_4458,0,0,8.776086,91394,G2,UPI
TX_42_505_7385,1,1,74.637213,251961,G2,UPI
TX_42_5061_6284,0,0,7.316481,279487,G2,UPI
TX_42_5062_7931,1,1,167.483791,226424,G2,UPI
TX_42_5064_2013,1,1,107.171611,213896,G3,UPI
TX_42_5066_4959,0,0,6.822686,49120,G3,CARD
TX_42_5067_5828,0,0,6.668195,300904,G1,NETBANKING
TX_42_5068_3081,0,0,6.565079,238823,G1,CARD
TX_42_5069_1748,0,0,8.981204,88816,G1,CARD
TX_42_506_8518,0,0,8.670246,257062,G3,UPI
TX_42_5071_1285,1,1,122.820759,143698,G1,CARD
TX_42_5072_3113,0,0,9.696128,296302,G2,CARD
TX_42_5073_1671,0,0,10.338615,171242,G3,UPI
TX_42_5074_5277,0,0,5.5460650000000005,244343,G3,CARD
TX_42_5075_4449,0,0,5.623413,354023,G3,UPI
TX_42_5076_6846,0,0,8.585753,265385,G3,UPI
TX_42_5077_2597,0,0,6.212599,121400,G1,CARD
TX_42_5078_6786,0,0,5.191974,124512,G2,UPI
TX_42_5079_7286,1,1,38.910661,158396,G4,CARD
TX_42_507_1926,0,0,4.067542,168036,G1,UPI
TX_42_5080_9618,1,1,150.971848,179936,G1,UPI
TX_42_5081_5266,0,0,7.26668,158765,G1,UPI
TX_42_5082_5748,0,0,7.832624,330173,G3,UPI
TX_42_5084_7043,0,0,8.731566,414827,G4,UPI
TX_42_5086_8961,0,0,6.74845,566836,G1,UPI
TX_42_5087_5995,0,0,10.147839,159206,G1,CARD
TX_42_5088_8097,0,0,4.458725,216369,G1,UPI
TX_42_5089_3176,0,0,8.028233,324045,G3,UPI
TX_42_5090_2791,0,0,5.522416,369226,G1,WALLET
TX_42_5093_8041,0,0,8.435158,306108,G1,UPI
TX_42_5094_5482,0,0,7.436497,130536,G3,CARD
TX_42_5095_1631,1,1,12.614217,365334,G2,WALLET
TX_42_5096_2815,0,0,4.289936,297309,G1,UPI
TX_42_5097_4247,0,0,5.781911,379940,G3,UPI
TX_42_5098_3245,0,0,9.122333,345765,G4,CARD
TX_42_509_1914,1,1,124.869995,419209,G1,WALLET
TX_42_50_1171,0,0,6.89016,143369,G1,UPI
TX_42_5100_8140,0,0,8.802596,107153,G1,CARD
TX_42_5101_2035,0,0,4.487708,320386,G1,CARD
TX_42_5102_4150,0,0,8.753241,160215,G1,CARD
TX_42_5103_8162,0,0,4.788307,164312,G1,UPI
TX_42_5104_4700,0,0,8.4503,211801,G1,WALLET
TX_42_5105_6762,0,0,9.081507,212195,G1,UPI
TX_42_5106_6353,0,0,6.951652,170029,G3,NETBANKING
TX_42_5108_5285,0,0,4.247885,68071,G1,NETBANKING
TX_42_5109_2501,0,0,7.090641,196864,G3,UPI
TX_42_510_6380,0,0,7.372971,249369,G3,UPI
TX_42_5110_8868,0,0,8.427788,510058,G3,WALLET
TX_42_5111_5410,0,0,9.276394,633985,G1,NETBANKING
TX_42_5113_4659,0,0,8.15332,163714,G1,UPI
TX_42_5114_3640,0,0,6.426177,482840,G2,CARD
TX_42_5115_2632,0,0,6.428936,234784,G3,CARD
TX_42_5116_4360,1,1,231.646418,254012,G2,WALLET
TX_42_5117_3636,0,0,5.291245,139652,G2,NETBANKING
TX_42_5119_8178,1,1,24.662097,307053,G2,UPI
TX_42_511_9499,0,0,7.923884,567433,G1,CARD
TX_42_5120_7628,0,0,9.02979,139570,G2,UPI
TX_42_5121_3428,0,0,5.55349,135467,G2,CARD
TX_42_5122_2073,0,0,9.116541,65573,G2,NETBANKING
TX_42_5123_4146,0,0,7.618684,407096,G2,UPI
TX_42_5124_3520,0,0,7.27073,348057,G2,CARD
TX_42_5125_1476,0,0,4.856872,369806,G1,UPI
TX_42_5126_3288,0,0,8.237477,57666,G2,NETBANKING
TX_42_5127_7121,1,1,287.615537,466787,G2,CARD
TX_42_5129_1001,0,0,7.946711,308699,G4,NETBANKING
TX_42_512_5543,0,0,4.592644,341732,G2,UPI
TX_42_5130_1914,0,0,4.806747,517988,G2,CARD
TX_42_5131_4238,0,0,7.394655,120812,G2,CARD
TX_42_5132_1635,0,0,7.329768,288692,G1,CARD
TX_42_5135_8553,0,0,5.874338,235680,G2,CARD
TX_42_5136_8261,0,0,7.126772,154406,G4,CARD
TX_42_5137_2237,0,0,5.273238,360869,G1,UPI
TX_42_5138_1962,0,0,6.696583,420894,G4,NETBANKING
TX_42_5139_3508,0,0,6.770769,156241,G2,UPI
TX_42_513_4651,0,0,6.60622,209863,G1,UPI
TX_42_5140_5430,0,0,5.60642,338870,G2,UPI
TX_42_5141_3392,0,0,6.83775,248173,G2,CARD
TX_42_5142_3825,0,0,7.035261,162703,G2,CARD
TX_42_5144_4041,0,0,5.240801,395194,G1,UPI
TX_42_5145_9214,0,0,6.595462,305022,G1,UPI
TX_42_5146_1523,0,0,7.087777,149999,G1,NETBANKING
TX_42_5147_5035,0,0,4.566527,447035,G3,WALLET
TX_42_5148_7122,0,0,7.719152,460098,G3,CARD
TX_42_514_3693,0,0,7.335736,290570,G2,CARD
TX_42_5151_5466,1,1,73.006972,406860,G4,CARD
TX_42_5152_5255,0,0,4.754482,192574,G2,CARD
TX_42_5153_8913,1,1,256.550649,105660,G3,CARD
TX_42_5154_7929,0,0,7.314071,415654,G2,CARD
TX_42_5155_4019,0,0,5.550309,428661,G1,CARD
TX_42_5156_8099,0,0,6.502983,545056,G1,UPI
TX_42_5157_1415,0,0,8.389754,480489,G1,CARD
TX_42_5158_4359,1,1,165.336679,167090,G3,UPI
TX_42_5159_8695,0,0,8.231401,432218,G4,CARD
TX_42_5163_7684,0,0,8.358032,201982,G1,UPI
TX_42_5164_4110,0,0,4.829262,308031,G2,UPI
TX_42_5165_2101,0,0,8.015623,122127,G1,WALLET
TX_42_5167_9120,0,0,2.932349,461496,G2,CARD
TX_42_516_4107,1,1,149.492434,303121,G4,UPI
TX_42_5170_3124,0,0,3.313759,392949,G2,CARD
TX_42_5171_5876,0,0,7.689796,430494,G4,CARD
TX_42_5172_5651,0,0,5.580275,591805,G2,UPI
TX_42_5174_9134,0,0,4.06092,50518,G3,CARD
TX_42_5175_9564,0,0,6.582188,251649,G4,CARD
TX_42_5177_7413,1,1,113.326834,261871,G1,UPI
TX_42_5178_7456,1,1,112.350498,552470,G3,CARD
TX_42_5179_4102,0,0,9.591751,195607,G3,CARD
TX_42_517_3543,0,0,3.915602,223344,G3,UPI
TX_42_5181_8369,0,0,9.815013,499592,G3,NETBANKING
TX_42_5183_9886,0,0,5.594893,317852,G2,UPI
TX_42_5184_7279,1,1,34.526247,513096,G2,CARD
TX_42_5186_8257,0,0,6.539801,293456,G3,WALLET
TX_42_5189_9385,0,0,6.209134,365884,G4,CARD
TX_42_518_2795,1,1,297.566628,410313,G2,UPI
TX_42_5190_6663,0,0,4.832094,98554,G3,CARD
TX_42_5191_7552,0,0,7.970878,286994,G1,CARD
TX_42_5192_9474,0,0,5.9057770000000005,420821,G2,UPI
TX_42_5193_4879,0,0,6.449103,308201,G1,UPI
TX_42_5194_6687,0,0,7.578868,387882,G2,UPI
TX_42_5195_8674,0,0,8.587551,303934,G3,UPI
TX_42_5196_5971,0,0,6.581278,236604,G1,UPI
TX_42_5198_3369,0,0,7.922082,205517,G1,NETBANKING
TX_42_5199_4210,1,1,68.809988,199828,G2,NETBANKING
TX_42_519_7995,0,0,6.570219,205757,G3,UPI
TX_42_5200_7366,0,0,8.333986,115571,G1,UPI
TX_42_5202_4515,0,0,7.802364,454022,G2,UPI
TX_42_5203_6266,0,0,7.185966,202012,G3,UPI
TX_42_5204_3319,0,0,5.562533,339238,G2,UPI
TX_42_5205_4873,0,0,9.019442,192106,G3,WALLET
TX_42_5206_2721,0,0,7.880494,76709,G3,UPI
TX_42_5207_5710,0,0,6.106075,114471,G2,NETBANKING
TX_42_5208_8874,0,0,6.727701,291983,G2,WALLET
TX_42_5209_3917,0,0,8.342157,266318,G2,UPI
TX_42_520_1710,0,0,6.445833,312141,G4,UPI
TX_42_5210_8057,0,0,4.785579,74737,G1,UPI
TX_42_5211_9720,0,0,7.456613,127272,G3,NETBANKING
TX_42_5213_3590,0,0,6.97754,305628,G2,UPI
TX_42_5214_8974,0,0,10.458168,111945,G1,UPI
TX_42_5215_8696,0,0,6.978962,475370,G1,UPI
TX_42_5216_5317,0,0,5.933082,300824,G2,CARD
TX_42_5218_6650,0,0,5.974929,469605,G1,UPI
TX_42_5219_8975,1,1,253.046632,80217,G3,CARD
TX_42_521_1653,0,0,8.304672,172615,G3,CARD
TX_42_5220_4005,0,0,8.399844,302470,G3,UPI
TX_42_5221_8225,1,1,58.374231,113787,G2,CARD
TX_42_5222_9513,0,0,6.966058,132237,G1,UPI
TX_42_5224_4987,1,1,150.522831,136648,G2,NETBANKING
TX_42_5228_2637,0,0,4.755697,515918,G1,WALLET
TX_42_5229_4590,0,0,8.363839,85742,G1,NETBANKING
TX_42_522_4766,0,0,6.3786950000000004,414591,G1,CARD
TX_42_5231_6300,0,0,7.810672,363283,G2,NETBANKING
TX_42_5232_8009,0,0,5.992945,177852,G2,UPI
TX_42_5233_3834,0,0,6.582049,437698,G2,UPI
TX_42_5234_1834,0,0,5.413286,121858,G4,CARD
TX_42_5235_5730,0,0,7.022464,236260,G1,NETBANKING
TX_42_5237_9724,1,1,123.186761,681391,G2,UPI
TX_42_523_7229,0,0,3.043699,102311,G1,UPI
TX_42_5241_1250,0,0,9.924032,126021,G4,CARD
TX_42_5242_1360,0,0,6.90293,297952,G1,UPI
TX_42_5243_6257,0,0,9.813594,194812,G1,UPI
TX_42_5244_5087,0,0,7.348702,199841,G2,NETBANKING
TX_42_5245_7734,0,0,6.150991,381009,G2,CARD
TX_42_5246_2848,0,0,5.713665,151836,G4,CARD
TX_42_5247_3074,0,0,9.007053,316529,G4,UPI
TX_42_5248_6784,0,0,8.25592,221150,G3,UPI
TX_42_524_2699,0,0,6.287739,197578,G1,UPI
TX_42_5253_4110,0,0,6.35967,611539,G1,UPI
TX_42_5254_3759,0,0,4.647286,137254,G4,CARD
TX_42_5255_9101,0,0,5.640106,123719,G2,CARD
TX_42_5259_5440,0,0,8.647994,107168,G2,UPI
TX_42_525_6869,0,0,4.967075,136541,G1,UPI
TX_42_5260_6061,0,0,6.220579,79410,G3,UPI
TX_42_5261_2667,0,0,5.533208,590104,G2,CARD
TX_42_5262_1523,0,0,6.809221,367195,G1,CARD
TX_42_5263_8371,0,0,6.709671,362309,G4,UPI
TX_42_5264_2170,0,0,6.512065,614811,G1,UPI
TX_42_5265_9559,1,1,71.770261,76294,G1,UPI
TX_42_5268_3454,0,0,5.967451,439507,G3,CARD
TX_42_5269_1855,0,0,5.964258,439440,G1,UPI
TX_42_526_6385,1,1,17.7129,253841,G2,NETBANKING
TX_42_5270_8409,0,0,9.970903,95404,G2,NETBANKING
TX_42_5271_9691,1,1,131.427553,374931,G1,UPI
TX_42_5273_4873,0,0,9.497317,283026,G4,CARD
TX_42_5274_8855,0,0,8.520191,516038,G2,CARD
TX_42_5275_8114,1,1,89.401413,253797,G1,CARD
TX_42_5276_4023,0,0,7.106299,311904,G1,CARD
TX_42_5277_1546,0,0,8.645906,133690,G1,UPI
TX_42_5278_3969,0,0,6.047856,140702,G4,WALLET
TX_42_527_8144,0,0,6.277673,325134,G4,UPI
TX_42_5280_2627,0,0,5.304171,363432,G1,CARD
TX_42_5281_1013,0,0,8.059685,242323,G3,WALLET
TX_42_5282_3520,0,0,9.594097,102592,G2,UPI
TX_42_5283_2186,1,1,192.330661,202695,G2,UPI
TX_42_5284_6140,0,0,4.345517,356486,G3,WALLET
TX_42_5285_8879,0,0,6.902012,418519,G2,UPI
TX_42_5286_4237,0,0,8.017234,87838,G1,CARD
TX_42_5287_6201,0,0,7.179832,118904,G2,UPI
TX_42_5288_4904,0,0,9.102789,350688,G1,UPI
TX_42_5289_3035,0,0,8.363064,249524,G1,UPI
TX_42_5291_4973,0,0,6.797675,185085,G2,UPI
TX_42_5292_9534,0,0,7.034304,623754,G4,UPI
TX_42_5293_3221,0,0,6.469096,332590,G3,UPI
TX_42_5294_3359,0,0,7.686134,376021,G3,CARD
TX_42_5295_3756,1,1,21.221016,385489,G2,CARD
TX_42_5296_1679,1,1,195.357778,131002,G1,WALLET
TX_42_5297_8529,0,0,9.29297,379613,G1,UPI
TX_42_5298_7760,0,0,7.55853,323395,G1,NETBANKING
TX_42_529_1861,0,0,6.832947,449597,G2,WALLET
TX_42_52_9671,0,0,8.646507,106514,G2,UPI
TX_42_5300_5919,0,0,6.91902,189371,G2,UPI
TX_42_5301_5500,0,0,9.134057,510807,G1,UPI
TX_42_5302_2286,0,0,7.214095,192691,G2,UPI
TX_42_5305_5362,0,0,5.135067,385473,G1,CARD
TX_42_5306_2323,0,0,8.164059,155231,G1,CARD
TX_42_5307_6682,0,0,7.310861,295121,G1,NETBANKING
TX_42_5308_9947,1,1,234.968145,58796,G2,CARD
TX_42_5309_7688,0,0,5.33728,187423,G1,CARD
TX_42_530_6962,0,0,6.230013,128971,G2,UPI
TX_42_5310_9478,0,0,8.797453,166262,G2,UPI
TX_42_5313_9865,0,0,5.924157,358322,G2,UPI
TX_42_5314_4863,1,1,30.156986,71972,G3,CARD
TX_42_5315_6406,0,0,6.248371,465141,G1,CARD
TX_42_5316_1175,0,0,9.894317000000001,158880,G3,UPI
TX_42_5317_5738,0,0,3.203054,442948,G4,UPI
TX_42_5318_2255,0,0,8.520922,190901,G1,UPI
TX_42_5319_8132,0,0,8.305447000000001,146571,G2,UPI
TX_42_531_5257,0,0,7.796849,411976,G1,UPI
TX_42_5320_4386,0,0,8.04327,391175,G2,CARD
TX_42_5321_4146,0,0,5.379132,279881,G1,WALLET
TX_42_5322_5885,0,0,8.008593,138113,G2,UPI
TX_42_5323_6632,0,0,7.908123,370057,G3,UPI
TX_42_5324_9379,0,0,7.458851,342515,G4,CARD
TX_42_5325_8678,1,1,35.260435,255612,G2,CARD
TX_42_5326_6986,0,0,8.258123,270260,G1,UPI
TX_42_5327_4015,0,0,6.804051,293172,G1,UPI
TX_42_5328_1423,0,0,5.7027719999999995,436104,G3,UPI
TX_42_5329_7527,0,0,7.009304,142663,G4,NETBANKING
TX_42_532_2191,0,0,8.909351000000001,305669,G2,NETBANKING
TX_42_5330_5426,0,0,7.887855,372046,G3,UPI
TX_42_5331_6395,0,0,3.197397,366384,G2,UPI
TX_42_5332_9371,0,0,8.016408,101486,G2,CARD
TX_42_5333_3722,1,1,46.434149,267516,G2,CARD
TX_42_5334_8904,0,0,5.480957,57763,G2,UPI
TX_42_5335_8844,1,1,135.823537,54713,G4,UPI
TX_42_5336_6349,0,0,6.13735,357164,G2,WALLET
TX_42_5337_3558,0,0,4.279478,160216,G1,UPI
TX_42_5338_2088,0,0,7.76143,338450,G1,UPI
TX_42_5339_8939,1,1,20.671656,219015,G2,UPI
TX_42_533_2772,0,0,8.306854,314510,G2,UPI
TX_42_5340_1175,0,0,5.258156,236350,G1,NETBANKING
TX_42_5343_3433,0,0,8.031461,176727,G1,NETBANKING
TX_42_5344_5464,0,0,6.261891,271046,G1,UPI
TX_42_5345_7505,0,0,6.700368,620774,G2,CARD
TX_42_5346_5932,0,0,7.613328,379449,G1,UPI
TX_42_5347_7619,0,0,7.478483,115155,G3,UPI
TX_42_5348_3729,1,1,116.085394,488489,G1,NETBANKING
TX_42_5349_2127,0,0,5.874789,535940,G2,UPI
TX_42_534_4956,0,0,8.842452,75292,G2,CARD
TX_42_5351_6958,0,0,6.286543,200016,G1,UPI
TX_42_5352_1502,0,0,4.195771,201742,G1,CARD
TX_42_5353_3141,0,0,7.800885,455552,G2,CARD
TX_42_5355_5313,0,0,6.485687,281929,G1,WALLET
TX_42_5356_7619,0,0,5.663021,71800,G1,CARD
TX_42_5357_7799,0,0,9.779795,507289,G2,UPI
TX_42_5358_5932,0,0,9.461687,341057,G2,CARD
TX_42_535_2037,0,0,6.346639,168153,G2,UPI
TX_42_5360_9115,1,1,287.217413,84317,G3,NETBANKING
TX_42_5361_9411,0,0,8.423245,318023,G1,UPI
TX_42_5362_3216,0,0,7.434398,184978,G2,UPI
TX_42_5363_3691,0,0,5.519601,344411,G1,CARD
TX_42_5364_3056,0,0,7.332156,425764,G2,CARD
TX_42_5365_8938,0,0,5.914318,128920,G2,UPI
TX_42_5366_6550,0,0,5.336784,90245,G1,NETBANKING
TX_42_5367_3231,0,0,6.310337,349562,G2,CARD
TX_42_5368_5725,0,0,6.648865,74954,G3,UPI
TX_42_5370_6753,0,0,9.255258,416418,G3,CARD
TX_42_5372_9129,0,0,7.832066,273983,G1,UPI
TX_42_5374_3538,0,0,7.415509,319922,G4,NETBANKING
TX_42_5375_6679,0,0,7.396093,104713,G1,CARD
TX_42_5376_8019,0,0,3.608654,133723,G1,CARD
TX_42_5377_5636,0,0,7.834307,376077,G1,UPI
TX_42_5378_7397,1,1,68.91329,176982,G2,UPI
TX_42_5379_5949,1,1,199.35857,406986,G4,UPI
TX_42_537_3137,0,0,7.797608,319734,G1,UPI
TX_42_5380_9578,0,0,9.338261,520306,G1,CARD
TX_42_5381_2545,0,0,7.831655,302587,G3,NETBANKING
TX_42_5382_7215,0,0,6.081294,160687,G2,UPI
TX_42_5383_1962,0,0,8.846327,98856,G4,NETBANKING
TX_42_5384_1116,0,0,4.881336,170624,G3,WALLET
TX_42_5385_6956,0,0,9.761318,113801,G1,CARD
TX_42_5386_3300,0,0,5.547467,195390,G1,CARD
TX_42_5387_8586,0,0,9.500484,444555,G1,UPI
TX_42_5388_6878,0,0,8.769169,149839,G1,CARD
TX_42_538_8583,0,0,9.924039,209259,G1,CARD
TX_42_5390_1546,1,1,122.063114,190408,G3,UPI
TX_42_5391_3922,0,0,6.765273,300630,G2,UPI
TX_42_5393_5861,0,0,8.723282,444128,G1,CARD
TX_42_5394_3031,0,0,9.677047,192705,G3,WALLET
TX_42_5395_9874,0,0,6.553707,225940,G3,UPI
TX_42_5397_1033,0,0,8.745638,481244,G1,WALLET
TX_42_5399_1037,0,0,4.788717,197848,G3,UPI
TX_42_539_9727,1,1,200.620796,77020,G1,CARD
TX_42_53_5270,0,0,7.643054,151373,G1,UPI
TX_42_5401_3244,0,0,6.454534,113609,G3,CARD
TX_42_5402_9163,0,0,6.574987,119731,G2,CARD
TX_42_5403_6941,0,0,7.790474,292237,G3,CARD
TX_42_5404_4627,0,0,5.840637,246622,G1,UPI
TX_42_5405_9738,0,0,5.822654,206849,G1,WALLET
TX_42_5406_2262,0,0,8.399776,184600,G1,NETBANKING
TX_42_5407_1098,0,0,5.871886,187165,G3,UPI
TX_42_5408_1359,0,0,7.427024,199007,G3,WALLET
TX_42_5409_1496,0,0,8.655883,269205,G3,CARD
TX_42_540_2308,0,0,8.64466,116024,G2,NETBANKING
TX_42_5410_4751,0,0,8.899753,341071,G2,WALLET
TX_42_5411_7929,0,0,10.72735,118430,G4,WALLET
TX_42_5412_1848,1,1,84.256148,377316,G4,UPI
TX_42_5413_1068,0,0,5.8408940000000005,230574,G1,UPI
TX_42_5414_6488,0,0,5.5263480000000005,113353,G3,CARD
TX_42_5415_2722,0,0,5.7344100000000005,177479,G1,UPI
TX_42_5416_1181,0,0,6.274856,456886,G1,UPI
TX_42_5419_5552,0,0,8.671986,88831,G1,NETBANKING
TX_42_5420_4989,0,0,3.466758,457616,G2,CARD
TX_42_5421_3035,0,0,4.724607,154959,G2,WALLET
TX_42_5422_4589,0,0,4.939373,363452,G2,UPI
TX_42_5423_7012,0,0,5.822074,147566,G1,UPI
TX_42_5424_5615,0,0,5.215782,32302,G2,CARD
TX_42_5425_4556,0,0,7.860178,300108,G2,CARD
TX_42_5426_4246,0,0,10.629283000000001,360984,G1,CARD
TX_42_542_3788,1,1,237.324634,178110,G3,CARD
TX_42_5430_8814,0,0,3.717889,297216,G1,CARD
TX_42_5431_1706,1,1,277.131174,424298,G1,NETBANKING
TX_42_5432_3955,1,1,297.486713,57878,G1,CARD
TX_42_5434_1413,0,0,6.774682,569237,G4,CARD
TX_42_5435_8067,0,0,6.839808,403075,G1,UPI
TX_42_5436_7354,1,1,144.133674,73944,G1,NETBANKING
TX_42_5437_9079,1,1,242.937724,172168,G2,UPI
TX_42_5439_7814,0,0,8.753039,357670,G3,UPI
TX_42_543_2210,1,1,243.969774,226752,G4,UPI
TX_42_5440_3767,1,1,19.704412,605827,G2,NETBANKING
TX_42_5442_6828,0,0,7.775074,85474,G2,UPI
TX_42_5443_7644,0,0,6.224572,193697,G3,CARD
TX_42_5444_7420,1,1,265.323439,119759,G1,NETBANKING
TX_42_5445_9217,0,0,5.962621,70507,G2,CARD
TX_42_5446_5768,0,0,8.090391,322793,G1,UPI
TX_42_5447_6926,1,1,190.343703,69821,G1,UPI
TX_42_5448_8239,1,1,133.505517,388809,G2,NETBANKING
TX_42_5449_6057,0,0,5.79279,85318,G3,NETBANKING
TX_42_544_1518,0,0,7.254875,168289,G2,CARD
TX_42_5450_1607,0,0,6.244086,269800,G4,UPI
TX_42_5451_1227,0,0,5.931104,273946,G2,UPI
TX_42_5452_2483,0,0,6.71931,151217,G1,CARD
TX_42_5453_5984,1,1,287.582033,361240,G2,UPI
TX_42_5454_8918,1,1,163.957005,391069,G1,UPI
TX_42_5455_2017,0,0,8.861531,551768,G4,CARD
TX_42_5456_8213,0,0,7.923513,355081,G1,WALLET
TX_42_5457_5050,0,0,6.767276,386220,G1,CARD
TX_42_5459_7079,0,0,5.675414,111894,G1,NETBANKING
TX_42_545_4085,0,0,8.010006,104023,G3,WALLET
TX_42_5460_2404,0,0,7.98174,164386,G3,UPI
TX_42_5461_2266,0,0,7.833188,253693,G2,NETBANKING
TX_42_5462_9859,0,0,6.815334,442897,G1,UPI
TX_42_5463_1798,0,0,5.485032,267284,G2,CARD
TX_42_5465_9350,0,0,7.401706,591271,G2,CARD
TX_42_5466_4965,0,0,8.21667,470372,G1,CARD
TX_42_5467_7291,0,0,4.587209,203626,G3,UPI
TX_42_5468_9464,1,1,259.378337,170431,G3,UPI
TX_42_5469_5718,1,1,90.655833,189776,G2,UPI
TX_42_546_3394,0,0,6.850122,151432,G3,CARD
TX_42_5470_7332,0,0,5.894589,485955,G1,UPI
TX_42_5471_3120,0,0,8.191274,405666,G4,CARD
TX_42_5478_1946,1,1,148.69488,193102,G2,CARD
TX_42_547_5971,0,0,5.69143,342862,G1,CARD
TX_42_5481_1860,0,0,6.859152,66873,G1,UPI
TX_42_5482_5996,0,0,7.210748,92403,G1,UPI
TX_42_5483_7861,0,0,9.093777,200068,G3,CARD
TX_42_5484_3989,0,0,8.627298,449329,G2,UPI
TX_42_5485_6804,0,0,6.498286,176896,G4,UPI
TX_42_5486_2723,1,1,170.42698,366639,G2,NETBANKING
TX_42_5487_4880,1,1,208.907589,162559,G1,WALLET
TX_42_5488_2263,0,0,9.711976,417057,G1,UPI
TX_42_5489_3121,0,0,8.971444,396347,G4,UPI
TX_42_5490_7903,0,0,4.947297,189839,G1,CARD
TX_42_5491_7139,1,1,254.06015,167082,G2,CARD
TX_42_5493_9246,0,0,7.904762,179778,G3,UPI
TX_42_5494_8267,0,0,9.646795000000001,293999,G1,UPI
TX_42_5495_3610,0,0,9.073268,81798,G2,CARD
TX_42_5496_7141,1,1,256.886868,454728,G3,UPI
TX_42_5497_8981,0,0,8.329573,407516,G2,UPI
TX_42_549_2505,0,0,5.901098,190505,G4,WALLET
TX_42_54_3313,0,0,6.436205,251779,G4,WALLET
TX_42_5500_4642,0,0,5.900695,152101,G4,CARD
TX_42_5501_9590,0,0,7.988096,178411,G1,CARD
TX_42_5503_9945,0,0,5.643039,352979,G1,UPI
TX_42_5504_7984,0,0,6.342413,118443,G2,WALLET
TX_42_5505_8573,0,0,4.800815,150459,G1,CARD
TX_42_5506_3241,0,0,9.676423,222244,G3,UPI
TX_42_5507_6466,0,0,6.182661,195458,G2,CARD
TX_42_5509_9703,0,0,5.580553,443458,G2,CARD
TX_42_550_1551,0,0,7.570791,212401,G1,CARD
TX_42_5510_8416,0,0,5.048677,240585,G2,UPI
TX_42_5511_7061,1,1,225.673896,140872,G1,UPI
TX_42_5513_4275,0,0,8.294493,109146,G1,CARD
TX_42_5514_8726,0,0,9.192514,509773,G3,WALLET
TX_42_5515_7839,0,0,4.848776,286844,G4,UPI
TX_42_5517_1249,0,0,8.267865,368348,G1,CARD
TX_42_5519_5347,0,0,7.707888,354066,G2,UPI
TX_42_551_7629,0,0,5.941184,395558,G1,NETBANKING
TX_42_5520_6268,1,1,241.204747,144763,G3,NETBANKING
TX_42_5521_8677,1,1,160.134892,289324,G1,UPI
TX_42_5522_7892,1,1,144.535628,52239,G1,NETBANKING
TX_42_5523_3416,0,0,6.778683,387764,G4,UPI
TX_42_5526_6577,0,0,7.442836,180886,G1,CARD
TX_42_5528_4007,0,0,7.281178,361958,G2,UPI
TX_42_5529_1485,1,1,172.587869,61948,G1,UPI
TX_42_552_9962,0,0,5.732442,241787,G2,NETBANKING
TX_42_5531_9948,0,0,4.876673,311240,G1,UPI
TX_42_5532_7688,0,0,6.376637,109703,G1,CARD
TX_42_5533_1456,0,0,8.076667,185778,G1,UPI
TX_42_5534_6777,0,0,6.253191,502235,G2,CARD
TX_42_5535_4667,0,0,5.341995,340836,G3,UPI
TX_42_5536_5312,0,0,7.659792,141381,G3,CARD
TX_42_5537_9825,0,0,5.83288,187395,G2,NETBANKING
TX_42_5538_2243,0,0,5.752478,76035,G2,UPI
TX_42_5539_7494,0,0,6.724879,160379,G2,UPI
TX_42_553_6234,0,0,8.447655,77099,G2,UPI
TX_42_5540_7133,0,0,9.043591,146063,G2,UPI
TX_42_5541_9597,0,0,7.249299,87213,G2,CARD
TX_42_5542_7492,0,0,4.699929,69626,G2,UPI
TX_42_5545_5597,0,0,7.087868,33916,G1,CARD
TX_42_5546_1402,0,0,5.52205,123863,G3,CARD
TX_42_5547_7350,0,0,9.372826,486844,G2,CARD
TX_42_5548_9385,0,0,6.6422170000000005,312440,G2,UPI
TX_42_5549_2907,0,0,5.485541,156313,G4,CARD
TX_42_5550_2852,0,0,7.06524,126352,G4,UPI
TX_42_5551_9192,1,1,111.419268,288876,G2,UPI
TX_42_5552_7123,0,0,9.047289,369206,G1,UPI
TX_42_5554_8588,0,0,8.843458,340011,G1,NETBANKING
TX_42_5555_5203,0,0,7.674229,378285,G2,WALLET
TX_42_5556_6547,0,0,7.103095,112234,G1,UPI
TX_42_5558_5089,0,0,6.768301,153537,G2,UPI
TX_42_555_6969,1,1,251.528381,581485,G1,UPI
TX_42_5561_2983,0,0,5.708709,208098,G1,CARD
TX_42_5562_1325,0,0,6.227849,56963,G1,UPI
TX_42_5563_8654,0,0,6.226916,271402,G1,CARD
TX_42_5564_7136,0,0,6.261583,245947,G2,CARD
TX_42_5565_5802,0,0,9.366482,347490,G4,UPI
TX_42_5566_5072,0,0,5.955629,150264,G1,WALLET
TX_42_5567_4760,0,0,4.420443,308260,G3,UPI
TX_42_5569_4076,1,1,132.753222,555487,G2,CARD
TX_42_556_9291,0,0,7.047775,484431,G3,CARD
TX_42_5570_2178,0,0,5.928559,345525,G1,CARD
TX_42_5571_2906,0,0,6.899841,496560,G1,CARD
TX_42_5572_1385,1,1,258.128569,333307,G3,UPI
TX_42_5573_6087,0,0,7.013191,136511,G2,CARD
TX_42_5575_3731,0,0,7.512938,96447,G2,CARD
TX_42_5576_4721,0,0,5.885088,245900,G4,UPI
TX_42_5577_8020,0,0,6.058708,383765,G3,UPI
TX_42_5578_1788,0,0,8.568266,210376,G4,UPI
TX_42_5579_1492,1,1,129.115709,411677,G1,UPI
TX_42_557_6783,0,0,6.238943,157086,G2,UPI
TX_42_5581_5974,1,1,148.485206,300291,G1,UPI
TX_42_5582_3468,0,0,6.729047,109723,G1,CARD
TX_42_5583_3139,0,0,4.702443,419803,G2,WALLET
TX_42_5584_6831,0,0,5.698372,506507,G1,CARD
TX_42_5585_3997,0,0,7.291692,104357,G3,UPI
TX_42_5588_3519,0,0,5.804367,533568,G1,UPI
TX_42_5589_6624,0,0,5.527281,238048,G1,UPI
TX_42_558_2617,0,0,6.6483989999999995,368075,G1,WALLET
TX_42_5590_7416,0,0,8.550408000000001,152878,G1,UPI
TX_42_5592_4646,1,1,262.546754,205522,G4,UPI
TX_42_5594_8646,0,0,5.979362,61449,G4,CARD
TX_42_5596_9199,0,0,8.232175,89452,G2,NETBANKING
TX_42_5597_2078,0,0,7.778521,201436,G4,NETBANKING
TX_42_5598_2653,0,0,7.091057,143833,G3,CARD
TX_42_559_7337,0,0,7.750513,260979,G1,UPI
TX_42_55_2819,0,0,5.648778,75884,G1,CARD
TX_42_5600_3161,0,0,8.300425,247636,G2,UPI
TX_42_5601_1458,0,0,5.563896,521594,G3,NETBANKING
TX_42_5603_7973,0,0,7.839583,159310,G2,UPI
TX_42_5604_2355,0,0,7.318853,153063,G1,WALLET
TX_42_5605_9934,1,1,201.688425,280889,G1,UPI
TX_42_5607_9744,0,0,5.180659,204001,G1,NETBANKING
TX_42_5608_9218,0,0,6.9175640000000005,297863,G1,UPI
TX_42_5609_8800,0,0,6.739695,476547,G4,CARD
TX_42_560_1037,0,0,7.454236,234354,G1,CARD
TX_42_5610_5261,1,1,209.623478,126131,G2,CARD
TX_42_5611_6993,0,0,7.6165389999999995,307143,G1,CARD
TX_42_5612_9362,0,0,7.587849,105366,G4,UPI
TX_42_5613_6351,0,0,4.866412,258701,G1,UPI
TX_42_5614_7518,0,0,3.983217,128557,G1,UPI
TX_42_5615_5957,0,0,5.358551,202204,G3,CARD
TX_42_5616_2964,0,0,4.793001,421825,G1,UPI
TX_42_5617_3815,0,0,7.087605,181519,G1,NETBANKING
TX_42_5619_4983,0,0,10.437911,264367,G2,CARD
TX_42_561_4190,0,0,7.381023,248603,G2,CARD
TX_42_5620_2603,0,0,5.521385,363269,G1,WALLET
TX_42_5621_8217,1,1,266.87784,286304,G1,UPI
TX_42_5622_5562,0,0,5.920832,74710,G3,CARD
TX_42_5623_3439,0,0,4.902898,304396,G1,UPI
TX_42_5624_1697,1,1,244.493877,541992,G1,CARD
TX_42_5625_2234,1,1,70.471342,221164,G1,UPI
TX_42_5626_4484,0,0,7.368953,278379,G2,CARD
TX_42_5627_9534,0,0,8.990997,73399,G1,CARD
TX_42_5628_9228,0,0,6.905792,278600,G1,CARD
TX_42_5629_5327,0,0,6.656966,420752,G1,UPI
TX_42_5631_7048,0,0,6.051349,644915,G1,WALLET
TX_42_5632_7205,0,0,8.022754,322075,G4,UPI
TX_42_5633_4092,0,0,5.252185,144793,G4,UPI
TX_42_5634_3035,1,1,176.332458,253751,G1,CARD
TX_42_5635_8451,0,0,6.68818,98472,G1,UPI
TX_42_5636_7594,0,0,6.476256,453554,G2,NETBANKING
TX_42_5637_8479,1,1,122.387582,241215,G2,CARD
TX_42_5639_4790,0,0,4.125018,76165,G1,UPI
TX_42_563_2361,0,0,5.33488,497750,G1,UPI
TX_42_5640_7130,0,0,7.092436,296177,G4,UPI
TX_42_5642_4370,0,0,7.560791,263365,G1,UPI
TX_42_5644_9833,0,0,10.735304,72174,G1,CARD
TX_42_5645_9038,0,0,5.75294,318843,G2,UPI
TX_42_5647_6830,1,1,254.072699,292546,G4,UPI
TX_42_5648_5730,0,0,6.071848,266070,G2,UPI
TX_42_5649_3817,1,1,196.507134,413802,G2,CARD
TX_42_564_7467,0,0,4.983843,175441,G4,UPI
TX_42_5651_6549,0,0,9.423297,434537,G3,NETBANKING
TX_42_5652_9109,0,0,7.050047,325089,G3,NETBANKING
TX_42_5653_6054,0,0,5.697947,120680,G1,UPI
TX_42_5654_7490,0,0,10.274743,469578,G2,UPI
TX_42_5656_4883,0,0,9.421285,173840,G2,NETBANKING
TX_42_5658_5363,0,0,6.833308,214864,G3,UPI
TX_42_5659_1437,0,0,5.576366,141328,G3,UPI
TX_42_565_1064,0,0,6.577572,533987,G1,UPI
TX_42_5660_4917,0,0,6.214796,255381,G1,CARD
TX_42_5661_3634,0,0,9.057853,265532,G2,UPI
TX_42_5662_6725,0,0,3.866606,518685,G2,UPI
TX_42_5665_3097,0,0,7.786207,258464,G1,UPI
TX_42_5666_5440,1,1,185.619379,168729,G1,UPI
TX_42_5667_3040,0,0,5.505784,194438,G2,UPI
TX_42_5668_2223,0,0,6.264816,253717,G4,UPI
TX_42_5669_3850,1,1,46.135258,205667,G1,UPI
TX_42_5670_6524,0,0,7.8397310000000004,372580,G1,UPI
TX_42_5671_2731,0,0,9.115056,73860,G1,CARD
TX_42_5672_9791,0,0,8.132466,116613,G2,UPI
TX_42_5673_7127,0,0,5.771154,511960,G3,UPI
TX_42_5674_2880,0,0,5.383962,441900,G1,CARD
TX_42_5675_5489,0,0,4.400881,475572,G3,UPI
TX_42_5677_5460,1,1,104.176751,108050,G3,UPI
TX_42_5678_5806,0,0,6.626689,282613,G2,UPI
TX_42_567_7194,0,0,7.009693,237023,G3,CARD
TX_42_5680_7425,0,0,7.404306,128062,G2,NETBANKING
TX_42_5681_3048,0,0,7.059823,308015,G1,CARD
TX_42_5682_9081,0,0,6.86012,235859,G4,CARD
TX_42_5683_6888,1,1,284.731928,82298,G3,UPI
TX_42_5684_1556,1,1,20.583956,279307,G2,UPI
TX_42_5685_3784,0,0,5.749687,75447,G3,WALLET
TX_42_5686_6654,0,0,6.633676,280156,G1,UPI
TX_42_5687_9355,0,0,6.647897,445287,G2,UPI
TX_42_5689_7907,1,1,56.064815,406313,G2,UPI
TX_42_568_8263,0,0,8.467575,170040,G2,UPI
TX_42_5690_6396,0,0,8.368891,327627,G1,UPI
TX_42_5691_5296,0,0,7.034399,116447,G1,NETBANKING
TX_42_5692_3592,0,0,5.900602,271893,G3,CARD
TX_42_5693_5191,0,0,8.117976,553488,G1,UPI
TX_42_5696_6996,0,0,5.897329,262028,G3,UPI
TX_42_5698_5457,0,0,7.714154,372258,G2,UPI
TX_42_5699_3650,1,1,161.142987,333248,G2,WALLET
TX_42_569_4449,0,0,5.7960519999999995,523476,G2,UPI
TX_42_56_6911,0,0,8.250565,255360,G1,UPI
TX_42_5700_6270,1,1,124.525671,124466,G2,UPI
TX_42_5702_1762,1,1,254.423143,360864,G1,CARD
TX_42_5703_9910,0,0,7.06373,64524,G3,UPI
TX_42_5704_3204,1,1,169.187883,538891,G3,CARD
TX_42_5705_2882,0,0,7.658628,332599,G1,CARD
TX_42_5706_3838,0,0,10.422762,183951,G1,UPI
TX_42_5707_9343,0,0,7.599586,191901,G2,CARD
TX_42_5708_5873,0,0,6.039761,378480,G1,UPI
TX_42_570_3271,1,1,123.296301,183708,G3,CARD
TX_42_5710_6185,0,0,6.587722,355982,G2,NETBANKING
TX_42_5711_6041,0,0,7.7739709999999995,195040,G3,WALLET
TX_42_5713_8561,1,1,36.250724,347374,G3,NETBANKING
TX_42_5714_6748,0,0,10.012993,423763,G2,WALLET
TX_42_5716_9421,0,0,8.643902,418035,G1,NETBANKING
TX_42_5717_4295,1,1,143.245568,375701,G1,NETBANKING
TX_42_5718_8702,0,0,5.711674,220777,G1,UPI
TX_42_571_2234,1,1,219.227476,316406,G3,UPI
TX_42_5721_7153,0,0,5.798499,342002,G1,CARD
TX_42_5722_3537,0,0,7.694849,112079,G2,NETBANKING
TX_42_5723_5929,1,1,187.411089,69352,G1,UPI
TX_42_5724_3360,0,0,6.777616,104109,G4,CARD
TX_42_5725_2155,0,0,6.5598659999999995,144206,G2,WALLET
TX_42_5726_2606,0,0,6.101568,407777,G1,CARD
TX_42_5729_9827,0,0,3.888934,149214,G4,UPI
TX_42_572_3951,0,0,8.512995,88372,G1,UPI
TX_42_5730_6599,0,0,7.401019,210877,G3,UPI
TX_42_5733_7814,0,0,7.874106,242512,G2,CARD
TX_42_5734_1385,1,1,29.382193,427058,G2,UPI
TX_42_5735_3111,0,0,6.512841,143332,G2,CARD
TX_42_5736_8773,0,0,5.882525,375629,G1,UPI
TX_42_5737_4121,0,0,7.445675,116224,G1,CARD
TX_42_5738_7962,0,0,4.866451,326381,G1,CARD
TX_42_573_8160,0,0,8.3234,309726,G1,CARD
TX_42_5740_4414,0,0,8.030701,386350,G1,UPI
TX_42_5741_3569,0,0,5.1811,358440,G1,CARD
TX_42_5742_8003,0,0,5.438899,109563,G1,NETBANKING
TX_42_5743_1023,1,1,281.976662,133532,G4,WALLET
TX_42_5745_3206,0,0,8.873096,81118,G2,NETBANKING
TX_42_5746_4062,0,0,7.9586179999999995,270472,G3,UPI
TX_42_5747_2115,0,0,6.071419,426459,G1,CARD
TX_42_5748_8669,0,0,9.591746,299933,G1,UPI
TX_42_5749_3916,0,0,7.793504,188589,G3,UPI
TX_42_5750_1646,0,0,7.75801,265087,G1,UPI
TX_42_5755_9025,1,1,209.308397,347055,G3,UPI
TX_42_5756_3035,0,0,7.185039,111314,G3,NETBANKING
TX_42_5757_4680,0,0,6.397272,430424,G2,UPI
TX_42_5758_1023,1,1,237.270833,266620,G1,CARD
TX_42_575_7458,0,0,10.670779,271178,G1,UPI
TX_42_5762_4790,0,0,3.85736,212495,G1,UPI
TX_42_5763_6124,0,0,6.623259,120100,G3,UPI
TX_42_5764_2246,0,0,6.9631170000000004,291665,G1,UPI
TX_42_5765_9183,0,0,8.711561,381108,G2,CARD
TX_42_5766_2245,1,1,137.586309,241788,G3,UPI
TX_42_5767_2089,0,0,4.996601,334724,G4,NETBANKING
TX_42_5768_8642,0,0,7.838853,399819,G1,UPI
TX_42_5769_4855,0,0,9.791132,529004,G1,UPI
TX_42_576_1751,0,0,6.32683,453121,G3,WALLET
TX_42_5770_3545,1,1,310.636211,473742,G2,UPI
TX_42_5773_8049,0,0,8.823697,180892,G1,NETBANKING
TX_42_5774_5953,0,0,7.438958,79108,G4,UPI
TX_42_5775_8359,0,0,9.818496,343878,G1,CARD
TX_42_5776_7518,0,0,7.032375,72992,G2,UPI
TX_42_5777_2887,0,0,9.371796,193686,G2,CARD
TX_42_5778_9580,0,0,9.821145,132674,G2,WALLET
TX_42_5779_5894,0,0,8.950724,303016,G3,UPI
TX_42_577_8700,0,0,9.475865,520169,G2,UPI
TX_42_5780_9107,0,0,5.146078,254803,G3,UPI
TX_42_5781_6299,0,0,8.257807,364553,G3,NETBANKING
TX_42_5782_8809,0,0,7.640599,184416,G3,UPI
TX_42_5783_9199,0,0,6.798557,400509,G2,CARD
TX_42_5785_5142,0,0,9.747837,387487,G2,NETBANKING
TX_42_5786_2810,0,0,7.980053,399060,G3,UPI
TX_42_5787_9117,0,0,6.553965,161830,G2,UPI
TX_42_5788_7371,0,0,7.811845,178694,G1,CARD
TX_42_5789_7371,0,0,8.409452,69744,G3,WALLET
TX_42_578_9558,0,0,6.115993,304962,G3,CARD
TX_42_5790_7083,0,0,7.698081,460694,G1,WALLET
TX_42_5791_8184,0,0,6.212195,274567,G1,UPI
TX_42_5792_5891,0,0,6.729389,91982,G2,CARD
TX_42_5793_6623,0,0,6.864994,77518,G1,CARD
TX_42_5794_1710,0,0,7.659643,169358,G1,CARD
TX_42_5796_6758,0,0,8.004431,202985,G1,CARD
TX_42_5797_1053,0,0,3.985734,70813,G3,UPI
TX_42_5798_2824,0,0,6.773844,56379,G3,WALLET
TX_42_5799_1783,0,0,6.367135,72511,G1,UPI
TX_42_579_4716,0,0,7.401251,228960,G3,UPI
TX_42_57_6428,0,0,6.627839,87392,G4,CARD
TX_42_5800_2601,0,0,5.394821,122921,G2,CARD
TX_42_5802_7358,0,0,9.908208,316926,G3,UPI
TX_42_5804_6942,0,0,5.549453,259415,G1,CARD
TX_42_5805_4034,0,0,8.356071,469621,G1,UPI
TX_42_5806_3755,0,0,7.079284,146656,G1,CARD
TX_42_5808_9385,0,0,4.193955,299448,G2,NETBANKING
TX_42_5809_8025,0,0,8.093194,403392,G1,CARD
TX_42_580_4194,0,0,3.622475,126279,G3,NETBANKING
TX_42_5810_5959,0,0,7.005084,198810,G2,WALLET
TX_42_5811_6252,0,0,6.781529,354811,G1,CARD
TX_42_5812_7194,0,0,7.725498,328680,G2,CARD
TX_42_5813_3294,1,1,114.735668,459160,G3,CARD
TX_42_5814_2248,0,0,7.623124,461742,G2,UPI
TX_42_5815_2473,0,0,8.641002,310144,G1,UPI
TX_42_5817_2599,0,0,8.94082,493017,G4,CARD
TX_42_5819_4316,0,0,8.443223,144671,G1,UPI
TX_42_581_1723,0,0,8.388719,294831,G1,CARD
TX_42_5820_2984,1,1,147.03963,174806,G3,WALLET
TX_42_5821_6364,1,1,79.138739,97518,G3,UPI
TX_42_5822_5202,0,0,6.81807,152995,G2,WALLET
TX_42_5825_7886,0,0,7.62254,376399,G1,CARD
TX_42_5826_4399,0,0,3.646391,131942,G1,UPI
TX_42_5827_2894,0,0,6.598141,161715,G1,UPI
TX_42_5828_9471,0,0,7.414967,192345,G1,UPI
TX_42_5829_3070,0,0,4.022917,388560,G1,CARD
TX_42_582_1949,0,0,7.324197,372668,G1,UPI
TX_42_5830_7113,0,0,10.494017,71606,G1,UPI
TX_42_5831_3522,0,0,6.720441,312155,G1,UPI
TX_42_5832_8298,0,0,6.085275,229695,G1,UPI
TX_42_5833_7739,0,0,8.177211,247997,G1,UPI
TX_42_5834_8733,0,0,7.325262,435568,G1,CARD
TX_42_5835_9513,0,0,5.022351,352392,G1,UPI
TX_42_5836_5520,0,0,8.587712,373686,G2,UPI
TX_42_5837_8184,1,1,96.235221,480687,G2,CARD
TX_42_5838_2539,0,0,5.751354,172182,G1,UPI
TX_42_5839_5955,0,0,6.978828,127333,G2,CARD
TX_42_5840_8025,0,0,6.260274,241000,G2,CARD
TX_42_5841_1910,0,0,7.436582,459058,G3,CARD
TX_42_5842_2507,0,0,8.177531,308859,G4,NETBANKING
TX_42_5843_1609,0,0,4.568379,157306,G2,UPI
TX_42_5844_1718,0,0,5.372493,403155,G2,UPI
TX_42_5845_6731,0,0,5.178456,101032,G1,NETBANKING
TX_42_5847_1366,0,0,3.334273,86220,G1,UPI
TX_42_5848_8229,0,0,8.01477,113078,G1,CARD
TX_42_5850_2975,0,0,8.377334,408116,G3,CARD
TX_42_5851_9947,0,0,4.785922,635150,G1,NETBANKING
TX_42_5853_8449,0,0,5.840357,506240,G2,UPI
TX_42_5854_6413,0,0,7.433159,175676,G1,UPI
TX_42_5856_3810,0,0,8.324335,187023,G2,NETBANKING
TX_42_5857_3167,0,0,8.385995,218040,G1,UPI
TX_42_5858_5221,0,0,6.786255,357380,G4,UPI
TX_42_5859_7981,0,0,4.40323,67209,G2,UPI
TX_42_585_3067,0,0,8.440601000000001,194926,G1,UPI
TX_42_5861_1076,1,1,92.790996,238192,G4,UPI
TX_42_5862_7243,0,0,5.608232,218078,G2,CARD
TX_42_5863_6267,1,1,109.943299,258289,G1,UPI
TX_42_5864_7977,0,0,7.283769,128613,G2,UPI
TX_42_5865_4989,0,0,7.701396,72327,G4,UPI
TX_42_5866_7236,0,0,8.008166,121272,G2,UPI
TX_42_5868_9975,1,1,142.510162,197254,G1,UPI
TX_42_586_7811,0,0,6.552906,214409,G4,UPI
TX_42_5870_7055,0,0,10.28398,620493,G1,CARD
TX_42_5871_4426,0,0,8.811214,384692,G1,UPI
TX_42_5873_6638,0,0,6.766874,185916,G1,CARD
TX_42_5874_6732,0,0,7.034106,536414,G1,UPI
TX_42_5875_4360,0,0,8.894605,161503,G2,CARD
TX_42_5876_3300,0,0,7.427905,341858,G2,CARD
TX_42_5877_2390,0,0,9.520743,75321,G2,WALLET
TX_42_5879_2801,0,0,6.824089,348931,G4,UPI
TX_42_587_7322,0,0,6.533686,182254,G4,CARD
TX_42_5880_2052,0,0,5.937766,532756,G4,UPI
TX_42_5881_8506,1,1,147.978729,185561,G2,UPI
TX_42_5882_6938,1,1,161.214821,387216,G1,UPI
TX_42_5883_4034,0,0,4.390814,145768,G1,NETBANKING
TX_42_5884_8813,0,0,5.140333,114763,G1,CARD
TX_42_5888_4779,0,0,7.810364,434928,G3,UPI
TX_42_5889_2218,0,0,6.613849,442186,G1,CARD
TX_42_588_7590,0,0,6.709958,87366,G2,CARD
TX_42_5890_8925,0,0,6.397061,276880,G3,CARD
TX_42_5892_1210,0,0,6.330086,151436,G2,UPI
TX_42_5893_2378,0,0,4.861622,408869,G1,NETBANKING
TX_42_5896_9353,0,0,9.576694,396440,G3,CARD
TX_42_5898_9640,0,0,4.151451,163628,G4,NETBANKING
TX_42_5899_1884,0,0,4.250435,174126,G2,CARD
TX_42_5900_9618,0,0,9.060112,195403,G3,CARD
TX_42_5901_8232,0,0,5.270709,208642,G2,UPI
TX_42_5902_7109,0,0,6.8384599999999995,395374,G1,UPI
TX_42_5903_4928,0,0,5.779449,514276,G4,CARD
TX_42_5905_9505,0,0,5.8583929999999995,459073,G3,WALLET
TX_42_5906_4050,0,0,3.288935,182714,G4,UPI
TX_42_5909_2705,0,0,5.891533,444613,G3,CARD
TX_42_590_7327,0,0,5.463496,72691,G1,WALLET
TX_42_5910_6966,0,0,7.275865,239038,G2,UPI
TX_42_5911_6400,0,0,8.818357,79661,G1,UPI
TX_42_5912_3364,0,0,6.130172,59843,G1,UPI
TX_42_5913_1292,0,0,8.576187000000001,424249,G2,UPI
TX_42_5914_4178,0,0,6.732815,53984,G1,WALLET
TX_42_5915_2840,0,0,6.479073,150330,G2,UPI
TX_42_5916_9997,0,0,5.679292,203598,G2,WALLET
TX_42_5917_7091,0,0,8.017084,147938,G3,CARD
TX_42_5918_5611,0,0,6.592287,311171,G1,UPI
TX_42_5919_5148,0,0,8.962077,451937,G4,NETBANKING
TX_42_591_3780,0,0,4.917249,102348,G3,CARD
TX_42_5920_9963,0,0,4.778075,141494,G1,NETBANKING
TX_42_5921_1732,1,1,110.141488,77231,G1,UPI
TX_42_5922_9321,1,1,23.738428,285225,G2,CARD
TX_42_5923_7697,0,0,6.59386,264755,G3,WALLET
TX_42_5924_4653,0,0,7.939158,497255,G2,CARD
TX_42_5925_2218,1,1,154.519724,182420,G3,CARD
TX_42_5926_7591,0,0,6.503708,380115,G2,UPI
TX_42_5927_8928,1,1,45.526834,418729,G2,CARD
TX_42_5928_1961,0,0,5.124197,321830,G1,UPI
TX_42_5929_3284,0,0,5.918243,307172,G2,WALLET
TX_42_592_6279,0,0,5.399737,139708,G1,UPI
TX_42_5930_6126,0,0,6.729922,334142,G1,CARD
TX_42_5931_9914,0,0,7.345293,101354,G3,UPI
TX_42_5932_4795,0,0,8.826486,412524,G1,CARD
TX_42_5934_4085,0,0,8.485037,170252,G3,NETBANKING
TX_42_5935_9630,0,0,6.01132,209910,G1,UPI
TX_42_5936_8594,0,0,8.172797,238563,G1,NETBANKING
TX_42_5938_3567,0,0,6.849752,116352,G2,CARD
TX_42_5939_7933,0,0,8.317251,498314,G2,UPI
TX_42_593_8868,0,0,9.457428,216065,G1,UPI
TX_42_5940_9057,0,0,7.6531649999999996,233268,G1,CARD
TX_42_5941_8965,1,1,247.426442,269376,G1,CARD
TX_42_5942_9918,0,0,8.488795,506904,G2,UPI
TX_42_5943_8042,0,0,8.169428,410427,G3,CARD
TX_42_5944_2178,0,0,7.760872,141454,G1,UPI
TX_42_5945_3613,0,0,9.515954,180182,G1,WALLET
TX_42_5946_7220,0,0,7.657427,341272,G1,NETBANKING
TX_42_5948_2086,0,0,7.866669,169960,G3,UPI
TX_42_5949_4717,0,0,9.766987,295109,G4,UPI
TX_42_594_6948,0,0,9.183632,432017,G1,UPI
TX_42_5950_9459,0,0,6.584454,326616,G4,CARD
TX_42_5951_6182,0,0,8.211042,363410,G2,CARD
TX_42_5953_5793,0,0,5.718842,87333,G3,NETBANKING
TX_42_5955_5619,0,0,6.634025,435239,G2,WALLET
TX_42_5957_4363,0,0,7.036566,428977,G2,UPI
TX_42_5959_4924,0,0,4.851606,359595,G1,WALLET
TX_42_5960_9583,1,1,36.238875,562054,G2,UPI
TX_42_5961_1724,1,1,308.088325,197149,G1,UPI
TX_42_5962_2959,0,0,6.604094,564573,G4,UPI
TX_42_5963_4164,0,0,8.123599,478440,G3,UPI
TX_42_5964_6917,0,0,5.6426490000000005,359864,G1,WALLET
TX_42_5965_6545,0,0,8.238316,357990,G4,UPI
TX_42_5966_7008,0,0,7.012826,275264,G1,CARD
TX_42_5967_4827,0,0,7.105129,170447,G1,CARD
TX_42_5968_1805,1,1,114.887187,340175,G3,UPI
TX_42_5969_1028,1,1,298.635698,113019,G1,UPI
TX_42_596_1414,1,1,287.786674,220269,G1,NETBANKING
TX_42_5970_4969,0,0,6.042681,279157,G1,NETBANKING
TX_42_5971_9707,0,0,8.028735,374061,G1,WALLET
TX_42_5974_3731,0,0,4.555569,273300,G1,UPI
TX_42_5975_7899,0,0,6.737686,548843,G1,UPI
TX_42_5976_4078,0,0,6.285771,219725,G2,NETBANKING
TX_42_5978_3321,0,0,7.23811,110455,G1,CARD
TX_42_5979_9508,0,0,7.9695350000000005,114616,G2,NETBANKING
TX_42_597_9535,0,0,6.51652,188961,G1,CARD
TX_42_5980_3838,0,0,7.438104,120191,G1,UPI
TX_42_5981_6628,0,0,4.6490089999999995,314854,G1,UPI
TX_42_5983_9532,0,0,5.51403,471182,G1,UPI
TX_42_5985_7153,0,0,6.586143,408675,G1,UPI
TX_42_5986_1623,0,0,5.575685,238512,G2,CARD
TX_42_5987_4659,0,0,8.274952,355466,G3,UPI
TX_42_5988_8111,0,0,4.684846,164963,G1,UPI
TX_42_5989_3418,1,1,242.534097,201308,G1,UPI
TX_42_598_4360,1,1,46.368643,364592,G1,CARD
TX_42_5990_7175,0,0,3.805332,530855,G1,WALLET
TX_42_5993_6440,0,0,5.525495,301803,G2,UPI
TX_42_5994_6743,0,0,6.817944,158309,G1,UPI
TX_42_5995_2011,0,0,6.211848,481207,G2,NETBANKING
TX_42_5996_5786,1,1,223.18435,128912,G1,CARD
TX_42_5997_2368,0,0,5.235133,149462,G2,UPI
TX_42_5999_4366,0,0,8.5031,77023,G1,NETBANKING
TX_42_59_3887,0,0,6.77906,101057,G3,WALLET
TX_42_6000_7729,1,1,265.779956,211940,G1,UPI
TX_42_6001_4442,0,0,5.079742,256762,G1,UPI
TX_42_6002_8520,0,0,4.500639,378870,G1,UPI
TX_42_6004_5038,0,0,9.453715,146868,G3,CARD
TX_42_6005_6964,0,0,5.030785,535012,G1,CARD
TX_42_6007_1959,0,0,7.784898,195845,G4,WALLET
TX_42_6008_1268,0,0,4.50735,100006,G2,CARD
TX_42_6009_8117,0,0,8.04426,175890,G3,NETBANKING
TX_42_600_9689,1,1,261.635844,562247,G1,UPI
TX_42_6011_5708,0,0,2.997483,48704,G1,UPI
TX_42_6013_9703,0,0,6.364137,204841,G4,UPI
TX_42_6014_8022,0,0,7.527041,261122,G1,UPI
TX_42_6015_9345,0,0,7.092833,462615,G1,UPI
TX_42_6016_4980,0,0,9.915523,221082,G3,UPI
TX_42_6019_9234,0,0,9.640439,229145,G1,UPI
TX_42_601_9032,0,0,7.512931,407846,G3,UPI
TX_42_6020_3994,0,0,5.59632,140770,G2,NETBANKING
TX_42_6021_3295,0,0,7.265996,275433,G2,UPI
TX_42_6022_1946,0,0,7.168655,349806,G4,UPI
TX_42_6023_2455,0,0,7.420155,642186,G1,NETBANKING
TX_42_6024_3750,0,0,7.107228,186601,G1,CARD
TX_42_6025_7234,0,0,7.243641,453878,G3,UPI
TX_42_6026_1470,0,0,7.822778,372621,G4,UPI
TX_42_6027_5228,0,0,8.338954,137213,G2,CARD
TX_42_6028_8145,1,1,25.123696,418540,G2,CARD
TX_42_602_1615,0,0,7.298834,302019,G2,WALLET
TX_42_6031_9342,0,0,5.997999,249358,G3,CARD
TX_42_6032_4588,1,1,170.912071,194107,G1,UPI
TX_42_6033_5687,0,0,4.363705,437534,G1,NETBANKING
TX_42_6034_1689,0,0,8.839116,221864,G3,CARD
TX_42_6035_7211,0,0,6.091265,107582,G1,UPI
TX_42_6036_1769,0,0,7.95861,309306,G4,CARD
TX_42_6039_3572,1,1,163.991387,184128,G2,CARD
TX_42_6040_5629,0,0,4.854317,302918,G3,CARD
TX_42_6041_2691,0,0,5.56408,256150,G1,UPI
TX_42_6042_5652,0,0,8.553882,386536,G2,CARD
TX_42_6043_8880,0,0,8.430959,85995,G1,UPI
TX_42_6044_6404,1,1,23.009948,330532,G2,UPI
TX_42_6046_4699,0,0,4.889667,357413,G4,UPI
TX_42_6047_5220,0,0,9.550987,273457,G2,UPI
TX_42_6048_2250,0,0,4.114562,159893,G2,WALLET
TX_42_6049_4429,1,1,47.696549,339130,G3,UPI
TX_42_604_6691,1,1,256.451041,163745,G1,UPI
TX_42_6050_7140,0,0,8.055644,149376,G2,NETBANKING
TX_42_6051_2341,0,0,5.732531,382131,G1,CARD
TX_42_6054_3013,0,0,8.747459,62034,G3,CARD
TX_42_6055_1532,0,0,9.378064,336972,G2,CARD
TX_42_6056_2309,0,0,7.854757,128559,G2,UPI
TX_42_6057_5664,0,0,6.46054,373171,G1,CARD
TX_42_6059_4495,0,0,9.960181,59785,G3,UPI
TX_42_605_4574,0,0,6.034186,180526,G4,WALLET
TX_42_6061_9941,0,0,9.094613,142165,G1,WALLET
TX_42_6063_1080,1,1,144.057308,213073,G2,CARD
TX_42_6064_3688,0,0,5.513669,108274,G3,CARD
TX_42_6066_8353,0,0,4.793664,152829,G2,UPI
TX_42_6067_1913,0,0,6.788952,83006,G1,NETBANKING
TX_42_6068_9091,0,0,5.621295,310050,G1,CARD
TX_42_6069_1590,0,0,7.239976,228137,G3,UPI
TX_42_606_2120,0,0,9.445363,343546,G2,WALLET
TX_42_6071_6941,0,0,9.199848,311924,G1,CARD
TX_42_6072_3856,0,0,10.263146,145306,G1,UPI
TX_42_6073_1225,0,0,5.356403,132936,G1,UPI
TX_42_6074_8531,0,0,7.412751,96480,G1,CARD
TX_42_6076_5126,1,1,25.947007,280434,G2,UPI
TX_42_6077_3690,1,1,89.4449,126049,G2,UPI
TX_42_6078_7133,0,0,7.473264,270561,G1,UPI
TX_42_6079_5152,0,0,4.023295,534421,G1,CARD
TX_42_607_6207,0,0,8.151732,342266,G1,CARD
TX_42_6080_8113,0,0,9.549158,118452,G2,NETBANKING
TX_42_6081_9489,0,0,3.372226,68237,G3,CARD
TX_42_6083_6042,0,0,7.052166,217070,G1,CARD
TX_42_6084_5516,0,0,7.3502469999999995,188881,G2,UPI
TX_42_6085_2806,0,0,7.8792480000000005,288085,G2,WALLET
TX_42_6086_4827,0,0,6.001202,132966,G2,UPI
TX_42_6087_8566,0,0,6.5610990000000005,302062,G2,NETBANKING
TX_42_6088_5529,0,0,4.155365,242389,G1,UPI
TX_42_6089_3849,0,0,5.703594,185817,G3,CARD
TX_42_6090_8023,0,0,7.168864,115112,G3,NETBANKING
TX_42_6091_6259,0,0,7.00145,109722,G3,CARD
TX_42_6092_3674,0,0,7.991887,150399,G1,UPI
TX_42_6093_5323,0,0,9.243501,176782,G3,CARD
TX_42_6094_7332,1,1,198.560004,428087,G1,NETBANKING
TX_42_6095_4538,0,0,10.147036,169375,G1,UPI
TX_42_6096_3090,0,0,5.454163,111996,G1,UPI
TX_42_6098_3820,0,0,6.411104,77328,G1,UPI
TX_42_609_1549,0,0,6.320775,671822,G2,CARD
TX_42_60_4296,1,1,229.989046,89547,G1,UPI
TX_42_6100_6652,0,0,8.295393,261317,G1,UPI
TX_42_6101_2416,0,0,8.291931,249882,G3,CARD
TX_42_6102_5497,0,0,5.1099,201538,G3,UPI
TX_42_6103_2294,0,0,9.952948,320720,G1,CARD
TX_42_6104_6252,0,0,4.95301,107966,G4,UPI
TX_42_6105_6432,0,0,8.117229,194316,G3,CARD
TX_42_6106_8691,0,0,5.167985,147953,G2,CARD
TX_42_6107_7523,0,0,6.159957,270035,G3,NETBANKING
TX_42_6108_8951,1,1,157.931515,472479,G2,UPI
TX_42_6109_4186,0,0,4.209154,165703,G3,UPI
TX_42_610_2691,1,1,65.669522,617394,G2,UPI
TX_42_6111_8549,0,0,8.819596,105056,G3,UPI
TX_42_6115_3847,0,0,5.919165,245731,G1,NETBANKING
TX_42_6116_9920,0,0,4.959587,90671,G1,NETBANKING
TX_42_6118_8470,0,0,8.332381,161228,G1,UPI
TX_42_6119_5762,0,0,6.861792,233353,G2,UPI
TX_42_611_7023,1,1,126.606668,374293,G1,UPI
TX_42_6121_7595,0,0,6.782768,243023,G3,UPI
TX_42_6123_3258,0,0,5.660179,351904,G1,UPI
TX_42_6125_1354,0,0,5.889892,87303,G1,UPI
TX_42_6126_7306,0,0,9.092986,383169,G2,WALLET
TX_42_6127_5596,1,1,286.116176,64440,G1,WALLET
TX_42_6128_3144,1,1,236.727472,183402,G3,UPI
TX_42_6129_9995,0,0,8.660557,281286,G1,CARD
TX_42_612_6412,0,0,9.138474,164712,G2,UPI
TX_42_6130_2487,0,0,11.352355,57191,G1,UPI
TX_42_6131_5234,0,0,5.055838,321107,G2,WALLET
TX_42_6132_5018,0,0,8.498913,313724,G3,WALLET
TX_42_6134_2175,0,0,7.909992,80216,G2,CARD
TX_42_6135_8021,1,1,209.493411,417793,G3,UPI
TX_42_6136_5052,1,1,28.072919,375015,G2,UPI
TX_42_6138_9812,0,0,6.094661,265606,G1,UPI
TX_42_6139_4590,0,0,8.551131999999999,445355,G1,UPI
TX_42_613_1929,0,0,4.989957,344810,G1,UPI
TX_42_6140_2830,0,0,6.910124,374696,G3,UPI
TX_42_6142_9873,0,0,7.854859,291205,G2,UPI
TX_42_6143_1714,0,0,4.65149,105931,G2,CARD
TX_42_6144_2373,0,0,7.2774090000000005,350424,G1,UPI
TX_42_6145_9424,0,0,4.967475,342029,G1,UPI
TX_42_6147_7752,0,0,4.545538,115616,G3,CARD
TX_42_6148_7924,0,0,6.778989,355595,G3,CARD
TX_42_6149_7432,0,0,5.549858,288144,G1,UPI
TX_42_614_9448,0,0,5.254887,61242,G1,UPI
TX_42_6150_2460,1,1,25.524454,326808,G2,UPI
TX_42_6151_9630,0,0,10.791884,323106,G1,CARD
TX_42_6152_8751,1,1,241.57446,164377,G2,UPI
TX_42_6153_5299,1,1,197.53663,394777,G1,CARD
TX_42_6154_8984,0,0,8.371596,552444,G4,NETBANKING
TX_42_6155_7564,0,0,10.317145,218406,G2,UPI
TX_42_6156_1036,0,0,6.62599,327011,G1,WALLET
TX_42_6157_5821,0,0,5.718007,360718,G2,WALLET
TX_42_6158_7163,0,0,6.969266,207185,G1,CARD
TX_42_6159_9147,0,0,6.892316,405480,G4,NETBANKING
TX_42_615_6151,0,0,7.6887229999999995,485189,G3,UPI
TX_42_6162_3102,0,0,8.588512,269876,G2,NETBANKING
TX_42_6163_8669,0,0,5.571364,61115,G3,UPI
TX_42_6164_3644,0,0,8.407464,78471,G2,CARD
TX_42_6165_8616,0,0,6.566085,385821,G1,CARD
TX_42_6166_7326,0,0,9.097646,323411,G3,UPI
TX_42_6167_1945,0,0,8.848028,212889,G1,UPI
TX_42_6168_3131,0,0,4.258608,389739,G2,CARD
TX_42_6169_5184,0,0,9.449999,401165,G4,UPI
TX_42_616_6717,1,1,159.875662,104950,G1,UPI
TX_42_6170_4420,0,0,4.60551,337069,G1,NETBANKING
TX_42_6171_6190,0,0,7.368909,228252,G1,UPI
TX_42_6172_2226,0,0,7.376829,335783,G4,NETBANKING
TX_42_6174_1599,0,0,6.6498,89660,G3,UPI
TX_42_6175_4522,0,0,7.808513,268919,G1,UPI
TX_42_6176_5095,0,0,8.532392,284961,G1,UPI
TX_42_6177_8922,0,0,6.548507,96075,G1,UPI
TX_42_6178_4660,0,0,8.414192,459888,G2,WALLET
TX_42_6179_4279,0,0,6.536864,348867,G1,CARD
TX_42_617_2152,0,0,9.041445,123808,G2,WALLET
TX_42_6181_1166,0,0,7.819229,93059,G2,UPI
TX_42_6182_5217,0,0,10.83743,172746,G2,NETBANKING
TX_42_6183_7176,0,0,6.285703,440136,G2,CARD
TX_42_6185_3039,0,0,6.606993,245696,G1,CARD
TX_42_6187_4634,0,0,6.182439,396136,G1,UPI
TX_42_6188_4258,0,0,5.092372,302855,G2,WALLET
TX_42_6189_6514,0,0,9.061498,118867,G3,CARD
TX_42_618_7932,0,0,8.354664,138144,G1,WALLET
TX_42_6191_6458,1,1,16.876291,297323,G2,UPI
TX_42_6192_1414,0,0,8.30873,151330,G1,UPI
TX_42_6193_9472,0,0,8.510325,143919,G1,CARD
TX_42_6194_6186,1,1,257.894781,341976,G1,WALLET
TX_42_6195_7478,0,0,8.452782,287783,G2,UPI
TX_42_6196_8082,0,0,7.763489,161296,G1,CARD
TX_42_6199_2457,0,0,7.679485,263563,G2,UPI
TX_42_619_7587,0,0,7.570131,582046,G1,WALLET
TX_42_61_7772,0,0,4.052531,57248,G2,UPI
TX_42_6200_7127,1,1,83.272537,425164,G3,WALLET
TX_42_6201_4578,1,1,100.716189,230352,G1,WALLET
TX_42_6202_3170,0,0,8.332186,351275,G1,WALLET
TX_42_6203_2245,0,0,7.255349,193982,G1,CARD
TX_42_6204_6845,0,0,8.29988,282781,G1,NETBANKING
TX_42_6205_1072,1,1,17.592693,399476,G2,CARD
TX_42_6207_2258,1,1,27.176127,398792,G2,NETBANKING
TX_42_6208_5750,0,0,7.725175,183140,G1,UPI
TX_42_6209_7458,0,0,8.452102,109803,G2,CARD
TX_42_620_7274,1,1,50.103792,545157,G1,UPI
TX_42_6210_9881,0,0,3.441232,308273,G3,UPI
TX_42_6211_3349,0,0,4.388821,375746,G1,CARD
TX_42_6214_1455,0,0,4.166718,139919,G2,UPI
TX_42_6215_4878,0,0,5.42858,100678,G1,UPI
TX_42_6217_2902,0,0,7.819084,130541,G1,UPI
TX_42_6218_7846,0,0,7.819734,288372,G3,WALLET
TX_42_621_5224,0,0,4.869816,227357,G4,WALLET
TX_42_6220_8970,0,0,8.807612,162868,G3,UPI
TX_42_6221_7875,1,1,287.498992,126082,G1,UPI
TX_42_6222_8260,0,0,6.675042,142267,G1,WALLET
TX_42_6223_2317,1,1,226.668823,73148,G1,UPI
TX_42_6224_1500,0,0,7.448031,151967,G3,WALLET
TX_42_6226_6101,1,1,248.763876,183375,G3,UPI
TX_42_6227_4372,0,0,5.190935,71905,G1,UPI
TX_42_6228_5427,0,0,7.150974,428407,G3,CARD
TX_42_6232_4369,0,0,7.523176,597010,G1,CARD
TX_42_6234_4639,0,0,8.64892,301957,G4,UPI
TX_42_6235_3560,0,0,6.748201,193454,G2,UPI
TX_42_6236_2029,0,0,5.990972,200526,G1,NETBANKING
TX_42_6237_5590,0,0,8.572768,90559,G1,CARD
TX_42_6239_4622,0,0,7.989211,120054,G3,CARD
TX_42_623_2781,0,0,7.217352,482814,G1,NETBANKING
TX_42_6240_2346,1,1,300.802439,413948,G3,NETBANKING
TX_42_6241_6017,0,0,7.300161,143136,G1,UPI
TX_42_6242_7395,0,0,8.274821,173363,G3,CARD
TX_42_6243_6132,1,1,28.092168,548594,G2,UPI
TX_42_6244_9988,0,0,8.266176,470229,G2,UPI
TX_42_6245_7138,0,0,5.96511,276737,G1,NETBANKING
TX_42_6246_6616,1,1,118.921886,155211,G1,UPI
TX_42_6247_4703,0,0,7.781255,412059,G1,WALLET
TX_42_6248_7024,0,0,7.084239,152983,G2,WALLET
TX_42_624_8983,0,0,7.22754,107441,G2,UPI
TX_42_6250_5345,0,0,6.499862,493036,G2,CARD
TX_42_6251_3435,0,0,7.723021,164461,G2,UPI
TX_42_6252_7046,0,0,6.274299,539212,G3,UPI
TX_42_6254_5325,0,0,6.148423,518145,G1,UPI
TX_42_6256_9117,0,0,7.963227,262912,G2,CARD
TX_42_6257_2660,0,0,6.088152,175016,G1,NETBANKING
TX_42_6259_8996,0,0,7.612531,286095,G2,UPI
TX_42_625_8615,0,0,6.285577,116504,G1,CARD
TX_42_6260_1307,0,0,6.8272770000000005,347215,G3,CARD
TX_42_6261_7149,0,0,6.927523,254295,G1,UPI
TX_42_6263_4638,0,0,7.535153,273211,G3,NETBANKING
TX_42_6264_1073,0,0,5.457102,302463,G1,NETBANKING
TX_42_6265_5880,0,0,8.2902,275132,G1,CARD
TX_42_6266_2527,0,0,6.913359,63247,G4,UPI
TX_42_6267_8312,1,1,224.452006,484905,G3,CARD
TX_42_6268_4910,0,0,6.962104,242558,G1,NETBANKING
TX_42_6269_4912,0,0,6.947112,389159,G3,NETBANKING
TX_42_626_9909,0,0,7.430033,186072,G3,UPI
TX_42_6271_5947,1,1,99.534582,137842,G2,CARD
TX_42_6272_9287,0,0,7.734584,178554,G2,WALLET
TX_42_6273_4411,0,0,7.807577,72621,G4,CARD
TX_42_6274_4157,0,0,4.80007,175008,G2,NETBANKING
TX_42_6275_8425,0,0,7.044546,401383,G1,UPI
TX_42_6277_7528,0,0,10.555316,610123,G3,CARD
TX_42_6278_1878,0,0,8.179212,258273,G1,UPI
TX_42_6279_3689,0,0,7.544647,85818,G1,UPI
TX_42_6281_1266,1,1,39.759834,481453,G2,CARD
TX_42_6282_7507,0,0,4.829634,87955,G3,CARD
TX_42_6283_9905,0,0,5.512684,478815,G2,UPI
TX_42_6284_1383,0,0,8.887419,102443,G2,UPI
TX_42_6285_3217,0,0,9.579996,107274,G2,CARD
TX_42_6286_9834,0,0,7.709035,79255,G1,CARD
TX_42_6289_1532,0,0,6.277002,278501,G1,UPI
TX_42_6290_5828,0,0,5.958112,280181,G1,CARD
TX_42_6291_3324,0,0,6.941777,171920,G2,CARD
TX_42_6293_5282,0,0,4.36911,380177,G2,CARD
TX_42_6294_1853,0,0,5.957393,353204,G1,CARD
TX_42_6296_2815,0,0,6.258528,110489,G2,CARD
TX_42_6297_8283,1,1,210.537116,88940,G2,CARD
TX_42_6298_1568,0,0,6.254149,267459,G1,UPI
TX_42_6299_1187,0,0,9.09685,348796,G3,WALLET
TX_42_62_6650,0,0,6.758835,69897,G2,NETBANKING
TX_42_6300_2937,0,0,9.595872,456238,G2,UPI
TX_42_6301_1644,0,0,6.984749,234047,G4,UPI
TX_42_6302_9386,0,0,4.4387,245792,G3,NETBANKING
TX_42_6303_2024,0,0,9.144741,154530,G3,UPI
TX_42_6304_1428,0,0,6.847742,333634,G3,UPI
TX_42_6305_7241,0,0,5.537458,561338,G2,UPI
TX_42_6306_3224,0,0,9.246346,176270,G2,UPI
TX_42_6307_1681,0,0,5.201021,260864,G4,NETBANKING
TX_42_6308_4014,0,0,6.720268,59082,G1,CARD
TX_42_6309_1340,0,0,8.227219,173358,G1,WALLET
TX_42_630_7844,0,0,6.218515,419887,G3,CARD
TX_42_6310_9990,0,0,8.67831,249242,G3,CARD
TX_42_6311_6048,0,0,7.102325,67760,G1,UPI
TX_42_6312_2173,0,0,6.184026,86950,G3,CARD
TX_42_6313_4493,1,1,201.855183,478028,G1,UPI
TX_42_6316_7387,0,0,6.044337,139211,G2,UPI
TX_42_6317_4120,0,0,5.610435,177649,G2,UPI
TX_42_6318_8964,0,0,5.271116,321506,G4,UPI
TX_42_6319_9672,0,0,8.203639,471957,G3,CARD
TX_42_631_4598,0,0,9.754274,60262,G1,UPI
TX_42_6320_1404,0,0,6.771413,86553,G2,CARD
TX_42_6321_4287,0,0,9.285041,244608,G4,UPI
TX_42_6322_3982,0,0,5.41871,119454,G1,WALLET
TX_42_6325_2432,1,1,70.391714,223981,G2,UPI
TX_42_6326_1610,0,0,3.89507,255242,G4,UPI
TX_42_6327_9922,0,0,6.484718,327494,G1,UPI
TX_42_6328_8516,0,0,8.78708,365481,G3,UPI
TX_42_6329_5959,0,0,6.63888,595161,G3,NETBANKING
TX_42_632_6917,0,0,9.075847,308369,G1,UPI
TX_42_6330_5960,0,0,5.429868,216347,G1,CARD
TX_42_6331_7947,0,0,8.608052,370707,G3,UPI
TX_42_6332_9478,0,0,8.148487,156027,G2,CARD
TX_42_6336_5769,0,0,6.814408,412905,G1,CARD
TX_42_6337_3722,0,0,10.546015,56835,G2,UPI
TX_42_6338_5177,0,0,2.470504,343056,G1,WALLET
TX_42_633_6484,1,1,52.19169,231498,G3,UPI
TX_42_6340_2196,0,0,6.437106,74939,G2,UPI
TX_42_6341_9604,1,1,228.284247,83510,G1,WALLET
TX_42_6342_6931,1,1,119.634728,198953,G1,UPI
TX_42_6343_9305,1,1,240.1916,400463,G3,UPI
TX_42_6345_9170,0,0,7.397504,133182,G3,CARD
TX_42_6346_9181,0,0,8.313158,119420,G1,UPI
TX_42_6349_6277,0,0,5.521831,335759,G4,CARD
TX_42_634_6413,0,0,8.026868,373628,G2,CARD
TX_42_6350_8614,0,0,4.907235,303853,G2,CARD
TX_42_6351_9240,0,0,8.114548,120884,G2,UPI
TX_42_6352_8641,1,1,270.070645,374990,G3,CARD
TX_42_6353_9462,0,0,7.284233,107084,G2,CARD
TX_42_6354_7112,1,1,117.187726,163074,G1,UPI
TX_42_6355_2516,1,1,76.671663,345443,G1,NETBANKING
TX_42_6356_2186,0,0,9.383692,152569,G2,NETBANKING
TX_42_6357_6334,0,0,5.2601700000000005,106558,G4,UPI
TX_42_6358_9513,0,0,6.703608,482112,G3,CARD
TX_42_6359_8351,0,0,7.049385,280494,G3,UPI
TX_42_635_9632,0,0,4.914782,385861,G2,CARD
TX_42_6360_6598,0,0,8.485071,365174,G4,NETBANKING
TX_42_6361_2490,0,0,6.036974,334195,G1,NETBANKING
TX_42_6362_2747,0,0,6.77988,528422,G2,CARD
TX_42_6363_2688,0,0,6.587575,480773,G1,UPI
TX_42_6369_5793,0,0,3.642928,152725,G2,NETBANKING
TX_42_636_2222,0,0,6.829652,109689,G1,UPI
TX_42_6370_9880,0,0,4.093848,205221,G1,UPI
TX_42_6371_6600,0,0,4.790276,212600,G2,UPI
TX_42_6373_9356,0,0,6.885467,516709,G3,UPI
TX_42_6374_4907,0,0,4.815085,296113,G1,CARD
TX_42_6375_1961,0,0,5.820679,214761,G1,NETBANKING
TX_42_6376_3925,0,0,9.213584,348090,G4,CARD
TX_42_6377_6532,0,0,5.868309,446177,G1,WALLET
TX_42_6379_2526,1,1,117.24358,206280,G2,UPI
TX_42_6380_7490,0,0,6.10637,281398,G3,WALLET
TX_42_6381_9857,1,1,322.34403,329683,G1,UPI
TX_42_6382_5081,0,0,7.697656,130420,G2,WALLET
TX_42_6383_2896,0,0,5.820571,102358,G1,WALLET
TX_42_6384_3050,0,0,7.026335,122689,G1,UPI
TX_42_6386_5820,0,0,10.155618,439663,G1,CARD
TX_42_6388_9574,0,0,6.052092,165310,G4,UPI
TX_42_6389_6586,0,0,6.984308,172583,G2,CARD
TX_42_638_4439,0,0,6.481795,424579,G3,CARD
TX_42_6391_6916,1,1,59.232077,126542,G3,UPI
TX_42_6393_2701,0,0,7.236176,126012,G1,UPI
TX_42_6394_6818,1,1,230.019205,406464,G3,UPI
TX_42_6395_3681,0,0,5.649813,386381,G1,CARD
TX_42_6396_1778,0,0,5.742082,144746,G3,UPI
TX_42_6397_3777,0,0,6.288987,400480,G2,CARD
TX_42_6398_9185,0,0,5.686314,124016,G3,NETBANKING
TX_42_6399_1301,0,0,8.412548,172119,G2,CARD
TX_42_639_1329,0,0,4.797768,173633,G1,CARD
TX_42_6400_7004,0,0,4.560016,145339,G2,CARD
TX_42_6401_4412,1,1,116.107077,188415,G1,UPI
TX_42_6402_9010,0,0,6.477136,336359,G1,UPI
TX_42_6403_9749,0,0,5.998579,610561,G2,UPI
TX_42_6404_8910,0,0,7.635537,360827,G2,CARD
TX_42_6405_5475,0,0,8.453373,288595,G4,UPI
TX_42_6406_6975,0,0,3.566701,348576,G2,UPI
TX_42_6407_1446,0,0,6.3497959999999996,165411,G1,UPI
TX_42_6409_5389,0,0,7.677326,347375,G1,WALLET
TX_42_640_3448,0,0,5.079687,444040,G1,UPI
TX_42_6411_3188,0,0,6.068863,205710,G3,UPI
TX_42_6412_6724,0,0,5.289536,348645,G4,UPI
TX_42_6414_8482,0,0,7.369223,301874,G1,CARD
TX_42_6415_2989,1,1,252.322241,325394,G1,CARD
TX_42_6416_9674,0,0,5.975479,139849,G2,NETBANKING
TX_42_6417_1381,0,0,4.732738,149360,G3,WALLET
TX_42_6419_7451,1,1,224.753723,256074,G1,UPI
TX_42_6420_4830,1,1,268.082111,183061,G2,UPI
TX_42_6421_7489,0,0,4.180556,142310,G1,CARD
TX_42_6423_9751,0,0,8.955477,332326,G2,CARD
TX_42_6425_3730,0,0,6.5109010000000005,137393,G1,CARD
TX_42_6426_5600,0,0,8.286474,81981,G4,CARD
TX_42_6427_6770,0,0,9.443777,316590,G2,CARD
TX_42_6429_9850,0,0,8.992913,170156,G2,NETBANKING
TX_42_642_8911,0,0,7.998511,73287,G1,WALLET
TX_42_6430_3201,0,0,7.002868,147962,G4,CARD
TX_42_6432_8459,0,0,5.479339,205181,G2,CARD
TX_42_6433_8257,0,0,4.504778,350180,G2,UPI
TX_42_6434_6065,0,0,6.527731,79825,G1,UPI
TX_42_6436_3518,0,0,7.359552,237071,G3,UPI
TX_42_6437_1662,1,1,27.280763,397165,G2,UPI
TX_42_6438_3589,0,0,8.354391,363809,G2,UPI
TX_42_6439_2501,1,1,59.742304,122646,G4,UPI
TX_42_6440_4617,0,0,4.656273,154932,G4,UPI
TX_42_6441_4980,1,1,269.306623,478513,G1,CARD
TX_42_6442_1956,0,0,5.40944,135829,G2,UPI
TX_42_6443_1612,0,0,4.36013,319919,G2,UPI
TX_42_6444_4937,0,0,8.13404,140999,G2,UPI
TX_42_6446_7461,0,0,8.043517,671804,G4,UPI
TX_42_6447_5659,1,1,138.391621,207219,G1,UPI
TX_42_6448_4849,1,1,320.546308,208760,G4,UPI
TX_42_6449_4666,0,0,9.271272,139647,G1,UPI
TX_42_644_5999,0,0,8.240791,369024,G1,UPI
TX_42_6451_4378,0,0,8.866283,144128,G1,CARD
TX_42_6452_5308,0,0,8.42213,345190,G1,NETBANKING
TX_42_6453_5845,0,0,8.638763,355830,G1,CARD
TX_42_6454_7412,0,0,5.491168,508856,G1,CARD
TX_42_6455_3122,0,0,9.268847,89127,G1,CARD
TX_42_6458_7566,1,1,223.847934,190458,G3,UPI
TX_42_6459_3945,0,0,6.458206,194456,G4,UPI
TX_42_645_4747,0,0,7.513317,357359,G1,CARD
TX_42_6460_5031,1,1,270.107267,279502,G4,NETBANKING
TX_42_6461_4828,0,0,8.081587,337734,G3,UPI
TX_42_6462_2361,1,1,92.404063,436730,G1,UPI
TX_42_6464_5179,0,0,6.565062,104275,G2,WALLET
TX_42_6465_2914,0,0,4.945804,245943,G1,WALLET
TX_42_6466_7509,0,0,4.348929,213078,G1,UPI
TX_42_6467_9923,0,0,7.06344,125620,G2,CARD
TX_42_6468_1609,0,0,8.183054,216974,G4,UPI
TX_42_6469_9571,0,0,7.029907,117158,G1,UPI
TX_42_646_5166,0,0,5.653746,566890,G1,UPI
TX_42_6471_9588,0,0,8.376087,138003,G1,UPI
TX_42_6472_4375,0,0,6.060816,297192,G1,UPI
TX_42_6473_9212,0,0,7.54891,75628,G1,CARD
TX_42_6474_3808,0,0,4.646579,294233,G3,UPI
TX_42_6475_8177,1,1,255.463369,423215,G1,UPI
TX_42_6476_6486,0,0,6.48463,279436,G4,UPI
TX_42_6477_9965,0,0,9.119472,418498,G2,WALLET
TX_42_6478_7643,1,1,143.58851,232474,G3,CARD
TX_42_6479_6555,0,0,7.539416,175139,G3,CARD
TX_42_647_5378,0,0,7.078258,175281,G1,UPI
TX_42_6480_5563,0,0,8.033332,374553,G2,UPI
TX_42_6482_3820,0,0,4.941845,252268,G1,UPI
TX_42_6483_3263,0,0,5.779419,155731,G3,CARD
TX_42_6486_9457,0,0,4.26991,273271,G1,NETBANKING
TX_42_6487_5571,0,0,7.715001,179665,G4,CARD
TX_42_6488_7632,0,0,6.703829,342687,G1,UPI
TX_42_6489_5303,0,0,8.317513,274350,G2,CARD
TX_42_6490_2681,0,0,7.401285,75356,G1,UPI
TX_42_6491_5544,0,0,5.390772,129292,G1,NETBANKING
TX_42_6492_6045,0,0,4.980996,374099,G4,UPI
TX_42_6493_3672,0,0,5.365124,389097,G1,CARD
TX_42_6494_5004,0,0,4.163428,184358,G1,CARD
TX_42_6495_8148,0,0,5.312635,633230,G4,NETBANKING
TX_42_6496_7397,0,0,5.886769,127508,G1,CARD
TX_42_6497_2719,1,1,63.23796,203125,G2,WALLET
TX_42_6498_3676,1,1,212.346424,439647,G1,UPI
TX_42_6499_4858,0,0,6.625112,411598,G3,UPI
TX_42_649_2237,0,0,9.299117,509472,G2,NETBANKING
TX_42_64_2033,0,0,6.504189,317994,G1,CARD
TX_42_6501_4985,0,0,7.140689,625100,G1,UPI
TX_42_6502_8764,0,0,4.196068,117278,G4,CARD
TX_42_6503_1463,0,0,7.465903,85863,G1,CARD
TX_42_6504_5911,0,0,9.687291,378004,G1,UPI
TX_42_6505_8308,0,0,7.582954,135147,G2,UPI
TX_42_6506_9637,1,1,14.348285,213897,G2,UPI
TX_42_6507_3123,1,1,128.519469,99576,G2,UPI
TX_42_6508_8539,1,1,100.131082,145904,G2,UPI
TX_42_6509_9676,0,0,8.284237,299820,G4,UPI
TX_42_650_9273,0,0,8.250916,438967,G2,UPI
TX_42_6510_1839,0,0,6.299698,222472,G1,UPI
TX_42_6511_3152,0,0,8.293214,79428,G2,UPI
TX_42_6512_1554,0,0,4.918345,351936,G2,UPI
TX_42_6513_9599,0,0,6.662428,209670,G3,CARD
TX_42_6514_8531,1,1,221.638749,60399,G3,UPI
TX_42_6515_5056,1,1,288.268682,56471,G2,WALLET
TX_42_6516_7429,0,0,7.868967,324308,G3,UPI
TX_42_6517_3364,0,0,10.102897,205806,G3,UPI
TX_42_6519_1746,0,0,5.09451,209925,G1,UPI
TX_42_651_2586,0,0,6.464802,172969,G2,CARD
TX_42_6520_4214,0,0,6.778414,272948,G3,CARD
TX_42_6522_8841,0,0,8.972628,96422,G3,NETBANKING
TX_42_6524_7241,0,0,9.593855,170067,G1,CARD
TX_42_6525_8207,0,0,6.363084,307091,G4,UPI
TX_42_6527_1711,0,0,9.417962,414631,G1,UPI
TX_42_6528_2035,0,0,6.40833,106888,G4,CARD
TX_42_6529_3593,0,0,5.246686,154343,G1,CARD
TX_42_652_6416,0,0,6.496092,145095,G4,NETBANKING
TX_42_6530_1942,0,0,8.781281,432177,G3,UPI
TX_42_6531_4888,0,0,10.728014,184426,G1,NETBANKING
TX_42_6532_1548,0,0,4.8908819999999995,173376,G3,UPI
TX_42_6533_7593,0,0,8.52048,58268,G1,WALLET
TX_42_6534_9143,1,1,193.683138,227568,G2,WALLET
TX_42_6535_7074,0,0,9.531301,191557,G1,UPI
TX_42_6536_2808,0,0,6.956256,164478,G1,NETBANKING
TX_42_6537_6314,0,0,8.978989,209660,G3,UPI
TX_42_6538_4989,0,0,4.752348,336620,G2,CARD
TX_42_6540_9615,0,0,7.413135,245335,G2,CARD
TX_42_6541_3191,0,0,6.752487,78822,G2,UPI
TX_42_6542_3176,0,0,8.22025,170320,G3,CARD
TX_42_6543_4845,0,0,5.114694,491469,G1,UPI
TX_42_6544_9305,0,0,8.034541,109137,G1,CARD
TX_42_6546_6632,0,0,8.458313,495829,G2,UPI
TX_42_6547_7069,0,0,5.925121,259901,G1,CARD
TX_42_6548_8217,0,0,7.91756,262774,G3,UPI
TX_42_6549_7746,0,0,10.213811,177935,G1,CARD
TX_42_654_2235,0,0,6.580865,276259,G3,CARD
TX_42_6550_5396,0,0,4.552742,319375,G1,WALLET
TX_42_6551_9392,0,0,5.678448,299223,G4,UPI
TX_42_6552_3607,0,0,4.201093,328588,G1,UPI
TX_42_6553_1753,0,0,9.119701,236804,G3,NETBANKING
TX_42_6554_6896,1,1,287.871476,308687,G2,UPI
TX_42_6555_7228,0,0,6.924371,360774,G4,CARD
TX_42_6557_3191,0,0,7.842487,260501,G1,UPI
TX_42_6558_1998,0,0,8.931445,512951,G1,UPI
TX_42_655_5527,0,0,7.723914,349368,G3,CARD
TX_42_6561_6396,0,0,6.494097,223221,G4,CARD
TX_42_6562_8631,0,0,6.019688,205836,G3,CARD
TX_42_6563_9700,0,0,8.123293,234515,G3,CARD
TX_42_6564_9065,0,0,9.199653,241036,G1,CARD
TX_42_6565_3556,0,0,6.598421,94890,G1,CARD
TX_42_6566_6052,0,0,7.836594,430458,G2,WALLET
TX_42_6567_9465,0,0,7.812286,134979,G2,CARD
TX_42_6568_9136,0,0,3.921755,213500,G1,UPI
TX_42_6569_2498,0,0,8.793892,453071,G3,UPI
TX_42_6571_1212,1,1,255.208694,282609,G1,UPI
TX_42_6572_8430,0,0,5.46445,261089,G2,CARD
TX_42_6573_9918,0,0,8.738463,93905,G3,UPI
TX_42_6574_5711,1,1,59.630976,73529,G1,CARD
TX_42_6575_6976,0,0,4.143226,365405,G3,UPI
TX_42_6576_8757,0,0,7.364268,142727,G1,UPI
TX_42_6577_1667,0,0,7.874168,611106,G1,UPI
TX_42_6578_9960,0,0,6.452737,337285,G2,CARD
TX_42_657_8354,0,0,9.956326,122924,G1,UPI
TX_42_6583_8831,0,0,6.278712,362290,G2,UPI
TX_42_6584_1495,0,0,7.942659,126551,G2,NETBANKING
TX_42_6585_4401,0,0,6.611441,68429,G1,UPI
TX_42_6586_1464,0,0,6.868748,245526,G1,UPI
TX_42_6587_9625,1,1,215.110191,163179,G2,WALLET
TX_42_6588_3490,0,0,9.958127,301204,G1,CARD
TX_42_6589_8731,0,0,7.553868,577761,G1,CARD
TX_42_658_1842,0,0,6.866687,340211,G1,UPI
TX_42_6590_7695,0,0,8.889362,201820,G2,UPI
TX_42_6591_8356,1,1,120.505803,151898,G2,CARD
TX_42_6592_2463,0,0,8.862217,111264,G4,NETBANKING
TX_42_6593_9509,0,0,5.804468,407567,G3,CARD
TX_42_6594_3127,0,0,8.657156,382986,G1,CARD
TX_42_6595_4657,0,0,6.844435,169269,G3,UPI
TX_42_6596_7946,0,0,6.248217,179646,G4,NETBANKING
TX_42_6597_2502,0,0,8.465856,147336,G1,NETBANKING
TX_42_6598_2677,0,0,6.786422,170444,G2,UPI
TX_42_6599_4539,1,1,190.91175,358512,G1,UPI
TX_42_659_1381,0,0,7.277292,386652,G1,UPI
TX_42_65_7222,0,0,8.041405,125399,G2,WALLET
TX_42_6600_6383,1,1,185.598151,177857,G1,UPI
TX_42_6601_5790,1,1,279.483821,425978,G1,UPI
TX_42_6602_9008,1,1,167.343279,271608,G3,UPI
TX_42_6603_9810,0,0,4.80261,419062,G1,WALLET
TX_42_6604_6327,0,0,7.3770430000000005,254731,G3,UPI
TX_42_6605_6222,0,0,5.754584,80663,G3,CARD
TX_42_6606_3362,0,0,6.184099,161878,G2,WALLET
TX_42_6608_9689,0,0,7.640837,184624,G2,WALLET
TX_42_660_7415,0,0,5.326176,176677,G1,UPI
TX_42_6610_4973,0,0,8.104082,373127,G3,NETBANKING
TX_42_6612_6010,0,0,5.667352,319682,G1,UPI
TX_42_6614_5333,0,0,7.438238,162400,G1,UPI
TX_42_6617_1030,0,0,8.813511,242890,G3,UPI
TX_42_6618_2501,0,0,7.998986,238980,G2,NETBANKING
TX_42_6619_8889,0,0,4.750006,118686,G4,UPI
TX_42_661_1479,0,0,7.223375,268809,G3,UPI
TX_42_6620_3086,1,1,23.052039,384877,G2,UPI
TX_42_6621_2336,0,0,5.560083,126568,G2,NETBANKING
TX_42_6623_6485,0,0,5.91563,392154,G4,CARD
TX_42_6624_5464,0,0,6.227378,385372,G1,UPI
TX_42_6625_9878,1,1,201.821407,127855,G2,UPI
TX_42_6626_3447,1,1,58.903663,138537,G1,UPI
TX_42_6627_2697,0,0,5.234568,369894,G3,CARD
TX_42_6628_8418,0,0,5.52411,178575,G1,CARD
TX_42_6629_3013,0,0,8.572684,111109,G3,CARD
TX_42_662_2217,0,0,5.269639,352036,G2,WALLET
TX_42_6630_4049,0,0,7.773205,99089,G1,CARD
TX_42_6631_1909,0,0,7.418597,446801,G1,UPI
TX_42_6632_8569,1,1,234.941744,386629,G2,UPI
TX_42_6634_9794,1,1,127.586419,157481,G1,UPI
TX_42_6635_9836,0,0,4.12497,420999,G1,UPI
TX_42_6636_5561,0,0,5.493006,255618,G4,CARD
TX_42_6637_1263,0,0,5.638737,138561,G1,NETBANKING
TX_42_6638_8958,0,0,8.991232,229840,G3,CARD
TX_42_6639_5422,0,0,7.9956890000000005,446388,G1,UPI
TX_42_663_2577,1,1,71.369669,437872,G1,NETBANKING
TX_42_6640_6661,0,0,6.305643,387449,G2,CARD
TX_42_6641_7966,0,0,4.605549,275578,G1,CARD
TX_42_6642_1590,0,0,10.979248,201511,G3,WALLET
TX_42_6643_4263,1,1,263.811622,120935,G2,UPI
TX_42_6644_8374,0,0,8.382293,149660,G2,CARD
TX_42_6646_7134,1,1,174.961542,143463,G4,WALLET
TX_42_6648_8863,0,0,6.743648,155004,G1,CARD
TX_42_6649_1965,1,1,172.347997,209484,G2,UPI
TX_42_664_9195,0,0,5.678423,408216,G1,UPI
TX_42_6651_4008,0,0,5.762166,182173,G2,UPI
TX_42_6652_9490,0,0,6.962911,394828,G2,UPI
TX_42_6657_2205,0,0,5.480963,211596,G1,CARD
TX_42_6658_5144,1,1,284.481037,151350,G2,WALLET
TX_42_6659_6557,0,0,7.87675,96026,G2,WALLET
TX_42_665_4044,0,0,7.734061,234391,G3,UPI
TX_42_6660_4419,0,0,6.945,248363,G4,NETBANKING
TX_42_6662_7361,0,0,7.875208,219989,G1,WALLET
TX_42_6663_5116,0,0,3.946651,180778,G2,UPI
TX_42_6664_9357,0,0,8.571589,303560,G2,UPI
TX_42_6665_2139,0,0,4.90845,318594,G1,CARD
TX_42_6666_3228,0,0,10.461743,196341,G1,CARD
TX_42_6667_9657,1,1,33.039579,414327,G2,UPI
TX_42_6668_2217,0,0,7.001612,418839,G2,CARD
TX_42_6669_1726,0,0,7.211735,148091,G2,NETBANKING
TX_42_666_2486,0,0,6.023943,458662,G1,UPI
TX_42_6670_2665,0,0,5.433229,296498,G1,UPI
TX_42_6671_5311,0,0,7.075334,546266,G3,UPI
TX_42_6672_3055,0,0,3.033048,59001,G2,UPI
TX_42_6673_1730,0,0,7.989399,293469,G2,NETBANKING
TX_42_6674_8942,0,0,5.801867,311169,G1,WALLET
TX_42_6675_9757,1,1,64.605601,66054,G1,UPI
TX_42_6676_1970,0,0,5.522741,84915,G1,UPI
TX_42_6677_4155,1,1,208.861645,158946,G1,UPI
TX_42_6678_3824,0,0,7.285758,476894,G1,CARD
TX_42_6679_5164,0,0,4.484098,174320,G1,UPI
TX_42_667_8185,0,0,5.208281,342794,G1,UPI
TX_42_6680_2201,0,0,5.579331,217799,G2,UPI
TX_42_6682_9356,0,0,6.248933,250444,G3,UPI
TX_42_6683_1761,0,0,6.304485,326455,G2,UPI
TX_42_6684_4720,0,0,7.056317,303245,G1,UPI
TX_42_6685_9023,1,1,151.036765,407397,G1,UPI
TX_42_6686_8922,0,0,6.078527,321211,G3,UPI
TX_42_6687_5892,0,0,5.250848,380720,G3,NETBANKING
TX_42_6688_9460,0,0,7.134016,267452,G1,CARD
TX_42_6689_3252,0,0,9.362107,373954,G1,UPI
TX_42_668_8216,1,1,228.912311,394457,G1,WALLET
TX_42_6690_9595,0,0,8.220187,87749,G1,UPI
TX_42_6691_2641,0,0,3.789599,425594,G2,UPI
TX_42_6692_8487,1,1,61.621237,235388,G1,WALLET
TX_42_6693_2703,0,0,7.228941,503544,G1,UPI
TX_42_6694_6638,0,0,6.357489,230467,G1,UPI
TX_42_6695_6431,0,0,8.437934,359664,G3,UPI
TX_42_6696_5916,0,0,7.564662,110559,G2,CARD
TX_42_6698_4795,0,0,8.477875,102195,G2,UPI
TX_42_6699_8598,0,0,4.8088999999999995,177710,G1,CARD
TX_42_669_9032,0,0,9.174985,432061,G1,CARD
TX_42_66_8465,0,0,6.213167,187784,G1,CARD
TX_42_6700_9890,0,0,6.89898,221593,G2,CARD
TX_42_6701_7134,0,0,6.242813,349816,G1,UPI
TX_42_6703_1673,0,0,5.041066,319808,G2,UPI
TX_42_6705_6954,0,0,8.223543,360907,G2,WALLET
TX_42_6706_6990,0,0,5.6903939999999995,463014,G2,NETBANKING
TX_42_6707_4227,0,0,6.730619,304332,G3,NETBANKING
TX_42_670_8994,1,1,105.706007,256318,G1,CARD
TX_42_6710_7442,0,0,3.43628,339175,G2,CARD
TX_42_6711_9075,0,0,10.7806,207186,G4,UPI
TX_42_6712_7567,0,0,6.83898,579209,G3,CARD
TX_42_6713_1407,0,0,6.429239,249174,G1,UPI
TX_42_6714_5089,0,0,6.411746,197138,G2,UPI
TX_42_6716_5600,0,0,4.510788,447075,G1,WALLET
TX_42_6717_8147,0,0,7.764987,196141,G1,UPI
TX_42_6718_1427,0,0,10.407289,174570,G1,CARD
TX_42_6719_3068,0,0,4.866684,161480,G3,UPI
TX_42_671_8147,0,0,7.11924,169018,G1,UPI
TX_42_6722_9404,0,0,7.709542,143344,G3,NETBANKING
TX_42_6724_4598,1,1,201.057249,189321,G3,UPI
TX_42_6725_1519,1,1,256.671438,97607,G1,UPI
TX_42_6726_7283,0,0,5.173545,125382,G2,CARD
TX_42_6727_6969,0,0,5.550484,357171,G1,CARD
TX_42_6728_1374,0,0,5.03462,102347,G3,UPI
TX_42_672_9924,0,0,5.489884,229720,G2,UPI
TX_42_6730_2840,0,0,5.376481,361864,G4,UPI
TX_42_6732_6945,0,0,7.948827,69902,G1,UPI
TX_42_6733_8237,0,0,7.518433,190491,G3,CARD
TX_42_6734_8181,0,0,8.295962,146692,G3,CARD
TX_42_6735_4063,0,0,6.645128,62658,G4,CARD
TX_42_6736_2400,0,0,7.366052,371940,G4,UPI
TX_42_6737_6695,1,1,220.556814,141599,G2,UPI
TX_42_6738_9043,0,0,7.410241,497447,G3,CARD
TX_42_6739_1034,0,0,7.403698,150779,G4,WALLET
TX_42_673_9829,0,0,7.327475,483508,G4,UPI
TX_42_6741_8169,0,0,9.988751,418564,G2,NETBANKING
TX_42_6742_5733,0,0,9.324713,170779,G1,CARD
TX_42_6743_5854,0,0,7.71866,164326,G1,UPI
TX_42_6744_2183,1,1,33.281962,356992,G3,NETBANKING
TX_42_6745_1502,0,0,7.233186,134506,G3,NETBANKING
TX_42_6746_4412,0,0,4.672051,482787,G1,UPI
TX_42_6747_9320,0,0,6.691897,189139,G1,CARD
TX_42_6749_3884,0,0,6.615749,237989,G3,CARD
TX_42_674_6846,0,0,5.414663,295269,G2,CARD
TX_42_6750_2214,0,0,6.503159,574037,G1,UPI
TX_42_6751_9255,1,1,28.089082,220686,G2,CARD
TX_42_6752_4848,1,1,176.658882,341708,G2,CARD
TX_42_6753_9951,0,0,6.309587,69710,G2,NETBANKING
TX_42_6755_5235,0,0,7.645784,119237,G4,UPI
TX_42_6756_2979,1,1,217.846346,194871,G3,UPI
TX_42_6757_3137,0,0,7.366745,448576,G1,CARD
TX_42_6759_8740,0,0,7.65892,169831,G2,NETBANKING
TX_42_6765_4345,1,1,33.681065,248580,G2,UPI
TX_42_6766_2124,0,0,8.215314,71657,G3,CARD
TX_42_6767_4104,1,1,301.563885,496342,G4,UPI
TX_42_6769_9492,1,1,278.387662,509981,G3,UPI
TX_42_6770_8116,0,0,7.487829,158192,G1,CARD
TX_42_6771_1651,0,0,8.215451,205091,G1,UPI
TX_42_6772_2865,0,0,7.835487,492497,G1,CARD
TX_42_6774_2662,1,1,32.68659,426226,G1,CARD
TX_42_6775_7502,0,0,5.730714,325603,G1,WALLET
TX_42_6776_9800,0,0,7.748363,566730,G1,UPI
TX_42_6777_1494,0,0,7.619267,248575,G2,UPI
TX_42_6778_5249,0,0,8.490991,166744,G2,UPI
TX_42_677_4434,0,0,8.011885,175698,G1,UPI
TX_42_6780_1615,0,0,5.234333,343039,G3,UPI
TX_42_6781_7055,0,0,9.2655,87647,G4,NETBANKING
TX_42_6782_5828,0,0,5.458371,76894,G1,CARD
TX_42_6783_3661,1,1,189.828623,249306,G2,UPI
TX_42_6784_5579,0,0,3.803856,126584,G1,UPI
TX_42_6785_6451,0,0,8.137408,436037,G2,NETBANKING
TX_42_6787_8545,0,0,6.439879,511037,G2,UPI
TX_42_6788_9605,0,0,8.533541,186287,G1,UPI
TX_42_6789_5319,0,0,7.368786,105562,G2,UPI
TX_42_678_7066,0,0,6.567042,132507,G1,CARD
TX_42_6790_5945,0,0,7.015923,390127,G2,NETBANKING
TX_42_6792_9502,0,0,6.672439,620535,G2,CARD
TX_42_6793_4979,0,0,7.722054,410425,G2,UPI
TX_42_6795_8154,0,0,6.286893,242940,G2,CARD
TX_42_6796_6018,0,0,3.780148,96729,G2,UPI
TX_42_6797_6277,0,0,6.866205,134091,G3,CARD
TX_42_6798_4303,1,1,71.959567,409333,G2,UPI
TX_42_6799_2996,0,0,6.153147,99466,G2,UPI
TX_42_679_6086,0,0,6.817605,277644,G3,WALLET
TX_42_67_5086,0,0,6.655126,339134,G1,UPI
TX_42_6800_1626,0,0,4.73336,268998,G1,UPI
TX_42_6801_2164,0,0,7.121261,144407,G1,UPI
TX_42_6804_3209,0,0,6.93625,167424,G2,WALLET
TX_42_6805_2982,0,0,4.213868,72537,G1,NETBANKING
TX_42_6806_4827,0,0,7.174247,206325,G4,WALLET
TX_42_6807_6956,0,0,8.108466,152856,G3,UPI
TX_42_6808_3825,0,0,9.888924,626093,G1,UPI
TX_42_6809_8284,0,0,7.808672,140260,G3,CARD
TX_42_680_2185,1,1,163.652833,341989,G1,CARD
TX_42_6810_8562,0,0,4.83526,382458,G1,UPI
TX_42_6811_9735,0,0,7.187564,114091,G3,CARD
TX_42_6812_8562,0,0,6.251819,141490,G2,CARD
TX_42_6813_5575,0,0,7.337519,391959,G1,UPI
TX_42_6814_1114,1,1,215.071422,114575,G3,NETBANKING
TX_42_6815_9464,0,0,9.748198,138618,G1,CARD
TX_42_6816_5520,0,0,8.256395,150618,G2,NETBANKING
TX_42_6817_3914,1,1,86.4887,237069,G4,CARD
TX_42_6818_3699,0,0,5.651962,510648,G1,UPI
TX_42_6819_9381,0,0,8.315996,517456,G1,UPI
TX_42_6820_7424,0,0,8.534615,169953,G1,UPI
TX_42_6821_5000,0,0,7.084771,389164,G1,UPI
TX_42_6822_9502,0,0,3.502134,196185,G2,CARD
TX_42_6823_2838,0,0,11.055153,473641,G1,CARD
TX_42_6824_3558,0,0,6.769294,300558,G2,UPI
TX_42_6826_9315,0,0,8.209503,215690,G3,UPI
TX_42_6828_3700,0,0,6.93003,203381,G1,UPI
TX_42_682_9100,0,0,8.625954,227202,G3,UPI
TX_42_6830_5960,0,0,7.866642,351539,G1,CARD
TX_42_6831_5178,0,0,8.20635,63928,G2,CARD
TX_42_6832_5080,0,0,7.497527,202307,G3,NETBANKING
TX_42_6833_5922,0,0,5.460047,89484,G1,NETBANKING
TX_42_6834_6704,0,0,6.780629,582549,G1,UPI
TX_42_6835_3740,1,1,274.724726,301596,G3,UPI
TX_42_6836_6113,1,1,262.236183,434089,G1,UPI
TX_42_6837_8726,0,0,6.027274,163883,G1,UPI
TX_42_6838_9759,0,0,7.460404,304504,G2,UPI
TX_42_683_6480,0,0,5.812644,104277,G1,CARD
TX_42_6840_2114,0,0,7.441009,236226,G2,UPI
TX_42_6842_2209,0,0,6.136988,65945,G1,CARD
TX_42_6843_9554,0,0,4.386296,60406,G1,UPI
TX_42_6844_5728,0,0,7.589557,136357,G4,UPI
TX_42_6845_3701,0,0,7.20292,279033,G2,WALLET
TX_42_6846_1833,0,0,9.282619,180101,G1,UPI
TX_42_6847_4773,1,1,132.46595,382999,G1,UPI
TX_42_6848_3602,0,0,5.24432,106208,G2,UPI
TX_42_6849_5371,0,0,7.608725,104661,G3,UPI
TX_42_684_1576,0,0,7.742121,99813,G3,UPI
TX_42_6850_2574,0,0,7.150453,224558,G1,UPI
TX_42_6851_2903,0,0,7.716231,261444,G1,UPI
TX_42_6852_4304,1,1,302.907759,89845,G1,UPI
TX_42_6854_8225,0,0,6.058612,415269,G4,UPI
TX_42_6855_1182,0,0,8.513134,326101,G1,CARD
TX_42_6856_6488,0,0,7.7566939999999995,122695,G3,CARD
TX_42_6857_9330,0,0,8.481097,167689,G2,NETBANKING
TX_42_6858_9256,0,0,5.307135,367333,G2,UPI
TX_42_6859_1455,1,1,62.522229,323251,G3,UPI
TX_42_685_4520,1,1,259.178085,349208,G2,UPI
TX_42_6863_9539,1,1,129.885138,126608,G2,UPI
TX_42_6864_4646,0,0,6.697186,193099,G1,UPI
TX_42_6865_3469,0,0,6.491824,285727,G1,CARD
TX_42_6866_5666,1,1,203.139415,328012,G2,NETBANKING
TX_42_6867_1647,0,0,5.982966,305029,G2,NETBANKING
TX_42_6868_2346,0,0,5.89462,337486,G1,UPI
TX_42_6869_7978,0,0,5.771078,101480,G4,CARD
TX_42_686_1841,0,0,6.106037,351049,G2,UPI
TX_42_6870_6807,0,0,9.665631,355840,G1,UPI
TX_42_6871_8294,0,0,7.362145,263679,G2,CARD
TX_42_6872_8550,0,0,7.849019,81605,G1,UPI
TX_42_6873_4574,0,0,5.282546,496052,G2,CARD
TX_42_6875_2281,0,0,5.550646,96288,G3,UPI
TX_42_6877_9452,0,0,7.02456,308175,G4,CARD
TX_42_6878_1372,0,0,7.617204,170322,G3,CARD
TX_42_687_9149,0,0,6.823625,555066,G1,CARD
TX_42_6880_1285,0,0,5.7486239999999995,243894,G1,CARD
TX_42_6881_9076,0,0,7.230186,88797,G2,UPI
TX_42_6882_6601,0,0,4.31937,216144,G4,UPI
TX_42_6883_2677,0,0,5.907518,244803,G1,CARD
TX_42_6884_7713,0,0,6.162243,267652,G3,CARD
TX_42_6885_2323,0,0,9.292022,317138,G3,WALLET
TX_42_6886_1091,0,0,3.149133,502939,G1,UPI
TX_42_6887_3077,0,0,4.502721,242521,G3,NETBANKING
TX_42_6888_3634,0,0,7.10331,135064,G3,UPI
TX_42_6889_6041,0,0,7.895465,332194,G2,UPI
TX_42_688_1473,0,0,8.55526,171587,G3,UPI
TX_42_6890_3211,1,1,65.813529,184596,G4,UPI
TX_42_6891_6946,0,0,7.5020869999999995,142252,G4,UPI
TX_42_6893_9620,1,1,288.40816,399007,G1,CARD
TX_42_6894_4011,0,0,5.943251,58326,G4,NETBANKING
TX_42_6895_7605,0,0,7.764445,180242,G1,UPI
TX_42_6897_8233,0,0,7.452593,162584,G3,CARD
TX_42_6898_9071,0,0,6.506048,371940,G2,UPI
TX_42_6899_5842,0,0,6.911012,257985,G2,WALLET
TX_42_689_2066,0,0,8.591733,142796,G1,UPI
TX_42_6900_7719,0,0,7.191464,231899,G3,CARD
TX_42_6901_7709,0,0,4.610096,473910,G4,UPI
TX_42_6903_3217,1,1,91.575362,259952,G1,NETBANKING
TX_42_6904_4270,0,0,5.408791,126699,G1,UPI
TX_42_6905_2874,0,0,4.883512,90553,G1,CARD
TX_42_6906_8983,0,0,10.263829,121861,G2,UPI
TX_42_6907_5029,0,0,6.771667,97090,G2,NETBANKING
TX_42_6908_1176,0,0,6.253287,136341,G1,CARD
TX_42_6909_7863,1,1,103.153276,171514,G2,UPI
TX_42_690_3563,0,0,7.242271,311892,G2,UPI
TX_42_6910_1226,0,0,9.536221,153341,G1,UPI
TX_42_6911_4594,0,0,7.232551,173648,G1,CARD
TX_42_6912_9718,0,0,6.451458,282149,G1,CARD
TX_42_6913_6545,0,0,5.5349450000000004,176198,G1,NETBANKING
TX_42_6914_6711,0,0,9.137721,130049,G1,CARD
TX_42_6915_5670,0,0,4.937869,210434,G3,CARD
TX_42_6916_6462,0,0,9.777539,221113,G3,NETBANKING
TX_42_6917_4942,0,0,7.865104,76521,G2,CARD
TX_42_6918_8382,0,0,7.620776,376872,G2,UPI
TX_42_6919_6629,0,0,5.425334,246215,G1,UPI
TX_42_691_1749,0,0,6.820273,369581,G1,UPI
TX_42_6920_3192,1,1,92.15,136952,G3,WALLET
TX_42_6922_3144,0,0,5.900688,103823,G1,UPI
TX_42_6923_3521,0,0,3.846538,187716,G1,UPI
TX_42_6924_4551,0,0,7.609846,168752,G1,NETBANKING
TX_42_6925_4213,0,0,6.310003,339990,G1,UPI
TX_42_6926_8189,0,0,7.070585,196524,G3,UPI
TX_42_6927_7936,0,0,7.556832,187920,G2,UPI
TX_42_692_4816,0,0,6.858228,96070,G1,UPI
TX_42_6930_5800,1,1,33.47749,342737,G2,WALLET
TX_42_6931_6168,0,0,7.016622,135969,G2,CARD
TX_42_6932_1117,1,1,53.90956,522623,G3,UPI
TX_42_6933_1412,0,0,3.935677,102797,G1,WALLET
TX_42_6934_3868,0,0,7.6410730000000004,194493,G1,CARD
TX_42_6935_5197,0,0,4.6824580000000005,93460,G1,UPI
TX_42_6936_8731,0,0,7.280355,212693,G1,UPI
TX_42_6938_9229,0,0,5.706099,162630,G1,CARD
TX_42_6939_5971,0,0,6.86881,218341,G3,UPI
TX_42_693_3472,0,0,6.834145,87924,G1,CARD
TX_42_6941_5638,0,0,7.581676,203978,G2,NETBANKING
TX_42_6942_2162,0,0,6.7727070000000005,304863,G1,NETBANKING
TX_42_6943_1380,0,0,7.630425,451693,G3,CARD
TX_42_6944_1441,0,0,8.726631,79671,G4,CARD
TX_42_6946_2624,0,0,3.946444,423629,G2,UPI
TX_42_6947_2542,0,0,9.176263,129069,G4,UPI
TX_42_6948_9416,0,0,6.458593,574572,G1,UPI
TX_42_6949_2625,0,0,10.010735,232949,G1,UPI
TX_42_6950_6664,0,0,8.279249,447425,G3,WALLET
TX_42_6955_6390,1,1,190.406827,447780,G1,UPI
TX_42_6956_8362,0,0,9.705359,271158,G1,CARD
TX_42_6958_4494,0,0,7.183942,231459,G2,CARD
TX_42_695_1837,0,0,7.491497,168705,G3,UPI
TX_42_6960_9313,1,1,262.548631,327969,G1,UPI
TX_42_6961_6906,0,0,8.90094,411984,G1,UPI
TX_42_6962_7352,0,0,7.126208,154953,G3,CARD
TX_42_6963_2097,1,1,23.272033,460308,G2,NETBANKING
TX_42_6964_3336,0,0,7.647309,215701,G1,UPI
TX_42_6965_8244,0,0,8.477222,262447,G3,UPI
TX_42_6966_8393,1,1,203.564411,148440,G1,WALLET
TX_42_6967_9551,0,0,7.494597,108874,G4,NETBANKING
TX_42_6969_3413,0,0,7.054917,305122,G1,WALLET
TX_42_696_6243,0,0,9.191609,84391,G1,UPI
TX_42_6970_2225,0,0,6.704222,220364,G1,CARD
TX_42_6971_4366,0,0,6.470841,244551,G1,CARD
TX_42_6974_7961,1,1,71.722692,248686,G2,CARD
TX_42_6975_3044,0,0,7.0273,192550,G4,UPI
TX_42_6976_7062,0,0,5.507827,481371,G3,NETBANKING
TX_42_6978_4048,0,0,6.789883,233360,G1,WALLET
TX_42_697_8677,0,0,4.04389,312181,G4,CARD
TX_42_6980_7266,1,1,300.297316,178756,G3,UPI
TX_42_6982_5653,0,0,5.30377,518055,G2,NETBANKING
TX_42_6984_5072,0,0,6.381148,335831,G1,CARD
TX_42_6985_6546,0,0,7.337319,287479,G1,UPI
TX_42_6986_6284,0,0,6.165828,162480,G3,CARD
TX_42_6987_7368,0,0,9.267064,124600,G1,NETBANKING
TX_42_6989_9819,1,1,213.217323,268258,G3,UPI
TX_42_6990_7480,0,0,6.332652,380813,G1,UPI
TX_42_6991_6361,1,1,226.140531,310162,G3,CARD
TX_42_6992_2482,0,0,5.429547,136339,G1,CARD
TX_42_6994_1152,1,1,56.263187,230283,G1,CARD
TX_42_6995_1471,0,0,4.74353,89958,G3,UPI
TX_42_6997_3972,0,0,6.749223,344191,G3,UPI
TX_42_6998_2481,0,0,8.102964,373245,G3,UPI
TX_42_6999_6155,0,0,8.421512,169105,G3,CARD
TX_42_699_6565,1,1,307.93124,446467,G1,NETBANKING
TX_42_6_9112,1,1,108.256663,329865,G2,UPI
TX_42_7000_8276,0,0,6.73952,373101,G3,CARD
TX_42_7001_4486,0,0,7.007942,83808,G1,CARD
TX_42_7002_1024,0,0,7.181221,280610,G3,CARD
TX_42_7003_9071,0,0,4.920337,43068,G1,CARD
TX_42_7004_7779,0,0,9.585324,278785,G1,WALLET
TX_42_7005_6255,0,0,6.535681,208844,G3,CARD
TX_42_7006_1937,0,0,9.145242,366257,G1,CARD
TX_42_7007_7772,0,0,9.63281,588722,G3,CARD
TX_42_7008_7809,0,0,8.618812,333098,G3,UPI
TX_42_7009_1161,0,0,8.273685,141280,G3,UPI
TX_42_7010_4508,1,1,117.0239,340480,G2,UPI
TX_42_7011_9039,0,0,6.761788,232243,G3,CARD
TX_42_7013_1740,1,1,170.838197,239529,G2,UPI
TX_42_7014_1734,0,0,6.341443,464862,G2,UPI
TX_42_7015_3384,0,0,5.545242,384835,G1,CARD
TX_42_7016_9051,0,0,10.470403,473030,G1,NETBANKING
TX_42_7018_3062,0,0,7.376964,288672,G3,UPI
TX_42_7019_5143,0,0,8.553025,423147,G1,UPI
TX_42_701_7161,0,0,9.815062,410757,G1,UPI
TX_42_7020_7221,1,1,169.618941,288463,G1,WALLET
TX_42_7021_8316,1,1,212.220601,156028,G1,UPI
TX_42_7022_1381,0,0,10.774053,513039,G1,UPI
TX_42_7023_9850,0,0,8.744026,572514,G1,CARD
TX_42_7024_5934,0,0,7.239101,84103,G2,UPI
TX_42_7025_3034,0,0,7.674779,232160,G1,UPI
TX_42_7026_3790,0,0,7.932112,136774,G1,CARD
TX_42_7028_3530,0,0,6.072004,159913,G1,WALLET
TX_42_7029_1997,1,1,235.707763,126412,G3,CARD
TX_42_702_2070,0,0,9.153292,490802,G3,CARD
TX_42_7030_9260,0,0,5.226881,308746,G1,UPI
TX_42_7031_5456,0,0,5.978683,481069,G2,UPI
TX_42_7032_6840,0,0,6.940031,451034,G1,UPI
TX_42_7033_1519,0,0,3.941098,103208,G4,UPI
TX_42_7034_1671,0,0,9.322309,445706,G2,WALLET
TX_42_7035_4836,0,0,5.946945,243872,G1,UPI
TX_42_7036_6225,0,0,7.570169,127092,G3,NETBANKING
TX_42_7037_8995,0,0,5.950202,133894,G2,CARD
TX_42_7038_7216,0,0,4.447451,341858,G1,UPI
TX_42_7039_8256,0,0,6.740482,202739,G1,CARD
TX_42_703_7406,0,0,7.020706,259481,G3,NETBANKING
TX_42_7040_4638,0,0,5.076664,149091,G2,NETBANKING
TX_42_7042_9641,0,0,8.159315,241135,G3,NETBANKING
TX_42_7043_9554,0,0,8.332399,107556,G3,UPI
TX_42_7045_7754,0,0,6.918047,124421,G3,UPI
TX_42_7046_5047,0,0,8.990668,414550,G2,WALLET
TX_42_7048_7406,0,0,7.582121,146515,G2,NETBANKING
TX_42_704_8458,0,0,7.206171,89489,G3,CARD
TX_42_7053_2426,1,1,153.271319,395868,G1,UPI
TX_42_7055_8413,0,0,7.342729,201848,G1,UPI
TX_42_7056_7064,0,0,7.713887,430110,G2,UPI
TX_42_7057_9440,0,0,6.575767,137510,G2,CARD
TX_42_7058_2459,0,0,6.30922,308332,G1,UPI
TX_42_7059_3808,1,1,241.619326,417993,G2,UPI
TX_42_705_8257,1,1,34.015521,90873,G1,WALLET
TX_42_7060_4518,0,0,6.174609,477863,G1,WALLET
TX_42_7061_8552,0,0,8.920809,237928,G3,UPI
TX_42_7062_4936,0,0,7.111219,312196,G4,UPI
TX_42_7063_3203,0,0,8.347575,398939,G2,UPI
TX_42_7064_1025,0,0,7.348592,193311,G2,UPI
TX_42_7065_2019,0,0,4.818312,360280,G3,UPI
TX_42_7066_8730,0,0,8.664607,192168,G2,WALLET
TX_42_7067_6149,0,0,5.675559,181460,G2,UPI
TX_42_7068_4220,1,1,194.04771,178152,G1,UPI
TX_42_7069_2915,0,0,5.78832,116379,G2,CARD
TX_42_7070_6213,0,0,4.882401,423762,G2,WALLET
TX_42_7071_1695,0,0,5.089566,318723,G2,UPI
TX_42_7072_3912,1,1,262.223209,178798,G1,UPI
TX_42_7073_6050,0,0,7.689507,396309,G2,CARD
TX_42_7074_5175,0,0,5.236827,313387,G1,WALLET
TX_42_7075_7998,0,0,8.020726,113699,G1,CARD
TX_42_7078_5640,0,0,9.656865,413739,G1,UPI
TX_42_7079_6329,0,0,8.092743,319515,G3,NETBANKING
TX_42_707_5013,0,0,8.024076,113665,G2,CARD
TX_42_7080_2734,0,0,5.292382,135410,G2,NETBANKING
TX_42_7081_2893,1,1,211.20683,406152,G1,WALLET
TX_42_7082_7781,0,0,7.720437,109788,G1,UPI
TX_42_7084_5739,0,0,5.431882,133260,G3,UPI
TX_42_7085_5007,0,0,6.052289,470793,G2,CARD
TX_42_7086_6958,0,0,7.7428740000000005,463535,G2,WALLET
TX_42_7088_7645,0,0,6.851648,162190,G1,UPI
TX_42_7089_3373,0,0,8.614361,98955,G2,CARD
TX_42_708_1584,0,0,6.42177,272236,G4,CARD
TX_42_7090_3774,0,0,6.739426,316476,G4,CARD
TX_42_7091_4478,0,0,5.37254,492694,G1,CARD
TX_42_7092_9313,0,0,4.936212,235443,G1,UPI
TX_42_7093_2161,0,0,5.885538,296050,G1,UPI
TX_42_7094_2190,0,0,7.42988,355046,G3,UPI
TX_42_7095_2718,0,0,6.938643,404209,G3,WALLET
TX_42_7096_6796,1,1,168.820213,128166,G1,UPI
TX_42_7097_5377,1,1,133.597152,310413,G3,UPI
TX_42_7098_7051,1,1,211.901664,170969,G1,UPI
TX_42_7099_4204,0,0,8.188204,280984,G3,NETBANKING
TX_42_70_4197,0,0,7.8969249999999995,225564,G2,UPI
TX_42_7101_4818,0,0,9.431455,362134,G3,NETBANKING
TX_42_7102_1848,0,0,8.126239,339815,G3,CARD
TX_42_7103_7490,0,0,6.616405,607483,G4,UPI
TX_42_7104_6543,0,0,5.517489,301740,G1,CARD
TX_42_7106_4562,0,0,8.6281,549760,G3,NETBANKING
TX_42_7107_1421,0,0,6.480925,310310,G3,CARD
TX_42_7108_3469,0,0,6.810201,193782,G2,UPI
TX_42_7109_2981,1,1,218.995088,298569,G1,UPI
TX_42_710_6380,1,1,160.508097,72821,G3,CARD
TX_42_7111_7490,1,1,250.187729,373454,G1,CARD
TX_42_7113_7117,0,0,6.214074,84546,G2,UPI
TX_42_7114_7570,1,1,15.674813,480247,G2,UPI
TX_42_7115_6517,0,0,11.203866,63345,G4,WALLET
TX_42_7117_4701,0,0,5.792639,418476,G1,NETBANKING
TX_42_7120_9613,0,0,8.522596,243090,G3,WALLET
TX_42_7122_6972,0,0,6.918037,361351,G2,UPI
TX_42_7124_8256,0,0,9.218647,398129,G2,UPI
TX_42_7125_2050,1,1,38.198635,69954,G3,CARD
TX_42_7127_9167,0,0,6.356724,389188,G3,UPI
TX_42_7128_8696,1,1,56.968875,563449,G2,UPI
TX_42_7129_3025,0,0,6.908434,219011,G1,WALLET
TX_42_712_9680,0,0,6.023469,349998,G1,NETBANKING
TX_42_7130_5658,0,0,3.688694,101741,G1,CARD
TX_42_7131_1286,0,0,7.132118,228936,G1,UPI
TX_42_7134_8125,0,0,9.626186,141156,G1,CARD
TX_42_7136_4146,0,0,5.356095,373590,G1,CARD
TX_42_7137_9554,0,0,7.399752,151580,G1,WALLET
TX_42_7139_5172,0,0,7.055777,183613,G2,UPI
TX_42_713_9989,0,0,6.198262,105566,G1,CARD
TX_42_7140_5666,0,0,6.402641,284334,G4,CARD
TX_42_7141_4280,0,0,3.410996,218479,G1,CARD
TX_42_7143_8360,0,0,7.392449,229917,G3,WALLET
TX_42_7144_3301,0,0,5.83549,515378,G1,NETBANKING
TX_42_7145_3691,0,0,3.63928,474286,G1,UPI
TX_42_7146_3313,0,0,9.424711,365636,G2,CARD
TX_42_7147_6217,1,1,98.311618,276451,G3,UPI
TX_42_7148_6020,0,0,5.441886,469956,G1,CARD
TX_42_7149_6232,0,0,6.356017,491342,G2,UPI
TX_42_714_3156,0,0,7.548361,481152,G2,CARD
TX_42_7151_9353,0,0,6.707854,105892,G3,UPI
TX_42_7152_9489,0,0,7.934357,86166,G2,NETBANKING
TX_42_7153_5830,0,0,9.570749,389921,G2,CARD
TX_42_7155_4537,0,0,6.095163,55242,G3,UPI
TX_42_7156_6231,0,0,7.039519,435919,G1,UPI
TX_42_7158_1508,0,0,6.833855,380505,G1,UPI
TX_42_7159_9317,1,1,297.842733,438289,G1,UPI
TX_42_715_4943,0,0,6.130394,74911,G1,CARD
TX_42_7160_2681,0,0,6.434126,198459,G4,CARD
TX_42_7161_1722,0,0,6.816647,60679,G2,UPI
TX_42_7162_3209,0,0,8.044248,282824,G1,UPI
TX_42_7163_8122,1,1,55.88085,237797,G1,WALLET
TX_42_7164_3648,0,0,9.088834,85596,G1,WALLET
TX_42_7165_3953,1,1,120.067792,381334,G1,UPI
TX_42_7166_2866,0,0,8.814434,213759,G1,UPI
TX_42_7167_5538,0,0,6.146877,192166,G2,UPI
TX_42_7168_1457,0,0,6.966705,595216,G1,CARD
TX_42_7169_9530,0,0,7.608228,143164,G1,UPI
TX_42_716_9149,1,1,295.17299,162062,G3,UPI
TX_42_7172_6179,0,0,6.996097,332221,G1,NETBANKING
TX_42_7173_2095,0,0,8.469644,340216,G1,CARD
TX_42_7174_7603,0,0,4.640327,59385,G3,UPI
TX_42_7175_5499,1,1,70.674736,357009,G1,UPI
TX_42_7176_2227,0,0,8.463998,127206,G1,CARD
TX_42_7177_6338,0,0,5.419389,381934,G1,NETBANKING
TX_42_7179_3658,0,0,7.247497,153384,G3,UPI
TX_42_717_2466,1,1,147.955424,79642,G1,WALLET
TX_42_7181_5824,0,0,8.04143,569865,G4,CARD
TX_42_7182_2692,0,0,9.844151,192030,G2,CARD
TX_42_7183_8719,0,0,5.794748,257360,G1,UPI
TX_42_7184_7042,0,0,4.217622,338203,G2,CARD
TX_42_7187_8506,1,1,265.378785,81181,G3,UPI
TX_42_7188_1204,0,0,7.884036,339938,G2,NETBANKING
TX_42_7189_8959,1,1,92.351098,278016,G1,UPI
TX_42_7190_5993,1,1,61.649613,141558,G1,CARD
TX_42_7191_7823,1,1,32.286249,417357,G2,CARD
TX_42_7193_3855,0,0,5.218554,387046,G2,UPI
TX_42_7194_5115,0,0,5.908818,566315,G1,WALLET
TX_42_7195_1045,0,0,6.582949,335669,G1,UPI
TX_42_7196_1659,0,0,5.897401,399527,G2,UPI
TX_42_7197_2384,0,0,5.126892,215119,G1,UPI
TX_42_7199_2345,0,0,9.38479,393148,G2,UPI
TX_42_719_9406,0,0,5.960484,137111,G1,CARD
TX_42_71_6178,0,0,8.696125,366763,G4,CARD
TX_42_7201_5689,0,0,8.097291,306912,G2,CARD
TX_42_7202_9069,0,0,5.762938,314276,G1,CARD
TX_42_7203_7555,0,0,7.554471,102461,G3,UPI
TX_42_7205_4309,0,0,7.80828,261680,G3,CARD
TX_42_7206_6886,1,1,79.193039,416334,G1,UPI
TX_42_7207_5018,0,0,8.478161,197848,G2,CARD
TX_42_7208_5333,0,0,6.238868,463913,G2,CARD
TX_42_7209_7685,0,0,4.749661,379574,G2,CARD
TX_42_7210_9077,0,0,5.807238,313596,G4,CARD
TX_42_7211_4566,0,0,5.678713,168584,G4,NETBANKING
TX_42_7212_9620,0,0,6.200681,140992,G3,UPI
TX_42_7213_6686,0,0,9.80401,143681,G1,CARD
TX_42_7216_3564,0,0,10.122398,253353,G1,CARD
TX_42_7218_7038,0,0,5.845833,64160,G4,NETBANKING
TX_42_7219_3103,0,0,8.829481,145770,G1,CARD
TX_42_721_7882,0,0,6.66333,115008,G2,UPI
TX_42_7220_7322,0,0,8.719734,263778,G3,WALLET
TX_42_7221_3112,0,0,6.408135,310884,G2,UPI
TX_42_7222_8266,0,0,9.448272,404316,G1,NETBANKING
TX_42_7223_7337,0,0,7.238331,145892,G4,NETBANKING
TX_42_7224_9305,0,0,6.439926,409376,G1,UPI
TX_42_7225_3404,0,0,7.800985,424396,G3,CARD
TX_42_7227_6419,0,0,7.67697,429934,G3,UPI
TX_42_7228_9792,0,0,6.04923,269729,G1,CARD
TX_42_7229_3596,0,0,8.259801,404898,G3,CARD
TX_42_722_9108,1,1,123.44181,346490,G3,CARD
TX_42_7230_6462,0,0,3.900397,587115,G1,UPI
TX_42_7231_9514,1,1,72.349263,426646,G3,CARD
TX_42_7232_9497,0,0,9.149099,246618,G1,CARD
TX_42_7233_5184,0,0,7.851064,316313,G1,UPI
TX_42_7234_2180,0,0,6.160805,171920,G2,NETBANKING
TX_42_7236_5256,0,0,7.275207,408036,G3,UPI
TX_42_7237_5306,1,1,302.38196,260745,G1,UPI
TX_42_7238_7699,0,0,8.102333,405554,G2,UPI
TX_42_723_9126,0,0,7.9559809999999995,314126,G1,UPI
TX_42_7240_8721,0,0,7.127336,96610,G2,CARD
TX_42_7241_9811,0,0,9.435192,147416,G4,CARD
TX_42_7243_9476,1,1,92.873903,284196,G2,UPI
TX_42_7244_1901,0,0,5.163022,142797,G3,UPI
TX_42_7245_9435,0,0,6.92075,199920,G4,CARD
TX_42_7248_4166,0,0,5.83193,179868,G3,UPI
TX_42_7249_4020,0,0,5.691962,240711,G1,CARD
TX_42_724_9645,0,0,7.034393,314102,G1,CARD
TX_42_7251_3136,0,0,6.152558,591563,G3,CARD
TX_42_7252_6297,0,0,7.985279,281251,G2,NETBANKING
TX_42_7253_3061,0,0,9.121271,216692,G3,UPI
TX_42_7254_7895,0,0,7.030306,100629,G4,UPI
TX_42_7255_4217,0,0,6.664777,148847,G1,CARD
TX_42_7256_9412,0,0,8.225878,286609,G1,UPI
TX_42_7257_9960,1,1,287.188384,164645,G1,CARD
TX_42_7258_5343,0,0,4.966806,212554,G3,CARD
TX_42_7259_7897,0,0,8.42438,131769,G1,WALLET
TX_42_7260_4026,1,1,131.184411,124241,G1,WALLET
TX_42_7262_8086,1,1,310.760366,169566,G2,UPI
TX_42_7264_3486,0,0,8.689287,544587,G1,UPI
TX_42_7265_5030,0,0,8.462447,205079,G2,UPI
TX_42_7267_2825,0,0,5.587737,97221,G1,NETBANKING
TX_42_7269_1152,0,0,6.175049,320756,G2,UPI
TX_42_726_6868,0,0,8.452217,377960,G3,WALLET
TX_42_7270_6485,0,0,8.738272,101230,G1,WALLET
TX_42_7271_7617,0,0,7.78483,371055,G2,UPI
TX_42_7272_1450,0,0,6.115232,111486,G1,UPI
TX_42_7273_3575,0,0,7.752297,378647,G2,UPI
TX_42_7274_7333,0,0,5.133279,199174,G2,WALLET
TX_42_7277_8778,0,0,7.317541,497063,G4,UPI
TX_42_7278_5013,0,0,4.454762,101375,G1,UPI
TX_42_7279_9928,0,0,6.165433,421868,G1,UPI
TX_42_727_1079,0,0,7.9449950000000005,133585,G2,UPI
TX_42_7280_3166,0,0,4.829916,139824,G4,UPI
TX_42_7282_9954,0,0,5.457501,123577,G1,UPI
TX_42_7283_3878,0,0,7.353575,496831,G1,CARD
TX_42_7284_6689,0,0,7.5638570000000005,220465,G1,UPI
TX_42_7285_1328,1,1,279.712561,124755,G2,WALLET
TX_42_7286_1331,0,0,8.75564,178700,G2,UPI
TX_42_7287_2875,1,1,33.753618,389780,G2,CARD
TX_42_7288_3747,0,0,7.898135,544540,G1,WALLET
TX_42_7289_8575,0,0,3.772478,401487,G3,UPI
TX_42_728_3660,0,0,8.774698,296596,G3,CARD
TX_42_7290_6370,0,0,5.753958,107280,G1,CARD
TX_42_7291_6293,0,0,6.745575,224597,G2,CARD
TX_42_7292_9909,1,1,100.121899,222315,G2,WALLET
TX_42_7293_9867,0,0,3.506801,277254,G2,UPI
TX_42_7294_6463,0,0,4.014962,107388,G4,NETBANKING
TX_42_7295_3473,0,0,7.305147,125935,G2,CARD
TX_42_7298_3536,0,0,5.800436,436596,G2,UPI
TX_42_7299_8170,1,1,25.174514,239130,G2,CARD
TX_42_72_4158,0,0,9.445696,164603,G1,CARD
TX_42_7300_6364,0,0,9.169203,72446,G1,UPI
TX_42_7301_5907,0,0,7.074307,526939,G3,UPI
TX_42_7302_4573,0,0,5.173083,385543,G3,UPI
TX_42_7303_5459,0,0,4.547627,493118,G3,CARD
TX_42_7305_5859,0,0,5.240343,317153,G1,CARD
TX_42_7306_7920,0,0,7.399752,101631,G3,UPI
TX_42_7307_5125,0,0,6.231923,89816,G1,WALLET
TX_42_7308_9682,0,0,9.113901,447628,G4,CARD
TX_42_7309_9273,0,0,6.245662,164436,G2,NETBANKING
TX_42_730_5367,0,0,6.432435,204863,G3,CARD
TX_42_7310_9055,0,0,6.485042,263161,G1,UPI
TX_42_7311_6734,0,0,6.023409,100777,G3,NETBANKING
TX_42_7313_4573,0,0,7.434707,351046,G2,UPI
TX_42_7314_2411,0,0,6.061209,142139,G3,CARD
TX_42_7315_1153,0,0,8.382579,443182,G3,NETBANKING
TX_42_7316_5971,1,1,228.194345,99082,G1,UPI
TX_42_7317_1664,1,1,147.142631,317991,G2,NETBANKING
TX_42_7318_6720,1,1,293.582289,70861,G1,NETBANKING
TX_42_7319_6660,0,0,10.83844,193033,G2,WALLET
TX_42_731_3203,0,0,8.750841,516899,G3,NETBANKING
TX_42_7320_1446,0,0,6.365898,385801,G3,UPI
TX_42_7321_8270,0,0,8.802788,101029,G1,UPI
TX_42_7322_1815,0,0,7.908018,321510,G1,UPI
TX_42_7323_7867,1,1,264.943277,355558,G3,UPI
TX_42_7325_5513,0,0,6.16842,432038,G3,CARD
TX_42_7326_8878,0,0,5.866923,496331,G1,NETBANKING
TX_42_7327_1557,0,0,9.64338,354416,G4,CARD
TX_42_7328_2470,0,0,8.189362,629558,G2,UPI
TX_42_732_1118,0,0,7.371749,185411,G2,WALLET
TX_42_7330_7705,1,1,170.387926,109172,G3,CARD
TX_42_7331_5442,0,0,4.216252,157564,G2,CARD
TX_42_7332_7133,0,0,7.207263,265151,G1,UPI
TX_42_7334_3825,0,0,4.386576,217808,G4,CARD
TX_42_7335_8496,0,0,9.06189,178164,G3,NETBANKING
TX_42_7336_2916,0,0,5.706635,204772,G3,CARD
TX_42_7337_7207,0,0,5.2800650000000005,330192,G1,UPI
TX_42_7338_8074,1,1,264.218005,301574,G4,NETBANKING
TX_42_7339_5940,0,0,5.385442,408657,G2,UPI
TX_42_733_5290,0,0,6.101274,162354,G1,CARD
TX_42_7340_1451,0,0,9.452513,179039,G2,CARD
TX_42_7341_5141,0,0,7.502018,330173,G1,UPI
TX_42_7342_7541,0,0,6.638284,91486,G2,NETBANKING
TX_42_7344_2519,0,0,7.7301020000000005,271045,G1,UPI
TX_42_7345_7737,0,0,8.035916,546106,G2,WALLET
TX_42_7346_1567,0,0,7.712231,313736,G1,UPI
TX_42_7348_8654,0,0,6.869323,206431,G1,UPI
TX_42_7350_2097,1,1,230.598784,533895,G1,WALLET
TX_42_7351_6016,0,0,3.8483929999999997,130323,G1,CARD
TX_42_7352_6337,0,0,9.322013,128871,G1,CARD
TX_42_7353_3607,0,0,6.958843,519894,G4,CARD
TX_42_7354_7513,0,0,8.583116,448184,G1,WALLET
TX_42_7355_3727,1,1,126.400617,104408,G1,UPI
TX_42_7356_4226,0,0,5.85108,277545,G3,UPI
TX_42_7358_3331,0,0,7.094676,413729,G1,CARD
TX_42_7359_6577,1,1,224.427063,364900,G1,CARD
TX_42_735_4603,0,0,5.33744,446588,G1,CARD
TX_42_7360_3217,0,0,9.898789,428337,G1,CARD
TX_42_7362_7128,0,0,10.47765,361692,G2,UPI
TX_42_7363_9030,0,0,5.7347529999999995,88858,G2,CARD
TX_42_7364_5890,1,1,199.063799,360663,G2,NETBANKING
TX_42_7365_6429,0,0,8.606688,348801,G2,CARD
TX_42_7366_1043,0,0,5.883222,246769,G3,NETBANKING
TX_42_7367_7084,0,0,9.439929,403184,G4,CARD
TX_42_7368_5887,0,0,4.159159,429212,G4,UPI
TX_42_7369_3015,0,0,9.10155,141924,G1,UPI
TX_42_736_4763,0,0,7.132956,384063,G2,NETBANKING
TX_42_7372_6566,0,0,5.916622,193690,G1,UPI
TX_42_7373_8594,0,0,6.018408,111158,G2,CARD
TX_42_7374_8184,1,1,37.135398,260801,G1,UPI
TX_42_7375_7447,0,0,8.201094,242945,G1,UPI
TX_42_7376_1762,0,0,7.232253,425205,G4,NETBANKING
TX_42_7377_1039,1,1,165.100489,309894,G4,NETBANKING
TX_42_7378_2441,1,1,51.828128,335483,G2,WALLET
TX_42_737_8201,0,0,8.326636,54357,G2,UPI
TX_42_7380_7758,0,0,7.307619,339020,G3,WALLET
TX_42_7381_9906,1,1,235.065432,334499,G1,WALLET
TX_42_7382_2737,0,0,8.785333,267324,G1,CARD
TX_42_7385_8686,0,0,9.020817,142256,G2,CARD
TX_42_7386_1073,0,0,4.7223690000000005,109838,G1,UPI
TX_42_7387_2428,0,0,8.325811999999999,155811,G2,CARD
TX_42_7388_3827,0,0,5.10313,137480,G2,UPI
TX_42_7389_9195,0,0,7.163212,196019,G2,CARD
TX_42_738_1184,0,0,5.792467,342012,G4,CARD
TX_42_7390_4134,0,0,5.920109,239509,G4,CARD
TX_42_7391_4038,0,0,7.571077,199788,G4,CARD
TX_42_7392_7460,0,0,8.422416,506249,G1,CARD
TX_42_7395_4369,0,0,9.299185,495519,G1,CARD
TX_42_7397_3381,1,1,93.607704,339640,G2,UPI
TX_42_7398_5824,0,0,6.954207,168369,G2,UPI
TX_42_7399_6269,0,0,7.114097,279254,G3,CARD
TX_42_739_2717,0,0,5.450696,331190,G4,CARD
TX_42_73_2340,0,0,5.871413,295799,G3,CARD
TX_42_7400_3481,0,0,5.066835,489099,G1,UPI
TX_42_7401_5832,1,1,62.935354,384354,G1,UPI
TX_42_7402_6206,0,0,8.583541,138330,G3,UPI
TX_42_7403_3108,0,0,8.015668,461712,G1,NETBANKING
TX_42_7405_6708,0,0,4.99442,139465,G2,WALLET
TX_42_7406_6390,0,0,5.381054,213485,G1,CARD
TX_42_7407_3184,0,0,3.700415,203766,G2,UPI
TX_42_7409_5167,1,1,208.256622,260862,G3,UPI
TX_42_740_7340,0,0,6.100956,94564,G1,UPI
TX_42_7410_3213,1,1,281.324659,339637,G1,UPI
TX_42_7411_2779,1,1,78.281458,267618,G4,UPI
TX_42_7413_1753,0,0,10.01328,137851,G2,CARD
TX_42_7415_4190,1,1,273.530657,114370,G1,NETBANKING
TX_42_7416_2574,1,1,19.70526,275271,G2,UPI
TX_42_7417_3117,1,1,58.795397,224179,G2,CARD
TX_42_7418_4010,0,0,5.375539,437451,G1,CARD
TX_42_741_8506,0,0,7.474254,47112,G1,CARD
TX_42_7420_5942,1,1,183.017726,404489,G4,UPI
TX_42_7421_6403,0,0,6.643719,459036,G2,UPI
TX_42_7422_8983,0,0,9.050753,366182,G1,WALLET
TX_42_7423_8571,0,0,4.432576,642789,G3,CARD
TX_42_7424_4541,0,0,7.628842,378294,G1,UPI
TX_42_7425_6126,0,0,5.009965,137440,G1,UPI
TX_42_7426_1864,1,1,83.00066,193475,G2,NETBANKING
TX_42_7427_4620,1,1,211.697421,271717,G1,WALLET
TX_42_7428_3155,1,1,288.875283,428659,G3,UPI
TX_42_7429_2733,0,0,7.975626,290913,G2,UPI
TX_42_742_8641,0,0,9.023649,150504,G3,UPI
TX_42_7431_4504,1,1,122.979785,160313,G3,CARD
TX_42_7432_6798,0,0,8.048875,285696,G3,WALLET
TX_42_7433_2158,0,0,5.762885,458628,G4,CARD
TX_42_7435_7055,0,0,10.42176,156918,G1,CARD
TX_42_7437_5237,0,0,4.917797,546216,G2,CARD
TX_42_7438_7675,0,0,5.803217,362797,G3,UPI
TX_42_7439_3003,0,0,10.730148,415468,G3,CARD
TX_42_743_3407,1,1,105.68681,235441,G1,CARD
TX_42_7441_8894,0,0,7.881022,131964,G2,UPI
TX_42_7444_9789,0,0,8.624489,208108,G2,CARD
TX_42_7446_5997,0,0,7.712379,364032,G1,WALLET
TX_42_7447_4263,0,0,4.885579,565509,G2,NETBANKING
TX_42_7448_6792,0,0,5.239359,560850,G3,CARD
TX_42_7449_3285,0,0,10.515109,125554,G1,NETBANKING
TX_42_744_2746,0,0,7.26666,336988,G1,CARD
TX_42_7451_9263,0,0,4.356623,310389,G2,UPI
TX_42_7452_1029,0,0,10.207459,101836,G1,NETBANKING
TX_42_7453_3847,1,1,223.617443,525492,G1,UPI
TX_42_7454_2669,0,0,7.666479,55332,G4,UPI
TX_42_7455_8054,0,0,6.016529,186766,G3,WALLET
TX_42_7457_8977,0,0,7.992917,132843,G2,UPI
TX_42_7459_1563,1,1,120.79151,97045,G3,UPI
TX_42_745_5800,0,0,7.237764,156490,G2,UPI
TX_42_7460_6580,0,0,8.28569,145412,G2,UPI
TX_42_7463_3664,1,1,270.293678,484682,G3,UPI
TX_42_7465_7872,0,0,8.745229,202124,G1,CARD
TX_42_7466_2164,0,0,5.527724,216112,G3,UPI
TX_42_7469_9737,0,0,9.210468,258310,G3,WALLET
TX_42_7470_7339,0,0,10.627554,423197,G2,NETBANKING
TX_42_7471_5216,0,0,8.440126,286292,G2,CARD
TX_42_7473_5669,0,0,7.4878730000000004,308862,G1,CARD
TX_42_7474_4741,0,0,9.084593,372700,G1,CARD
TX_42_7475_6779,0,0,9.287304,231240,G1,CARD
TX_42_7476_7108,0,0,7.461255,139970,G2,CARD
TX_42_7477_3492,0,0,6.049791,297408,G4,CARD
TX_42_7478_4727,0,0,4.461872,370193,G1,CARD
TX_42_747_8359,0,0,8.40857,302168,G1,UPI
TX_42_7480_3879,0,0,8.64476,127687,G1,CARD
TX_42_7481_7562,0,0,8.501762,62826,G3,UPI
TX_42_7482_9519,1,1,127.325417,264406,G4,WALLET
TX_42_7483_5692,0,0,5.719021,191373,G1,NETBANKING
TX_42_7485_5122,0,0,5.459885,70899,G2,CARD
TX_42_7487_5692,0,0,3.486484,385853,G1,UPI
TX_42_7489_2982,0,0,7.904216,132443,G1,UPI
TX_42_748_5651,0,0,5.336839,432386,G1,UPI
TX_42_7490_3899,0,0,8.173839,374750,G1,NETBANKING
TX_42_7491_8799,0,0,6.525582,95334,G2,CARD
TX_42_7492_5667,0,0,8.377446,178893,G1,UPI
TX_42_7493_4806,1,1,72.501926,510347,G2,WALLET
TX_42_7494_4325,0,0,4.347187,363707,G3,CARD
TX_42_7495_5655,1,1,245.760398,397045,G4,UPI
TX_42_7496_5853,0,0,8.370561,332980,G1,WALLET
TX_42_7498_3880,0,0,9.606318,191841,G2,WALLET
TX_42_749_6607,0,0,10.024372,143303,G1,UPI
TX_42_7501_3915,0,0,6.266151,136775,G1,NETBANKING
TX_42_7503_5828,1,1,237.929642,382685,G3,UPI
TX_42_7504_9309,0,0,8.467563,274472,G4,CARD
TX_42_7505_9878,0,0,8.016544,75205,G2,UPI
TX_42_7506_8702,1,1,58.199725,177875,G1,CARD
TX_42_7508_6671,0,0,10.397375,530267,G1,NETBANKING
TX_42_7509_4339,0,0,9.463597,82588,G1,WALLET
TX_42_7510_3348,0,0,5.170428,387852,G4,NETBANKING
TX_42_7511_9836,0,0,7.629341,216901,G1,UPI
TX_42_7512_8892,0,0,6.145568,215000,G1,NETBANKING
TX_42_7513_7357,0,0,8.588352,333392,G2,CARD
TX_42_7514_4795,0,0,5.8397120000000005,90318,G4,CARD
TX_42_7516_6477,0,0,5.219673,85247,G4,CARD
TX_42_7517_6962,0,0,9.176512,83029,G1,UPI
TX_42_7518_8275,0,0,8.195524,109518,G2,CARD
TX_42_7519_8106,0,0,8.151014,507299,G1,UPI
TX_42_751_3380,0,0,5.983306,131812,G1,UPI
TX_42_7521_8451,1,1,229.181838,90669,G2,NETBANKING
TX_42_7522_4748,1,1,174.831681,346626,G3,WALLET
TX_42_7523_7815,0,0,9.611115999999999,116512,G2,WALLET
TX_42_7525_4165,0,0,3.079404,152774,G4,UPI
TX_42_7526_5027,1,1,27.564888,245276,G2,UPI
TX_42_752_8750,0,0,9.686806,365892,G3,WALLET
TX_42_7530_6839,0,0,6.018858,417402,G2,CARD
TX_42_7531_1995,0,0,8.836019,606661,G2,UPI
TX_42_7532_5278,0,0,7.496304,386389,G1,NETBANKING
TX_42_7533_3345,0,0,4.904102,92680,G2,UPI
TX_42_7534_9261,0,0,8.657936,191477,G2,NETBANKING
TX_42_7536_3433,0,0,5.160362,180970,G2,CARD
TX_42_7537_4286,1,1,96.463187,82336,G2,CARD
TX_42_7538_9472,0,0,5.747636,157973,G1,UPI
TX_42_7539_3106,1,1,96.439717,385967,G2,WALLET
TX_42_753_9956,0,0,6.655352,114154,G2,CARD
TX_42_7540_1804,0,0,8.337067,70945,G1,CARD
TX_42_7541_2235,1,1,128.476039,355382,G1,UPI
TX_42_7542_6945,0,0,6.410978,257056,G2,UPI
TX_42_7543_5667,0,0,7.728005,184190,G1,CARD
TX_42_7544_4837,0,0,5.631556,549757,G3,CARD
TX_42_7545_5275,0,0,3.967101,626800,G2,CARD
TX_42_7546_3587,0,0,7.393058,315071,G1,CARD
TX_42_7547_9021,0,0,7.847371,399660,G2,UPI
TX_42_7548_2347,0,0,8.782802,231751,G3,UPI
TX_42_754_7546,0,0,7.848435,338234,G3,UPI
TX_42_7550_6343,1,1,259.625308,75116,G2,UPI
TX_42_7551_8522,0,0,5.608836,77257,G2,WALLET
TX_42_7553_3342,1,1,197.047857,136052,G1,CARD
TX_42_7554_8901,1,1,264.962679,578299,G1,UPI
TX_42_7555_6460,0,0,8.846784,118776,G1,UPI
TX_42_7558_1727,0,0,5.287734,303211,G2,UPI
TX_42_7559_7061,1,1,137.18392,158693,G1,UPI
TX_42_755_2452,0,0,5.743967,52814,G2,UPI
TX_42_7560_4376,0,0,5.472025,95194,G2,UPI
TX_42_7561_8979,0,0,6.661981,480413,G1,UPI
TX_42_7562_9020,0,0,8.566403,60965,G3,UPI
TX_42_7565_7832,0,0,4.23581,166939,G4,UPI
TX_42_7566_7414,1,1,227.661793,496871,G1,CARD
TX_42_7567_8418,0,0,7.471748,505995,G1,NETBANKING
TX_42_7569_8253,0,0,7.5198979999999995,78393,G2,CARD
TX_42_7571_2306,0,0,5.931343,337990,G1,UPI
TX_42_7572_6417,0,0,6.731381,341674,G2,UPI
TX_42_7573_5016,0,0,6.802753,349093,G1,UPI
TX_42_7574_9445,0,0,6.924457,134455,G1,UPI
TX_42_7576_6118,0,0,5.3656369999999995,428654,G1,UPI
TX_42_7577_9932,0,0,7.513912,424526,G3,UPI
TX_42_7578_6678,0,0,5.498806,160403,G4,UPI
TX_42_7579_7129,0,0,3.834673,253426,G3,UPI
TX_42_7580_7564,0,0,7.681443,169735,G1,CARD
TX_42_7582_6801,0,0,7.807251,92752,G3,UPI
TX_42_7583_1303,0,0,4.897311,183655,G1,UPI
TX_42_7584_8839,0,0,8.464863,371092,G2,CARD
TX_42_7586_2876,0,0,7.646945,153674,G1,UPI
TX_42_7587_8276,1,1,44.706853,223638,G2,UPI
TX_42_7588_3522,1,1,259.833591,85284,G3,CARD
TX_42_7589_9219,0,0,9.392336,392804,G1,WALLET
TX_42_758_7671,1,1,256.530437,415042,G2,UPI
TX_42_7590_5381,0,0,9.580294,78377,G3,CARD
TX_42_7591_2278,0,0,5.335486,339100,G2,WALLET
TX_42_7592_9583,1,1,159.686356,249084,G1,UPI
TX_42_7594_4488,0,0,4.759786,75952,G1,CARD
TX_42_7595_3387,1,1,203.459877,224591,G3,UPI
TX_42_7596_9261,0,0,7.985945,582565,G2,UPI
TX_42_7597_3974,0,0,9.241402,294352,G1,CARD
TX_42_7598_2807,0,0,7.694809,148402,G1,UPI
TX_42_759_9452,0,0,8.746049,134236,G3,UPI
TX_42_7600_2932,0,0,9.21897,93576,G2,UPI
TX_42_7601_3604,0,0,4.725061,234952,G4,UPI
TX_42_7602_9537,0,0,8.798525,128414,G1,UPI
TX_42_7603_2764,1,1,161.05327,127844,G1,NETBANKING
TX_42_7604_7231,0,0,4.94643,86363,G1,WALLET
TX_42_7605_6659,0,0,6.462788,264743,G4,CARD
TX_42_7607_3561,0,0,9.166091,172085,G1,CARD
TX_42_7608_1347,0,0,7.338174,446491,G1,CARD
TX_42_7609_7032,0,0,5.831272,235389,G1,CARD
TX_42_760_9787,0,0,9.313022,235508,G1,UPI
TX_42_7610_1191,0,0,5.434465,170939,G3,CARD
TX_42_7611_1007,0,0,7.274432,269966,G2,UPI
TX_42_7613_2791,1,1,120.686681,187211,G2,CARD
TX_42_7614_6610,0,0,5.345175,151794,G1,UPI
TX_42_7616_3833,0,0,9.160545,191615,G2,UPI
TX_42_7617_9020,0,0,8.218058,461237,G1,CARD
TX_42_7618_6805,0,0,8.305336,274063,G4,UPI
TX_42_7619_6992,0,0,10.606499,125046,G1,NETBANKING
TX_42_7620_8905,0,0,7.779548,428538,G1,CARD
TX_42_7621_1458,0,0,6.014418,158028,G4,UPI
TX_42_7622_1253,0,0,3.685638,184456,G4,NETBANKING
TX_42_7623_7977,0,0,8.615627,355228,G2,NETBANKING
TX_42_7624_7347,0,0,7.855523,306264,G4,CARD
TX_42_7625_1726,0,0,7.461817,281727,G2,WALLET
TX_42_7626_4612,0,0,9.109526,101671,G1,CARD
TX_42_7628_9865,0,0,5.224128,368984,G1,NETBANKING
TX_42_7629_5946,0,0,5.9801400000000005,121236,G1,UPI
TX_42_762_6909,0,0,9.787797,142156,G1,WALLET
TX_42_7630_9185,0,0,6.829714,266817,G2,UPI
TX_42_7632_7869,1,1,298.29603,555041,G2,NETBANKING
TX_42_7633_5178,1,1,306.245329,189317,G1,CARD
TX_42_7634_2339,0,0,7.343573,230790,G1,UPI
TX_42_7635_5459,0,0,10.396545,130222,G2,CARD
TX_42_7637_7498,1,1,195.627727,281623,G1,UPI
TX_42_7638_6448,0,0,7.020999,338340,G4,CARD
TX_42_7639_6410,0,0,8.37505,254697,G2,UPI
TX_42_763_6305,0,0,5.338278,278550,G1,CARD
TX_42_7640_6625,0,0,7.695812,441448,G4,UPI
TX_42_7641_2047,0,0,5.299237,167406,G2,WALLET
TX_42_7642_8462,0,0,6.775553,177080,G2,WALLET
TX_42_7643_7160,0,0,9.299556,42330,G1,NETBANKING
TX_42_7644_3581,1,1,286.178211,106897,G1,WALLET
TX_42_7645_3787,0,0,7.831583,127039,G2,WALLET
TX_42_7646_9966,0,0,6.733891,193935,G3,CARD
TX_42_7647_9006,0,0,10.305043,421916,G2,CARD
TX_42_7648_2199,0,0,4.521986,153276,G4,CARD
TX_42_7649_7472,1,1,97.396485,222830,G2,UPI
TX_42_764_4696,1,1,31.97049,206933,G2,UPI
TX_42_7651_7082,0,0,5.840982,271359,G3,WALLET
TX_42_7652_2092,0,0,5.078253,137759,G2,CARD
TX_42_7653_3536,0,0,9.763839,301867,G1,CARD
TX_42_7654_7631,0,0,6.511713,52797,G4,NETBANKING
TX_42_7655_8156,0,0,4.771873,426408,G4,CARD
TX_42_7658_7883,0,0,6.72696,243584,G1,UPI
TX_42_7659_9333,0,0,7.641019,266081,G3,CARD
TX_42_765_6609,1,1,71.582542,159328,G3,UPI
TX_42_7662_4449,0,0,7.86091,373107,G1,CARD
TX_42_7663_2315,0,0,8.023261,196468,G2,CARD
TX_42_7664_6160,0,0,9.138936,195683,G1,UPI
TX_42_7666_2064,0,0,7.635231,293002,G2,CARD
TX_42_7667_6497,0,0,5.854941,217009,G2,CARD
TX_42_7669_6954,0,0,7.217041,165566,G3,CARD
TX_42_766_3039,0,0,5.941794,205087,G3,UPI
TX_42_7670_4114,0,0,8.237131,429506,G1,NETBANKING
TX_42_7672_6961,0,0,5.634185,466332,G1,UPI
TX_42_7673_3994,0,0,5.250941,227777,G3,UPI
TX_42_7674_1409,0,0,7.618265,509919,G2,WALLET
TX_42_7675_1355,0,0,5.765204,444563,G1,UPI
TX_42_7676_5204,0,0,5.5375689999999995,187614,G3,UPI
TX_42_7677_2670,0,0,5.8174019999999995,213084,G2,CARD
TX_42_7678_1464,0,0,5.963051,194634,G1,CARD
TX_42_767_3450,0,0,7.069391,172058,G1,NETBANKING
TX_42_7681_7609,0,0,8.314274,432614,G3,NETBANKING
TX_42_7682_1672,1,1,208.774034,149161,G1,NETBANKING
TX_42_7683_3899,0,0,6.86944,432234,G1,UPI
TX_42_7685_6998,0,0,8.302982,293970,G2,CARD
TX_42_7687_9791,1,1,257.359417,473170,G2,UPI
TX_42_7688_4764,0,0,8.383933,279833,G3,CARD
TX_42_7689_1260,0,0,6.349388,209173,G1,WALLET
TX_42_768_3080,0,0,6.000014,279735,G2,UPI
TX_42_7690_2003,1,1,270.084503,236194,G1,NETBANKING
TX_42_7693_6798,0,0,9.48043,476627,G2,CARD
TX_42_7694_6396,0,0,7.345143,308470,G2,CARD
TX_42_7695_7101,1,1,217.729002,141587,G3,UPI
TX_42_7696_9236,1,1,224.123953,147107,G1,WALLET
TX_42_7697_9686,0,0,7.592179,176844,G3,UPI
TX_42_7698_7445,0,0,5.890402,145904,G1,UPI
TX_42_7699_1201,0,0,7.772124,277584,G2,UPI
TX_42_7700_4775,0,0,8.57401,354229,G1,CARD
TX_42_7701_3938,0,0,7.316334,269924,G1,UPI
TX_42_7702_8272,0,0,6.278773,315769,G3,CARD
TX_42_7703_3904,0,0,7.089526,453413,G2,NETBANKING
TX_42_7704_4711,1,1,38.549746999999996,181759,G2,CARD
TX_42_7705_4053,0,0,5.247781,159509,G3,UPI
TX_42_7706_7422,1,1,188.584516,107985,G1,UPI
TX_42_7707_7262,0,0,5.778825,402680,G1,CARD
TX_42_7708_8012,0,0,8.340035,134635,G1,NETBANKING
TX_42_7709_3339,1,1,84.031061,512921,G3,CARD
TX_42_770_2329,1,1,237.268284,350147,G1,UPI
TX_42_7711_6349,1,1,250.698591,322991,G2,NETBANKING
TX_42_7712_1786,0,0,9.431617,65425,G1,CARD
TX_42_7713_5302,0,0,7.609631,150779,G3,UPI
TX_42_7715_6226,0,0,5.22958,92235,G4,UPI
TX_42_7716_2045,0,0,5.291568,320784,G1,UPI
TX_42_7718_1596,0,0,6.389733,383160,G3,CARD
TX_42_7719_1197,0,0,6.663584,66591,G1,NETBANKING
TX_42_7722_8255,1,1,66.614387,139307,G3,UPI
TX_42_7724_6681,0,0,6.081114,63971,G2,UPI
TX_42_7726_2051,0,0,8.811973,287640,G1,WALLET
TX_42_7727_2855,0,0,8.518022,467157,G1,NETBANKING
TX_42_7728_5637,1,1,158.133891,131839,G2,UPI
TX_42_7729_1184,0,0,8.112394,176249,G1,CARD
TX_42_772_1787,0,0,8.198568999999999,265521,G1,NETBANKING
TX_42_7730_2659,0,0,4.823919,135535,G1,UPI
TX_42_7732_9912,0,0,7.3965060000000005,101336,G1,NETBANKING
TX_42_7733_2180,0,0,4.666773,317073,G1,UPI
TX_42_7734_8484,0,0,5.14776,498241,G3,UPI
TX_42_7736_7535,0,0,7.221152,146194,G2,UPI
TX_42_7737_2504,0,0,6.033246,156875,G1,UPI
TX_42_7739_5528,0,0,8.608872,212943,G3,CARD
TX_42_773_6938,0,0,9.193442,248451,G2,WALLET
TX_42_7740_7547,0,0,7.421407,234491,G1,CARD
TX_42_7741_6925,0,0,6.062909,116763,G3,CARD
TX_42_7743_2290,0,0,6.140157,405950,G1,CARD
TX_42_7744_9055,1,1,250.421572,434616,G1,UPI
TX_42_7745_7723,0,0,8.286655,187020,G1,CARD
TX_42_7747_1253,0,0,5.953769,276491,G3,CARD
TX_42_774_1754,0,0,7.675123,61098,G3,CARD
TX_42_7750_7591,0,0,6.986287,360140,G2,UPI
TX_42_7751_9669,1,1,156.598613,159890,G1,CARD
TX_42_7752_3448,0,0,5.489817,221928,G1,CARD
TX_42_7753_4706,0,0,6.926393,420691,G3,UPI
TX_42_7754_8814,0,0,5.691057,106074,G3,NETBANKING
TX_42_7755_3087,0,0,5.652478,422054,G2,NETBANKING
TX_42_7756_1564,0,0,8.505711,324464,G1,UPI
TX_42_7757_3348,0,0,6.094078,116021,G3,CARD
TX_42_7759_3591,0,0,5.846799,420675,G2,UPI
TX_42_775_3416,0,0,7.956192,278415,G3,UPI
TX_42_7760_7868,1,1,313.991838,373679,G2,UPI
TX_42_7761_1411,0,0,4.392016,208011,G3,CARD
TX_42_7763_3109,0,0,7.678419,336206,G1,UPI
TX_42_7764_9991,0,0,8.473913,457008,G2,CARD
TX_42_7765_2500,0,0,7.294498,349080,G4,UPI
TX_42_7766_3758,0,0,8.636646,236561,G1,UPI
TX_42_7767_2931,1,1,259.446105,366618,G1,UPI
TX_42_7768_7408,0,0,10.339545,82536,G2,UPI
TX_42_776_2315,1,1,160.890176,590855,G2,UPI
TX_42_7772_9703,0,0,8.793237,78053,G4,CARD
TX_42_7773_9032,0,0,8.07819,213933,G2,NETBANKING
TX_42_7774_4797,0,0,7.500029,379301,G3,UPI
TX_42_7775_5405,0,0,5.827076,166396,G3,WALLET
TX_42_7776_8156,0,0,5.501895,217737,G1,UPI
TX_42_7777_4344,0,0,6.257314,460487,G2,UPI
TX_42_7778_6822,0,0,5.071867,68390,G3,UPI
TX_42_7779_6895,0,0,5.723249,137895,G1,UPI
TX_42_777_5182,0,0,3.631758,333188,G2,CARD
TX_42_7780_6326,0,0,4.869763,314937,G3,CARD
TX_42_7782_7976,0,0,7.070767,174391,G3,UPI
TX_42_7783_5823,0,0,4.734803,284693,G2,UPI
TX_42_7784_9846,0,0,4.620315,51504,G1,UPI
TX_42_7786_6815,0,0,6.040009,477886,G2,CARD
TX_42_7787_2057,0,0,8.810556,149108,G1,UPI
TX_42_7788_6790,0,0,2.88273,246186,G2,CARD
TX_42_778_9140,0,0,7.413049,276209,G1,UPI
TX_42_7790_6661,0,0,6.797412,288596,G3,UPI
TX_42_7791_3842,0,0,5.891352,213023,G1,WALLET
TX_42_7793_6706,0,0,6.070073,506253,G3,UPI
TX_42_7795_9547,0,0,7.1428329999999995,201281,G3,CARD
TX_42_7796_9857,0,0,9.250511,406577,G2,UPI
TX_42_7799_2480,0,0,6.974301,120941,G4,CARD
TX_42_779_2472,0,0,8.499628,173426,G2,UPI
TX_42_77_8893,0,0,5.71987,95630,G1,UPI
TX_42_7802_4411,0,0,8.18426,268288,G1,UPI
TX_42_7803_5120,0,0,8.419021,353273,G2,CARD
TX_42_7804_9034,0,0,9.578644,283190,G3,UPI
TX_42_7805_7625,0,0,6.244339,267129,G1,UPI
TX_42_7807_8855,0,0,9.678464,405510,G1,CARD
TX_42_7809_2322,0,0,5.156448,419220,G1,UPI
TX_42_780_8177,1,1,94.246102,301484,G3,CARD
TX_42_7810_9721,0,0,7.28373,44682,G1,UPI
TX_42_7811_7541,0,0,6.408703,109419,G4,UPI
TX_42_7812_1547,1,1,204.490951,326323,G2,WALLET
TX_42_7814_1822,0,0,7.121086,197015,G2,UPI
TX_42_7815_2031,0,0,9.112436,71072,G2,UPI
TX_42_7816_7781,0,0,7.682958,422300,G1,UPI
TX_42_7817_2994,0,0,7.805385,140708,G3,UPI
TX_42_7819_8867,1,1,268.288654,156028,G3,UPI
TX_42_781_6726,0,0,9.287782,417115,G2,WALLET
TX_42_7820_5988,0,0,6.213569,386051,G2,UPI
TX_42_7821_7179,0,0,6.962564,39819,G2,UPI
TX_42_7822_7000,0,0,8.118377,112656,G1,CARD
TX_42_7823_5641,0,0,7.67821,460441,G1,UPI
TX_42_7824_6271,0,0,5.948438,121855,G4,UPI
TX_42_7825_9488,0,0,7.893994,293796,G1,CARD
TX_42_7826_6061,0,0,5.761112,462018,G2,UPI
TX_42_7828_5846,0,0,6.940557,271046,G3,UPI
TX_42_7829_3531,0,0,8.735706,306408,G1,UPI
TX_42_7830_4049,0,0,6.278582,172704,G4,UPI
TX_42_7831_7548,0,0,9.963559,105307,G3,NETBANKING
TX_42_7832_1045,0,0,5.632269,382309,G1,UPI
TX_42_7833_9978,0,0,6.626137,191546,G4,WALLET
TX_42_7834_2807,0,0,7.533918,131024,G3,CARD
TX_42_7836_7715,1,1,117.882188,207897,G1,UPI
TX_42_7837_9815,0,0,9.964083,198048,G3,NETBANKING
TX_42_7838_9860,0,0,5.037334,193607,G1,CARD
TX_42_7839_7668,0,0,6.33585,80917,G2,WALLET
TX_42_783_8890,0,0,10.880022,185148,G3,UPI
TX_42_7841_5134,0,0,9.458859,72892,G1,CARD
TX_42_7842_4734,0,0,8.762993,285498,G3,UPI
TX_42_7843_1563,0,0,8.687984,187395,G4,NETBANKING
TX_42_7844_3757,0,0,6.413242,422002,G4,CARD
TX_42_7845_8086,0,0,7.661918,431308,G3,UPI
TX_42_7846_5966,0,0,6.5380009999999995,431460,G1,UPI
TX_42_7847_4685,0,0,6.232015,132699,G1,CARD
TX_42_7848_3811,1,1,302.998316,595686,G2,UPI
TX_42_7849_8289,0,0,10.488436,166543,G3,CARD
TX_42_784_1132,0,0,7.616625,428071,G1,UPI
TX_42_7850_3301,0,0,7.077288,133740,G4,CARD
TX_42_7851_9472,0,0,9.136518,126010,G1,UPI
TX_42_7852_4175,0,0,5.73681,248961,G2,CARD
TX_42_7853_8368,0,0,6.684747,107575,G4,UPI
TX_42_7855_4584,0,0,7.579965,359521,G1,NETBANKING
TX_42_7857_8791,0,0,6.566248,124569,G4,UPI
TX_42_7858_2819,0,0,10.407071,339046,G1,WALLET
TX_42_7859_4643,0,0,7.9318480000000005,298782,G3,UPI
TX_42_785_3127,0,0,8.806129,475096,G2,UPI
TX_42_7862_5334,0,0,5.942671,455233,G1,CARD
TX_42_7865_8389,0,0,7.532144,260168,G1,CARD
TX_42_7867_6074,0,0,8.998117,165751,G1,CARD
TX_42_7868_6188,0,0,6.66668,133244,G3,UPI
TX_42_786_1954,0,0,5.329071,274647,G3,WALLET
TX_42_7870_4089,0,0,5.435159,100586,G1,UPI
TX_42_7871_4684,0,0,5.586879,95265,G2,UPI
TX_42_7872_2138,0,0,8.650911,413626,G3,UPI
TX_42_7873_9261,1,1,229.889211,124284,G2,UPI
TX_42_7874_3985,0,0,4.483821,94449,G1,WALLET
TX_42_7876_6752,0,0,4.829512,431480,G2,UPI
TX_42_7877_6235,0,0,5.640632,99769,G2,UPI
TX_42_7878_1925,0,0,6.096323,129084,G1,UPI
TX_42_7879_7176,0,0,5.530628,169830,G2,UPI
TX_42_787_8703,0,0,6.791898,143736,G2,UPI
TX_42_7881_6527,0,0,7.570546,178079,G3,UPI
TX_42_7882_3486,0,0,5.446479,186825,G1,UPI
TX_42_7884_9952,0,0,6.912784,69939,G2,UPI
TX_42_7885_4026,0,0,8.666185,117248,G1,NETBANKING
TX_42_7886_5888,0,0,5.907063,536702,G1,UPI
TX_42_7887_6645,0,0,6.040148,172025,G1,UPI
TX_42_7888_4327,0,0,4.7033059999999995,188758,G1,UPI
TX_42_7889_2220,0,0,6.235646,449657,G1,CARD
TX_42_788_1947,0,0,6.067276,349315,G2,UPI
TX_42_7892_8419,0,0,6.086465,652227,G2,UPI
TX_42_7893_1204,0,0,6.874294,440742,G1,WALLET
TX_42_7894_6625,0,0,6.684295,294378,G2,CARD
TX_42_7895_1170,0,0,6.150969,379873,G1,CARD
TX_42_7897_5916,0,0,7.33006,360095,G4,UPI
TX_42_7898_6123,1,1,258.978961,378629,G3,CARD
TX_42_7899_5179,0,0,4.432599,53266,G1,UPI
TX_42_789_8002,0,0,6.883224,130035,G2,CARD
TX_42_78_2128,0,0,8.903757,110253,G1,CARD
TX_42_7901_7564,0,0,7.745618,390308,G1,WALLET
TX_42_7905_9228,1,1,233.078626,438523,G1,UPI
TX_42_7906_6633,0,0,6.917454,223205,G2,UPI
TX_42_7907_7062,0,0,6.7098569999999995,171528,G3,CARD
TX_42_7908_7524,0,0,5.544891,152708,G4,UPI
TX_42_7909_5763,0,0,8.525236,398860,G3,NETBANKING
TX_42_790_3274,0,0,5.586392,382000,G3,UPI
TX_42_7910_2415,0,0,5.587668,559652,G1,UPI
TX_42_7911_8576,0,0,6.504435,61560,G2,NETBANKING
TX_42_7912_3199,0,0,5.281374,292885,G3,WALLET
TX_42_7913_1217,0,0,8.435645,356434,G4,CARD
TX_42_7914_2618,0,0,8.966351,486764,G3,NETBANKING
TX_42_7915_9572,0,0,9.41519,115620,G3,UPI
TX_42_7916_6633,0,0,6.27503,129695,G4,NETBANKING
TX_42_7917_8345,0,0,7.02203,466641,G2,UPI
TX_42_7918_2158,1,1,18.266152,343093,G2,UPI
TX_42_7919_1015,0,0,7.515634,206198,G1,UPI
TX_42_791_4887,0,0,8.885303,379857,G3,UPI
TX_42_7920_3065,0,0,5.34919,154080,G2,CARD
TX_42_7921_6256,0,0,6.735042,413561,G1,NETBANKING
TX_42_7923_3881,0,0,8.679823,197023,G3,UPI
TX_42_7924_9444,0,0,10.282069,94221,G3,CARD
TX_42_7925_2312,0,0,5.382474,237542,G3,CARD
TX_42_7926_8209,0,0,7.070774,116542,G3,NETBANKING
TX_42_7927_2696,0,0,5.762373,144308,G1,UPI
TX_42_7928_2879,0,0,8.611911,399677,G2,CARD
TX_42_7929_3247,0,0,8.442219,372641,G1,CARD
TX_42_792_5245,0,0,8.007379,181823,G2,CARD
TX_42_7931_2753,0,0,6.80877,266256,G1,WALLET
TX_42_7932_8335,0,0,4.675229,198440,G2,CARD
TX_42_7933_8782,0,0,6.7983080000000005,152729,G3,CARD
TX_42_7934_7201,0,0,6.767944,273513,G2,CARD
TX_42_7935_6156,0,0,8.664199,374211,G1,NETBANKING
TX_42_7937_3083,1,1,147.436905,101676,G1,UPI
TX_42_7938_8730,0,0,5.441476,321634,G2,UPI
TX_42_793_7841,0,0,5.176056,310941,G1,UPI
TX_42_7940_1714,0,0,5.429105,208738,G2,UPI
TX_42_7942_5608,0,0,6.380099,259167,G2,UPI
TX_42_7943_8960,0,0,4.921885,526033,G2,UPI
TX_42_7944_6772,0,0,5.64084,144990,G4,UPI
TX_42_7945_7713,1,1,182.376381,379763,G2,UPI
TX_42_7946_5288,0,0,9.280311,390039,G2,CARD
TX_42_7948_5561,1,1,149.33644,557191,G1,UPI
TX_42_7949_9248,0,0,6.826652,189039,G1,CARD
TX_42_794_7037,1,1,134.751771,343359,G1,CARD
TX_42_7950_3279,0,0,5.129167,390429,G2,CARD
TX_42_7951_6772,0,0,7.860053,355884,G1,UPI
TX_42_7952_5372,0,0,4.727776,190557,G1,UPI
TX_42_7954_4346,0,0,6.186954,334980,G4,UPI
TX_42_7955_9168,1,1,249.776694,394538,G2,UPI
TX_42_7957_5186,0,0,5.697404,80866,G2,UPI
TX_42_7958_3357,0,0,5.036133,206199,G2,CARD
TX_42_795_2353,0,0,10.363498,539542,G1,NETBANKING
TX_42_7960_1090,0,0,4.942154,101437,G1,CARD
TX_42_7961_9863,1,1,132.390513,317785,G4,CARD
TX_42_7962_3794,0,0,7.219708,301712,G1,CARD
TX_42_7964_2268,0,0,4.888767,305918,G4,CARD
TX_42_7965_2283,1,1,112.607927,329391,G1,UPI
TX_42_7966_4118,0,0,3.872135,398600,G2,CARD
TX_42_7967_3033,0,0,8.519438,183897,G4,WALLET
TX_42_7968_4244,0,0,6.493585,608005,G3,CARD
TX_42_7969_5544,0,0,8.103913,332410,G1,UPI
TX_42_796_7376,1,1,36.215352,113394,G2,UPI
TX_42_7970_7192,0,0,8.442806,232324,G1,CARD
TX_42_7971_4891,0,0,7.447075,208533,G4,CARD
TX_42_7972_5677,0,0,7.403827,332521,G2,CARD
TX_42_7974_2181,0,0,7.400461,127275,G1,UPI
TX_42_7975_5879,0,0,6.491292,272570,G1,CARD
TX_42_7976_7826,0,0,6.3494209999999995,207438,G3,CARD
TX_42_7977_9579,0,0,5.613417,472883,G4,CARD
TX_42_7978_1520,0,0,7.959948,184567,G1,UPI
TX_42_7979_7133,0,0,9.551295,178342,G3,NETBANKING
TX_42_797_4185,0,0,5.261669,623032,G3,UPI
TX_42_7980_5955,0,0,7.180847,232514,G1,UPI
TX_42_7982_9008,0,0,7.454059,157610,G1,CARD
TX_42_7983_4427,0,0,5.708896,124128,G1,CARD
TX_42_7984_6987,0,0,4.640515,162298,G3,UPI
TX_42_7985_3073,0,0,5.804543,201047,G2,NETBANKING
TX_42_7987_1086,0,0,8.561679,272352,G2,UPI
TX_42_7988_6025,0,0,5.627268,77098,G2,UPI
TX_42_7989_9929,1,1,20.658361,478486,G2,CARD
TX_42_798_8568,0,0,6.961488,381143,G2,UPI
TX_42_7990_5822,0,0,5.484379,396602,G2,UPI
TX_42_7991_3454,0,0,5.412259,203680,G4,UPI
TX_42_7992_2394,0,0,5.422911,113692,G3,CARD
TX_42_7993_4934,0,0,6.201246,458183,G1,UPI
TX_42_7996_9694,0,0,8.733639,392251,G1,CARD
TX_42_7997_4857,0,0,4.330425,113462,G1,WALLET
TX_42_7998_8765,0,0,6.607759,186889,G3,NETBANKING
TX_42_7999_5085,0,0,8.329652,413234,G1,UPI
TX_42_79_5961,0,0,8.970161000000001,323032,G4,UPI
TX_42_8000_4764,0,0,7.101305,326060,G4,CARD
TX_42_8001_3344,0,0,3.177613,441931,G3,UPI
TX_42_8002_1817,1,1,39.239451,331007,G2,UPI
TX_42_8003_9541,0,0,6.174736,93774,G2,UPI
TX_42_8004_1766,0,0,9.393784,262949,G1,UPI
TX_42_8005_1853,1,1,275.215413,268222,G3,UPI
TX_42_8006_6681,0,0,3.328116,133039,G2,CARD
TX_42_8008_7570,0,0,4.862321,64608,G3,CARD
TX_42_8009_2786,0,0,5.302657,297022,G2,WALLET
TX_42_800_8852,0,0,9.576568,332213,G2,UPI
TX_42_8010_3802,0,0,5.825373,193860,G1,WALLET
TX_42_8011_9842,0,0,5.701575,120236,G2,CARD
TX_42_8012_5451,0,0,4.719392,582873,G4,UPI
TX_42_8013_5480,1,1,309.268848,92649,G2,UPI
TX_42_8014_8827,0,0,9.563251,349140,G2,UPI
TX_42_8015_1191,0,0,9.108615,421983,G1,UPI
TX_42_8016_8128,0,0,8.036306,398871,G2,UPI
TX_42_8017_1624,0,0,8.201705,235701,G4,CARD
TX_42_8018_6185,0,0,6.143594,109184,G3,NETBANKING
TX_42_8019_5827,0,0,6.780286,168428,G1,UPI
TX_42_801_2602,0,0,7.945431,146647,G1,WALLET
TX_42_8020_3290,0,0,8.907240999999999,321437,G3,NETBANKING
TX_42_8021_2676,0,0,7.923786,223403,G1,CARD
TX_42_8022_2146,0,0,8.175275,151370,G1,UPI
TX_42_8023_3046,0,0,7.771306,75534,G3,NETBANKING
TX_42_8024_8775,0,0,4.307451,423562,G1,UPI
TX_42_8025_1866,0,0,7.604121,338278,G1,UPI
TX_42_8026_4348,0,0,6.837998,463822,G3,CARD
TX_42_8027_7772,0,0,6.747265,219330,G1,CARD
TX_42_8028_6979,0,0,6.249485,239134,G1,NETBANKING
TX_42_8029_5384,0,0,9.428367,208940,G1,CARD
TX_42_8030_4440,0,0,6.502575,399059,G1,UPI
TX_42_8032_6069,1,1,307.671252,435521,G1,UPI
TX_42_8033_4358,0,0,6.130529,391430,G4,UPI
TX_42_8034_3687,0,0,6.551617,406602,G2,WALLET
TX_42_8035_1863,0,0,5.915733,311250,G3,UPI
TX_42_8038_3952,0,0,8.668746,308079,G3,UPI
TX_42_8039_6430,0,0,8.448,104416,G2,UPI
TX_42_803_8465,0,0,5.206365,52609,G1,UPI
TX_42_8040_7522,0,0,4.539485,387490,G2,CARD
TX_42_8042_8938,1,1,136.413694,143380,G3,NETBANKING
TX_42_8043_7331,0,0,4.2587209999999995,421545,G4,NETBANKING
TX_42_8044_6533,0,0,7.651006,425277,G1,CARD
TX_42_8045_4219,0,0,9.38912,191533,G3,UPI
TX_42_8046_3607,1,1,142.89082200000001,188971,G2,UPI
TX_42_8047_1440,1,1,26.427616,325835,G2,UPI
TX_42_8049_1044,0,0,9.324917,431287,G1,UPI
TX_42_8050_7176,1,1,158.671226,238552,G1,UPI
TX_42_8051_9709,0,0,6.571495,389373,G1,UPI
TX_42_8052_3155,0,0,7.838387,282158,G2,CARD
TX_42_8053_4019,0,0,6.651156,459250,G2,NETBANKING
TX_42_8054_4147,0,0,6.184969,407361,G1,UPI
TX_42_8056_2711,1,1,28.997167,209933,G2,NETBANKING
TX_42_8057_2524,0,0,10.175338,128300,G1,UPI
TX_42_8058_7538,0,0,5.058973,347677,G3,CARD
TX_42_8059_2162,0,0,4.761557,564647,G2,UPI
TX_42_8060_7624,0,0,8.728724,371999,G1,CARD
TX_42_8062_8732,1,1,310.504745,122782,G3,UPI
TX_42_8064_5070,1,1,251.688817,136391,G2,UPI
TX_42_8065_6094,0,0,7.756544,535075,G2,UPI
TX_42_8066_9946,0,0,8.023977,548272,G4,UPI
TX_42_8067_8253,0,0,8.159204,55243,G3,UPI
TX_42_8068_4440,0,0,7.405454,251564,G1,UPI
TX_42_8069_5652,1,1,176.265641,217263,G3,UPI
TX_42_806_4649,0,0,6.771854,207744,G3,CARD
TX_42_8070_3916,0,0,9.664412,121175,G2,UPI
TX_42_8071_8256,0,0,10.133256,135308,G1,WALLET
TX_42_8072_9116,0,0,4.5412040000000005,507369,G1,UPI
TX_42_8073_7441,0,0,6.997401,44674,G1,CARD
TX_42_8074_8069,1,1,241.562898,83936,G1,CARD
TX_42_8076_5992,0,0,9.169316,516570,G2,CARD
TX_42_8077_1762,1,1,180.47273,492084,G1,UPI
TX_42_8079_3715,0,0,5.330589,112650,G1,UPI
TX_42_807_3625,0,0,6.3149,548671,G1,UPI
TX_42_8080_4446,0,0,7.432206,337027,G2,UPI
TX_42_8081_5365,1,1,139.671494,172675,G2,UPI
TX_42_8082_6286,0,0,4.160319,302074,G1,CARD
TX_42_8084_4676,1,1,233.930501,101015,G1,CARD
TX_42_8085_8641,0,0,8.44381,83204,G1,UPI
TX_42_8086_6314,1,1,171.594611,267174,G3,UPI
TX_42_8087_7964,1,1,201.982489,302577,G1,UPI
TX_42_8088_5777,0,0,8.726202,111489,G1,NETBANKING
TX_42_808_5385,0,0,5.955276,458927,G1,UPI
TX_42_8090_6378,0,0,4.997828,178514,G1,CARD
TX_42_8091_3566,0,0,7.5582139999999995,221445,G2,CARD
TX_42_8092_8031,0,0,8.913775,490436,G3,UPI
TX_42_8093_3651,0,0,8.542625,391525,G4,CARD
TX_42_8095_9217,0,0,7.230279,238726,G2,CARD
TX_42_8096_3964,0,0,8.036435,358929,G3,CARD
TX_42_8097_1856,1,1,36.024176,397240,G1,UPI
TX_42_8098_4108,1,1,263.917411,181479,G3,CARD
TX_42_8099_8930,0,0,4.756161,107601,G1,WALLET
TX_42_809_5133,0,0,5.280512,88853,G4,UPI
TX_42_80_2867,0,0,9.1404,162646,G1,UPI
TX_42_8101_2148,0,0,6.706991,126194,G2,WALLET
TX_42_8102_3604,0,0,4.384359,494898,G2,CARD
TX_42_8103_6150,1,1,19.808132,423366,G2,WALLET
TX_42_8104_1235,1,1,144.845505,179442,G1,UPI
TX_42_8105_6250,0,0,5.338672,444060,G3,NETBANKING
TX_42_8108_8545,0,0,6.146109,203279,G1,UPI
TX_42_8109_2356,0,0,9.632285,112534,G3,UPI
TX_42_8110_2131,0,0,6.796121,213956,G1,UPI
TX_42_8111_7479,0,0,6.343053,181769,G4,UPI
TX_42_8112_7459,0,0,6.826603,383713,G2,CARD
TX_42_8113_6373,0,0,10.675098,507530,G3,UPI
TX_42_8114_2316,0,0,9.516298,307048,G1,UPI
TX_42_8115_3517,0,0,8.144078,302457,G3,UPI
TX_42_8116_8521,1,1,29.656544,389401,G2,WALLET
TX_42_8117_6918,1,1,275.535611,92563,G3,UPI
TX_42_8118_5103,1,1,134.216605,450646,G3,UPI
TX_42_8119_6120,0,0,8.062791,302996,G1,CARD
TX_42_811_7212,0,0,7.100196,289744,G3,CARD
TX_42_8120_5870,0,0,9.223619,77368,G2,UPI
TX_42_8121_9163,0,0,9.448375,102919,G1,UPI
TX_42_8122_7990,0,0,8.954056,362300,G1,CARD
TX_42_8124_1741,0,0,8.371884,136728,G1,UPI
TX_42_8126_1391,0,0,5.910668,365349,G3,WALLET
TX_42_8127_4643,1,1,212.435238,229916,G1,UPI
TX_42_8128_4598,0,0,5.542391,142155,G3,UPI
TX_42_8129_1379,1,1,92.160185,125865,G1,UPI
TX_42_812_1794,0,0,5.77612,232851,G2,UPI
TX_42_8130_1923,0,0,8.740848,288845,G3,UPI
TX_42_8131_5436,0,0,3.664594,255746,G3,WALLET
TX_42_8133_9116,0,0,8.834557,89927,G1,UPI
TX_42_8134_1978,0,0,6.286396,350790,G2,UPI
TX_42_8136_5815,0,0,8.609206,509882,G2,NETBANKING
TX_42_8137_8149,1,1,134.52318,120775,G1,UPI
TX_42_8138_2095,0,0,9.249405,438036,G1,CARD
TX_42_8139_8512,0,0,4.58292,131260,G2,UPI
TX_42_813_9503,0,0,8.24219,191795,G2,UPI
TX_42_8140_9719,1,1,79.671508,423364,G2,UPI
TX_42_8141_6333,0,0,7.941924,163114,G2,NETBANKING
TX_42_8143_2180,0,0,9.525394,138376,G3,WALLET
TX_42_8145_2610,0,0,5.029461,280033,G1,UPI
TX_42_8146_1542,0,0,7.248029,277029,G3,UPI
TX_42_8147_4900,0,0,9.21453,317746,G1,CARD
TX_42_8148_8307,0,0,5.774599,125300,G1,CARD
TX_42_8149_7681,1,1,154.011788,351816,G3,UPI
TX_42_814_1232,0,0,6.140632,119677,G3,WALLET
TX_42_8150_3142,0,0,5.905318,316873,G2,NETBANKING
TX_42_8151_5954,0,0,6.5885,182549,G2,UPI
TX_42_8152_9298,1,1,187.816515,322860,G3,UPI
TX_42_8153_1878,0,0,5.565483,209493,G1,CARD
TX_42_8156_2351,0,0,4.907717,225901,G1,UPI
TX_42_8157_4604,0,0,3.416315,178746,G2,CARD
TX_42_8158_1974,0,0,7.062088,330426,G4,UPI
TX_42_8159_2335,0,0,7.833295,472788,G4,UPI
TX_42_815_7544,1,1,307.268715,119855,G2,UPI
TX_42_8160_8695,0,0,7.514682,170119,G4,NETBANKING
TX_42_8161_9539,0,0,8.174009999999999,171185,G2,CARD
TX_42_8162_1976,0,0,6.790107,341816,G1,UPI
TX_42_8166_5835,0,0,10.259904,144364,G4,UPI
TX_42_8167_9141,0,0,5.8693480000000005,194131,G4,CARD
TX_42_8169_1522,0,0,6.823834,193665,G3,NETBANKING
TX_42_816_4433,0,0,8.462597,272651,G2,UPI
TX_42_8170_1802,0,0,5.233427,67907,G4,WALLET
TX_42_8171_5304,0,0,7.16894,562903,G1,CARD
TX_42_8172_7885,0,0,6.037702,121429,G1,CARD
TX_42_8173_3652,1,1,127.991283,258706,G4,WALLET
TX_42_8174_5607,0,0,6.530863,148596,G2,CARD
TX_42_8175_4305,0,0,3.392424,544356,G3,UPI
TX_42_8176_3130,0,0,8.909094,95826,G2,CARD
TX_42_8177_1311,0,0,6.820415,151336,G1,CARD
TX_42_8178_3793,0,0,8.149202,309201,G1,CARD
TX_42_8179_6813,0,0,4.941146,375785,G1,UPI
TX_42_8181_1239,0,0,7.585103,474485,G1,CARD
TX_42_8182_6689,0,0,6.359254,372939,G3,WALLET
TX_42_8183_9647,0,0,6.537398,117769,G1,UPI
TX_42_8184_4540,0,0,7.274048,165878,G3,CARD
TX_42_8185_8269,0,0,7.532697,130831,G2,UPI
TX_42_8186_5210,0,0,7.938889,275162,G1,CARD
TX_42_8187_6037,0,0,9.575759,206637,G1,UPI
TX_42_8188_6658,0,0,6.405267,318531,G1,CARD
TX_42_8189_3924,1,1,278.05478,441115,G2,UPI
TX_42_818_9767,0,0,4.98846,165022,G2,UPI
TX_42_8190_9994,0,0,4.682906,166426,G3,UPI
TX_42_8194_8298,0,0,4.495996,512468,G1,UPI
TX_42_8197_9526,1,1,256.661431,81424,G2,UPI
TX_42_8198_1564,0,0,4.539644,460365,G3,CARD
TX_42_819_6575,0,0,8.782998,326114,G1,CARD
TX_42_8202_7276,0,0,7.278108,168609,G1,CARD
TX_42_8203_8372,0,0,5.404913,183203,G4,CARD
TX_42_8204_4547,1,1,26.258713,255296,G2,NETBANKING
TX_42_8205_3531,0,0,6.306597,452977,G1,CARD
TX_42_8206_2834,0,0,4.934525,169850,G2,UPI
TX_42_8207_6313,0,0,5.63477,124417,G2,NETBANKING
TX_42_8208_2175,0,0,6.101744,144580,G1,CARD
TX_42_820_7881,0,0,6.01431,147455,G3,WALLET
TX_42_8210_2298,0,0,6.044376,261354,G4,WALLET
TX_42_8211_5676,0,0,7.506733,352634,G3,WALLET
TX_42_8213_1991,0,0,8.958182,179507,G2,NETBANKING
TX_42_8214_3554,0,0,5.631698,91866,G1,CARD
TX_42_8215_1909,0,0,7.372596,48729,G4,WALLET
TX_42_8216_6903,0,0,9.388906,143150,G2,UPI
TX_42_8217_5484,0,0,6.255914,136142,G2,UPI
TX_42_8218_7813,0,0,6.77803,458805,G2,UPI
TX_42_8219_1985,0,0,5.604667,338790,G1,CARD
TX_42_821_4345,0,0,6.850763,136898,G1,UPI
TX_42_8220_3092,0,0,7.443058,374052,G2,CARD
TX_42_8223_7962,0,0,5.870462,418352,G3,UPI
TX_42_8224_7577,0,0,6.66172,193517,G1,UPI
TX_42_8225_8037,1,1,30.922318,437039,G2,UPI
TX_42_8226_6530,0,0,7.045009,164416,G2,CARD
TX_42_8229_8701,0,0,5.6231729999999995,165106,G2,CARD
TX_42_8230_1786,0,0,5.85686,204534,G2,CARD
TX_42_8231_7935,1,1,192.037849,221427,G2,UPI
TX_42_8232_7947,0,0,8.10118,242298,G3,UPI
TX_42_8234_6207,0,0,6.182259,165372,G3,WALLET
TX_42_8235_8835,0,0,7.520271,112383,G3,NETBANKING
TX_42_8236_8111,1,1,192.312008,266413,G1,UPI
TX_42_8237_9890,0,0,7.164491,299936,G3,NETBANKING
TX_42_8238_7174,0,0,5.503259,78116,G1,CARD
TX_42_8239_3679,0,0,7.381489,247564,G1,NETBANKING
TX_42_823_5407,0,0,7.337393,237769,G4,UPI
TX_42_8241_3398,0,0,6.575808,136716,G1,UPI
TX_42_8242_4824,0,0,6.482702,272053,G4,UPI
TX_42_8243_9255,0,0,9.242305,369851,G2,UPI
TX_42_8244_5674,0,0,5.69998,228423,G3,CARD
TX_42_8245_4291,1,1,210.341615,122576,G2,UPI
TX_42_8247_5058,0,0,6.79043,346286,G3,CARD
TX_42_8248_4293,0,0,6.718519,479721,G4,CARD
TX_42_8249_5346,0,0,7.312693,448166,G1,CARD
TX_42_824_3727,0,0,8.640369,130918,G3,NETBANKING
TX_42_8251_6632,0,0,7.178891,152027,G1,UPI
TX_42_8252_1656,0,0,10.724527,381943,G2,UPI
TX_42_8253_4191,0,0,8.964066,465414,G3,CARD
TX_42_8254_6420,0,0,6.083835,332754,G3,CARD
TX_42_8255_4837,0,0,6.975494,296717,G3,UPI
TX_42_8256_2877,0,0,6.24129,80826,G2,UPI
TX_42_8257_4355,0,0,5.753442,170347,G1,UPI
TX_42_8258_9789,0,0,7.0606,287246,G2,UPI
TX_42_8259_5928,0,0,10.290327,373247,G1,CARD
TX_42_825_4624,0,0,7.321276,103699,G2,UPI
TX_42_8260_2720,0,0,8.429978,311792,G1,UPI
TX_42_8261_2755,0,0,7.010126,114083,G3,UPI
TX_42_8262_3558,1,1,232.97594,326785,G1,UPI
TX_42_8264_7214,0,0,5.867031,450744,G4,UPI
TX_42_8265_3315,0,0,6.129304,185088,G3,CARD
TX_42_8267_7659,0,0,4.7751909999999995,264484,G3,NETBANKING
TX_42_8268_4132,0,0,6.741826,383656,G3,UPI
TX_42_826_8288,0,0,4.968611,431809,G4,UPI
TX_42_8270_2894,0,0,9.624749,428738,G1,CARD
TX_42_8271_2949,0,0,6.6532160000000005,199681,G3,CARD
TX_42_8273_2931,0,0,7.986553,367965,G3,CARD
TX_42_8274_7757,0,0,4.875692,82897,G3,UPI
TX_42_8275_1876,0,0,5.018798,263678,G1,UPI
TX_42_8276_5825,0,0,8.122403,381088,G1,CARD
TX_42_8278_3434,1,1,22.71472,322710,G2,UPI
TX_42_827_8732,0,0,6.657545,285545,G2,UPI
TX_42_8280_8380,0,0,8.200951,342563,G1,UPI
TX_42_8281_2898,0,0,7.240382,86113,G2,UPI
TX_42_8282_9040,0,0,9.272287,212483,G2,CARD
TX_42_8284_1059,0,0,6.407312,327744,G1,UPI
TX_42_8285_4993,0,0,8.133838,508327,G4,UPI
TX_42_8286_6967,1,1,209.879945,316233,G3,UPI
TX_42_8287_4082,0,0,4.8372530000000005,261735,G3,UPI
TX_42_8289_7442,0,0,8.990061,480852,G4,UPI
TX_42_828_9541,0,0,6.97904,231152,G1,CARD
TX_42_8290_7481,0,0,4.995726,82863,G1,NETBANKING
TX_42_8291_7815,1,1,260.411787,312481,G1,NETBANKING
TX_42_8292_7132,0,0,6.024289,492275,G1,NETBANKING
TX_42_8293_3134,0,0,8.534597,123688,G1,NETBANKING
TX_42_8294_2447,0,0,8.011318,287209,G1,CARD
TX_42_8295_4452,0,0,6.386365,393149,G1,UPI
TX_42_8296_6472,0,0,8.968264,88757,G2,CARD
TX_42_8297_7601,1,1,69.737093,178596,G2,UPI
TX_42_8298_2826,1,1,28.61075,247786,G2,UPI
TX_42_8299_6187,1,1,18.447748,550424,G2,CARD
TX_42_829_7304,0,0,7.096137,403909,G3,UPI
TX_42_82_1060,0,0,9.180536,114827,G3,CARD
TX_42_8300_7252,0,0,6.580756,177061,G2,UPI
TX_42_8301_9739,0,0,6.661425,350254,G1,UPI
TX_42_8302_2741,1,1,25.615989,307265,G2,UPI
TX_42_8304_8880,0,0,4.751151,292010,G1,UPI
TX_42_8305_2077,1,1,22.419964,317992,G2,UPI
TX_42_8306_5860,0,0,6.570282,130338,G4,WALLET
TX_42_8307_5560,0,0,8.621656,148374,G1,UPI
TX_42_8309_5096,0,0,7.664059,481671,G2,NETBANKING
TX_42_830_7714,0,0,5.928343,201626,G1,UPI
TX_42_8310_2184,0,0,6.734422,459246,G3,CARD
TX_42_8311_4511,0,0,8.412652,237212,G3,WALLET
TX_42_8312_5828,0,0,6.47941,316674,G2,CARD
TX_42_8313_4527,1,1,286.209551,97581,G1,NETBANKING
TX_42_8315_5791,0,0,7.219309,483564,G2,UPI
TX_42_8316_6492,1,1,111.916713,135585,G2,NETBANKING
TX_42_8317_4850,0,0,9.877369,99832,G2,UPI
TX_42_8318_2713,0,0,8.757887,405107,G4,UPI
TX_42_8319_1055,0,0,6.823955,399870,G3,UPI
TX_42_831_8734,0,0,5.609257,514657,G2,CARD
TX_42_8320_8323,0,0,5.34338,357766,G1,CARD
TX_42_8321_8875,0,0,4.739929,285961,G1,CARD
TX_42_8322_1347,0,0,7.668232,303374,G3,NETBANKING
TX_42_8323_9269,1,1,135.103341,81071,G2,UPI
TX_42_8324_6594,0,0,4.068338,139607,G2,CARD
TX_42_8325_4024,0,0,8.392862,374714,G3,CARD
TX_42_8326_3110,0,0,8.298755,82630,G1,CARD
TX_42_8327_3501,0,0,9.709236,287469,G1,CARD
TX_42_8328_5580,1,1,160.296119,191032,G1,CARD
TX_42_8329_1851,0,0,8.722207000000001,390697,G1,CARD
TX_42_832_9972,0,0,8.811209,450232,G2,CARD
TX_42_8330_2749,0,0,9.051874,361004,G3,UPI
TX_42_8331_9563,0,0,9.665603,601604,G1,UPI
TX_42_8332_5676,0,0,5.92543,219462,G1,NETBANKING
TX_42_8333_3166,0,0,5.663657,253362,G1,WALLET
TX_42_8335_4717,0,0,3.282752,484517,G2,CARD
TX_42_8336_1776,0,0,9.038725,472059,G3,WALLET
TX_42_8338_2628,0,0,8.429614,213185,G2,CARD
TX_42_8339_2715,0,0,7.535772,232770,G1,CARD
TX_42_833_7152,0,0,8.109753,240047,G3,UPI
TX_42_8340_4759,0,0,7.887367,493829,G3,CARD
TX_42_8341_4628,0,0,6.756254,145189,G1,CARD
TX_42_8342_6656,0,0,5.069996,214309,G3,UPI
TX_42_8343_9606,0,0,7.461455,381952,G2,UPI
TX_42_8344_2535,0,0,5.630651,95526,G2,NETBANKING
TX_42_8345_5094,0,0,6.101157,116729,G1,UPI
TX_42_8346_9552,0,0,7.637816,172094,G1,UPI
TX_42_8347_8423,0,0,5.266689,438432,G1,UPI
TX_42_8348_2721,0,0,3.767417,236717,G2,CARD
TX_42_8349_1304,1,1,214.511359,428459,G1,UPI
TX_42_834_7299,1,1,83.713037,332540,G4,UPI
TX_42_8350_5553,0,0,7.442967,134369,G3,CARD
TX_42_8351_7103,0,0,6.953697,57934,G4,UPI
TX_42_8352_4090,0,0,7.90682,220069,G2,CARD
TX_42_8353_1375,1,1,120.01365,63361,G2,UPI
TX_42_8354_8302,1,1,236.585696,269025,G3,UPI
TX_42_8355_5780,0,0,8.708706,420042,G3,UPI
TX_42_8357_6240,1,1,174.722851,197605,G1,CARD
TX_42_8358_7108,0,0,3.808403,223940,G2,UPI
TX_42_835_4533,0,0,6.213031,68630,G2,UPI
TX_42_8360_2256,1,1,78.111641,183878,G2,WALLET
TX_42_8361_5958,0,0,7.519792,212551,G2,NETBANKING
TX_42_8363_3517,0,0,8.399684,75114,G3,UPI
TX_42_8365_3749,1,1,193.015531,133558,G1,CARD
TX_42_8366_9984,0,0,5.828797,329316,G3,NETBANKING
TX_42_8367_9547,0,0,4.333773,572456,G2,UPI
TX_42_8370_7828,0,0,3.783672,282758,G1,UPI
TX_42_8371_8290,0,0,4.959295,418773,G1,NETBANKING
TX_42_8372_7557,0,0,8.989404,409861,G1,CARD
TX_42_8373_3169,0,0,5.492367,364665,G1,UPI
TX_42_8374_4239,0,0,10.200894,200919,G3,UPI
TX_42_8375_9568,0,0,8.260888,99606,G1,CARD
TX_42_8376_5369,0,0,5.400972,165632,G3,UPI
TX_42_8378_6723,0,0,5.983401,286693,G4,UPI
TX_42_8379_9049,0,0,5.167514,382023,G1,UPI
TX_42_8381_1609,0,0,7.373617,128621,G4,UPI
TX_42_8384_8505,0,0,6.257725,245235,G1,UPI
TX_42_8385_5950,0,0,9.499398,81428,G3,UPI
TX_42_8387_8036,0,0,9.810708,311136,G1,UPI
TX_42_8388_2343,0,0,4.009238,453102,G2,CARD
TX_42_8389_2632,0,0,8.775752,109242,G3,UPI
TX_42_8392_6250,0,0,4.942841,558964,G2,UPI
TX_42_8393_1798,0,0,7.497386,66759,G1,UPI
TX_42_8394_6074,0,0,7.502908,304395,G1,UPI
TX_42_8397_7164,1,1,222.995132,156673,G1,WALLET
TX_42_8398_6947,0,0,6.565645,105032,G1,CARD
TX_42_8399_8967,0,0,9.420571,77227,G4,WALLET
TX_42_8401_7842,0,0,5.596734,77844,G2,UPI
TX_42_8403_9676,0,0,6.407658,82742,G1,UPI
TX_42_8404_7508,1,1,238.339706,450955,G2,UPI
TX_42_8405_6137,0,0,8.724838,307873,G4,UPI
TX_42_8406_2625,0,0,5.961957,124645,G3,UPI
TX_42_8407_4520,0,0,5.018958,268693,G2,UPI
TX_42_8408_8099,0,0,7.651396,62437,G2,CARD
TX_42_8409_2145,0,0,8.694893,324296,G2,WALLET
TX_42_840_4625,0,0,6.184993,128587,G4,UPI
TX_42_8410_9699,0,0,6.058255,311766,G1,UPI
TX_42_8411_6726,0,0,7.3321950000000005,88860,G1,UPI
TX_42_8412_3409,0,0,6.208398,270674,G1,CARD
TX_42_8413_8444,0,0,6.608319,586432,G1,WALLET
TX_42_8414_5012,0,0,6.533177,136410,G2,UPI
TX_42_8415_2189,0,0,3.922612,104076,G2,UPI
TX_42_8416_7820,0,0,4.363489,543975,G4,UPI
TX_42_8417_6913,1,1,190.661676,105481,G3,UPI
TX_42_8418_2529,1,1,76.412441,379984,G4,UPI
TX_42_8419_4296,0,0,7.667973,218966,G4,CARD
TX_42_841_4837,0,0,8.999584,133210,G1,CARD
TX_42_8422_8040,0,0,8.540188,232952,G1,CARD
TX_42_8423_1863,1,1,312.429438,380163,G3,UPI
TX_42_8424_8440,0,0,5.496785,428064,G3,UPI
TX_42_8425_8045,0,0,7.329263,346197,G1,UPI
TX_42_8426_7035,0,0,9.407007,315601,G2,WALLET
TX_42_8427_3762,0,0,3.923209,141731,G1,UPI
TX_42_8428_6109,0,0,7.261755,393645,G3,UPI
TX_42_8429_4811,0,0,7.17509,211908,G2,UPI
TX_42_842_2317,0,0,6.39287,375958,G1,UPI
TX_42_8430_3492,0,0,6.386207,157857,G1,CARD
TX_42_8432_8016,0,0,6.4942969999999995,106477,G1,NETBANKING
TX_42_8433_3149,0,0,7.377559,265764,G3,CARD
TX_42_8434_8476,0,0,7.328811,263518,G3,NETBANKING
TX_42_8435_9759,0,0,8.273333,88347,G4,CARD
TX_42_8436_2861,0,0,7.223295,377257,G3,WALLET
TX_42_8437_7646,0,0,5.009629,232818,G2,UPI
TX_42_8439_7471,0,0,7.945521,603451,G1,UPI
TX_42_843_3074,0,0,7.219816,244385,G1,UPI
TX_42_8440_4601,1,1,132.282643,231568,G4,UPI
TX_42_8442_3590,0,0,9.288114,140796,G1,UPI
TX_42_8443_3521,0,0,9.431995,214696,G2,CARD
TX_42_8444_8542,0,0,7.044567,158903,G2,UPI
TX_42_8445_3683,0,0,4.805665,462669,G3,CARD
TX_42_8446_1149,0,0,5.84707,253083,G3,UPI
TX_42_8448_8962,0,0,8.759311,65194,G1,UPI
TX_42_8449_3530,0,0,8.036807,240187,G2,CARD
TX_42_844_4646,0,0,7.580462,257119,G1,CARD
TX_42_8450_5595,0,0,5.124681,108411,G2,CARD
TX_42_8451_5155,0,0,7.027245,128927,G3,NETBANKING
TX_42_8454_5436,0,0,8.332611,64146,G2,UPI
TX_42_8455_8379,0,0,8.874723,372533,G2,UPI
TX_42_8456_3990,0,0,4.646785,156490,G2,CARD
TX_42_8457_1849,0,0,6.442466,64531,G3,WALLET
TX_42_8459_3882,0,0,5.656915,88145,G1,UPI
TX_42_845_9345,0,0,6.614775,46485,G1,CARD
TX_42_8460_1706,0,0,6.47719,354150,G1,UPI
TX_42_8461_3350,0,0,7.113728,161569,G1,CARD
TX_42_8462_9800,0,0,5.692206,197544,G2,CARD
TX_42_8464_5766,0,0,4.994988,67066,G2,CARD
TX_42_8465_3622,0,0,7.307355,201521,G1,WALLET
TX_42_8466_6468,0,0,9.060734,109588,G1,UPI
TX_42_8467_1301,0,0,5.94391,209105,G3,NETBANKING
TX_42_8468_8399,0,0,6.609703,316400,G1,CARD
TX_42_8469_6246,0,0,5.707101,173874,G1,WALLET
TX_42_846_4393,0,0,6.889355,274714,G1,CARD
TX_42_8470_9092,1,1,117.57453,123931,G3,UPI
TX_42_8471_2556,0,0,8.128889,117966,G2,NETBANKING
TX_42_8472_1852,1,1,168.498801,110393,G4,UPI
TX_42_8475_7522,1,1,256.003679,460678,G3,CARD
TX_42_8476_9917,0,0,8.51249,408861,G3,CARD
TX_42_8478_6489,0,0,6.325968,64599,G4,UPI
TX_42_8480_3639,0,0,5.071969,111071,G1,UPI
TX_42_8481_5241,0,0,6.799727,405654,G1,UPI
TX_42_8482_2041,0,0,5.184611,133143,G1,UPI
TX_42_8483_6437,0,0,6.415841,435286,G2,UPI
TX_42_8484_1232,0,0,7.187966,197585,G2,UPI
TX_42_8485_1436,1,1,157.2542,373489,G1,CARD
TX_42_8486_1601,0,0,8.283172,202260,G3,CARD
TX_42_8487_6328,1,1,55.635943,268095,G1,UPI
TX_42_8488_4559,0,0,5.251291,117661,G3,UPI
TX_42_8489_9139,0,0,9.61236,338842,G2,UPI
TX_42_848_7370,0,0,8.935356,198316,G2,CARD
TX_42_8490_3734,1,1,260.667706,136051,G2,UPI
TX_42_8491_5272,0,0,4.740079,318512,G2,UPI
TX_42_8492_5930,0,0,4.8905899999999995,316830,G1,NETBANKING
TX_42_8494_3350,0,0,5.16595,552721,G2,NETBANKING
TX_42_8495_2621,0,0,8.174952,255143,G1,CARD
TX_42_8496_5578,0,0,9.183838,69254,G2,NETBANKING
TX_42_8497_2650,0,0,7.689806,376002,G1,CARD
TX_42_8498_9495,0,0,8.384257999999999,558057,G1,CARD
TX_42_8499_3888,0,0,9.275031,314006,G4,CARD
TX_42_849_8546,0,0,7.323612,424251,G2,WALLET
TX_42_8500_5952,0,0,7.017766,279614,G3,WALLET
TX_42_8501_7136,0,0,5.204806,171397,G2,UPI
TX_42_8503_1543,1,1,197.102839,609607,G2,UPI
TX_42_8504_7148,1,1,260.375338,410813,G2,UPI
TX_42_8505_3129,0,0,4.19843,512449,G1,UPI
TX_42_8506_6491,0,0,6.611943,375388,G2,UPI
TX_42_8507_1860,0,0,3.358128,389100,G2,WALLET
TX_42_850_9621,0,0,8.628226,141766,G3,UPI
TX_42_8510_6344,0,0,5.632897,325025,G1,CARD
TX_42_8511_9459,0,0,7.14089,383488,G2,UPI
TX_42_8512_3221,0,0,8.322207,540217,G4,CARD
TX_42_8513_6752,1,1,277.764828,296587,G3,NETBANKING
TX_42_8514_6863,0,0,7.086567,356794,G1,UPI
TX_42_8515_8068,1,1,202.563322,351434,G2,UPI
TX_42_8516_7685,0,0,7.169371,198785,G1,UPI
TX_42_8518_5153,0,0,7.749562,190757,G1,UPI
TX_42_8519_8792,1,1,258.26909,210213,G1,UPI
TX_42_851_5533,0,0,7.955221,171427,G3,UPI
TX_42_8520_6716,0,0,5.339455,356727,G3,CARD
TX_42_8521_1659,0,0,5.905887,233339,G2,CARD
TX_42_8524_4876,0,0,5.627947,323653,G3,WALLET
TX_42_8525_1663,0,0,6.769582,97330,G2,UPI
TX_42_8527_6642,0,0,7.610613,395277,G2,WALLET
TX_42_8528_1601,0,0,8.571636,169451,G1,UPI
TX_42_8529_5843,0,0,6.349718,105361,G3,UPI
TX_42_852_5210,0,0,6.08405,215035,G1,CARD
TX_42_8530_6354,0,0,6.985648,304436,G1,WALLET
TX_42_8533_7826,0,0,7.459908,110913,G2,CARD
TX_42_8534_5707,0,0,6.017508,142593,G2,WALLET
TX_42_8535_5203,0,0,5.744632,145641,G1,NETBANKING
TX_42_8536_8984,0,0,5.322112,432727,G2,UPI
TX_42_8537_9042,0,0,6.494975,581455,G4,CARD
TX_42_8538_2229,1,1,158.848801,105393,G4,UPI
TX_42_8539_5848,0,0,10.204681,178576,G4,UPI
TX_42_853_2132,0,0,8.342067,246249,G3,WALLET
TX_42_8540_3651,0,0,7.425564,127402,G1,UPI
TX_42_8541_3359,0,0,8.529739,328774,G1,UPI
TX_42_8542_2484,0,0,7.741015,101779,G1,UPI
TX_42_8543_1673,0,0,5.390255,241475,G4,UPI
TX_42_8544_5989,0,0,4.912782,126517,G1,UPI
TX_42_8545_7937,0,0,7.087919,498820,G1,UPI
TX_42_8546_1933,0,0,6.416931,261822,G1,WALLET
TX_42_8548_1250,1,1,282.726881,360153,G1,UPI
TX_42_8549_3908,0,0,6.505133,224499,G2,UPI
TX_42_8550_7801,0,0,5.528116,388440,G2,UPI
TX_42_8551_5060,0,0,10.880126,191064,G1,UPI
TX_42_8554_5985,0,0,6.23311,386188,G4,UPI
TX_42_8555_8719,0,0,8.115737,355399,G4,UPI
TX_42_8556_6650,0,0,8.093663,298550,G2,UPI
TX_42_8558_2360,0,0,7.959707,123145,G1,UPI
TX_42_8559_7869,0,0,7.532746,419479,G2,CARD
TX_42_8560_1150,0,0,6.574223,284471,G2,NETBANKING
TX_42_8561_6515,0,0,6.663463,136643,G2,CARD
TX_42_8562_2704,0,0,6.158667,220919,G3,UPI
TX_42_8563_5628,0,0,8.968174,292479,G2,UPI
TX_42_8564_9290,0,0,5.371765,355636,G2,NETBANKING
TX_42_8565_9223,0,0,3.231119,94077,G1,UPI
TX_42_8566_1197,0,0,9.493809,178307,G1,UPI
TX_42_8567_7405,0,0,6.14251,417236,G2,CARD
TX_42_8568_3037,1,1,247.382599,629811,G3,NETBANKING
TX_42_8569_6010,1,1,79.661113,312850,G2,WALLET
TX_42_856_2274,0,0,5.835537,421248,G2,UPI
TX_42_8571_3912,1,1,272.27091,109933,G3,UPI
TX_42_8573_2211,0,0,7.414724,123976,G1,CARD
TX_42_8575_8824,0,0,4.720709,59610,G4,UPI
TX_42_8576_4125,0,0,6.268328,294329,G1,CARD
TX_42_8577_8820,0,0,8.561114,179455,G1,UPI
TX_42_8578_6036,0,0,7.065986,320788,G2,WALLET
TX_42_8579_9592,0,0,7.826089,225834,G1,UPI
TX_42_8581_6108,0,0,6.784652,69565,G2,UPI
TX_42_8582_4231,0,0,7.7382349999999995,204915,G1,UPI
TX_42_8583_4168,0,0,7.749376,43534,G1,CARD
TX_42_8584_6714,0,0,5.934771,107380,G1,UPI
TX_42_8586_4186,1,1,55.429664,503467,G2,UPI
TX_42_8587_7239,0,0,10.038851,156754,G4,UPI
TX_42_8588_8700,0,0,5.972917,414521,G3,WALLET
TX_42_8589_9635,0,0,9.341214,209543,G1,NETBANKING
TX_42_858_6818,0,0,4.850702,435735,G2,UPI
TX_42_8590_4549,0,0,9.697401,330379,G1,UPI
TX_42_8591_9762,0,0,8.552635,100370,G1,UPI
TX_42_8592_9875,0,0,8.131671,143465,G1,WALLET
TX_42_8594_2279,1,1,288.64574,116893,G3,UPI
TX_42_8595_1341,0,0,9.572589,229494,G1,CARD
TX_42_8596_2304,0,0,9.017595,570832,G2,UPI
TX_42_8597_7346,0,0,5.216589,105173,G1,NETBANKING
TX_42_8598_1574,1,1,118.786398,498595,G1,CARD
TX_42_8599_7513,1,1,185.189359,247885,G2,UPI
TX_42_859_2289,0,0,6.27204,233670,G2,CARD
TX_42_85_3728,0,0,4.989379,383103,G3,CARD
TX_42_8600_7093,1,1,87.788791,158773,G3,CARD
TX_42_8601_6249,0,0,7.203672,507923,G2,UPI
TX_42_8602_5166,0,0,5.432546,76567,G2,CARD
TX_42_8603_8416,0,0,9.761802,365069,G2,UPI
TX_42_8605_1371,0,0,4.694388,136113,G4,UPI
TX_42_8606_3513,0,0,8.878947,122865,G1,CARD
TX_42_8607_7043,0,0,9.030399,68076,G1,CARD
TX_42_8608_8218,0,0,8.554279,385277,G1,CARD
TX_42_8609_7723,1,1,81.147383,287951,G3,UPI
TX_42_860_4140,0,0,7.947425,196300,G3,UPI
TX_42_8610_1875,0,0,4.686047,207985,G2,UPI
TX_42_8612_6297,0,0,8.50554,80474,G1,UPI
TX_42_8613_1585,0,0,9.890262,317206,G4,UPI
TX_42_8614_7925,0,0,8.646081,113272,G1,UPI
TX_42_8615_6310,0,0,7.266499,245566,G2,WALLET
TX_42_8616_5517,0,0,6.625819,273632,G1,NETBANKING
TX_42_8618_1188,0,0,4.88866,111188,G2,WALLET
TX_42_8619_6340,0,0,7.051761,79605,G1,CARD
TX_42_861_8312,0,0,7.348696,227550,G1,UPI
TX_42_8621_2391,0,0,9.233231,281314,G1,UPI
TX_42_8622_2108,0,0,6.712917,349586,G2,NETBANKING
TX_42_8623_1452,0,0,4.533107,203728,G1,CARD
TX_42_8624_7936,0,0,9.759549,321471,G1,CARD
TX_42_8625_7877,0,0,6.958026,288414,G3,UPI
TX_42_8626_7626,0,0,7.239349,565786,G2,CARD
TX_42_8627_2530,0,0,6.651253,159792,G3,CARD
TX_42_8628_7711,0,0,8.709154,409616,G1,CARD
TX_42_8629_9360,0,0,4.875361,125174,G1,NETBANKING
TX_42_862_2070,0,0,9.231876,452446,G3,UPI
TX_42_8630_9962,0,0,4.821979,163223,G1,CARD
TX_42_8632_8204,0,0,5.386191,153045,G1,UPI
TX_42_8633_4564,0,0,6.960603,63744,G1,CARD
TX_42_8634_4487,0,0,8.939991,146893,G2,CARD
TX_42_8635_6567,0,0,7.133587,545183,G2,CARD
TX_42_8636_3861,0,0,7.871776,101137,G2,NETBANKING
TX_42_8637_3080,0,0,3.5030390000000002,405298,G2,UPI
TX_42_8638_8960,0,0,8.337232,260516,G4,UPI
TX_42_863_8641,0,0,5.703332,100492,G1,CARD
TX_42_8640_2453,0,0,6.362158,101413,G1,CARD
TX_42_8642_7024,0,0,4.069779,365568,G1,CARD
TX_42_8643_5231,0,0,5.133965,91059,G2,NETBANKING
TX_42_8644_6800,0,0,6.643562,161014,G3,UPI
TX_42_8647_3871,0,0,9.032158,541236,G3,UPI
TX_42_8648_3877,0,0,5.53655,262766,G3,UPI
TX_42_8649_7749,0,0,7.118851,156467,G2,CARD
TX_42_864_7044,0,0,4.926297,97430,G2,WALLET
TX_42_8650_8481,1,1,254.805144,109286,G3,UPI
TX_42_8651_6238,0,0,7.920521,224315,G2,NETBANKING
TX_42_8653_6297,0,0,6.9837620000000005,396314,G2,CARD
TX_42_8654_5915,0,0,9.761898,632182,G3,UPI
TX_42_8655_3838,0,0,5.351846,490536,G1,CARD
TX_42_8657_6432,1,1,194.626749,203851,G2,NETBANKING
TX_42_8658_7243,0,0,9.835297,54475,G3,UPI
TX_42_8659_2212,1,1,280.646044,111776,G2,CARD
TX_42_8662_5741,0,0,5.923431,123422,G1,UPI
TX_42_8663_6701,0,0,7.182213,421360,G3,NETBANKING
TX_42_8664_3658,0,0,3.309916,304400,G1,CARD
TX_42_8666_3577,0,0,7.397679,152399,G2,UPI
TX_42_8667_8401,0,0,7.535219,147371,G3,NETBANKING
TX_42_8668_3319,0,0,9.152243,548737,G1,CARD
TX_42_8669_1505,0,0,9.127804,164435,G2,UPI
TX_42_866_3981,0,0,5.524097,210397,G1,UPI
TX_42_8670_1267,0,0,5.877363,234753,G1,NETBANKING
TX_42_8671_6683,0,0,6.919545,114511,G2,UPI
TX_42_8672_9559,0,0,7.017305,107915,G1,UPI
TX_42_8673_6116,0,0,5.8447569999999995,94218,G1,NETBANKING
TX_42_8674_4720,1,1,248.678013,358614,G2,UPI
TX_42_8675_8541,0,0,5.9797460000000004,167870,G1,CARD
TX_42_8676_2894,0,0,7.176517,412559,G1,NETBANKING
TX_42_8677_5463,0,0,9.397291,315571,G4,UPI
TX_42_8678_4829,0,0,10.166185,188836,G3,UPI
TX_42_8679_5722,0,0,5.849177,210324,G1,UPI
TX_42_8680_1089,1,1,216.345055,390078,G2,UPI
TX_42_8681_5203,0,0,6.583484,427818,G1,UPI
TX_42_8682_6258,0,0,7.907451,145465,G3,UPI
TX_42_8684_9907,0,0,8.374642,54462,G2,WALLET
TX_42_8685_2068,1,1,217.726728,176335,G3,CARD
TX_42_8686_8945,0,0,5.753216,129762,G3,UPI
TX_42_8687_7435,1,1,34.273984,205737,G2,UPI
TX_42_8689_7552,0,0,7.823206,261114,G3,UPI
TX_42_868_1029,0,0,6.867158,96749,G1,UPI
TX_42_8691_6013,0,0,7.982187,139476,G4,UPI
TX_42_8692_4126,1,1,117.263519,202350,G3,WALLET
TX_42_8693_3755,0,0,3.5097490000000002,397401,G3,NETBANKING
TX_42_8694_1217,0,0,7.577217,458431,G2,UPI
TX_42_8695_1248,0,0,7.853678,76266,G1,UPI
TX_42_8696_8240,0,0,7.087791,426229,G1,CARD
TX_42_8697_9244,0,0,5.827814,149030,G1,CARD
TX_42_8699_4116,0,0,7.096052,385506,G2,UPI
TX_42_869_1712,0,0,7.764646,453212,G4,UPI
TX_42_86_7269,0,0,7.7278210000000005,177690,G2,CARD
TX_42_8701_8573,0,0,5.135927,95781,G1,UPI
TX_42_8702_8961,0,0,8.291526,426985,G1,WALLET
TX_42_8703_8655,0,0,4.6881699999999995,238392,G2,WALLET
TX_42_8704_8610,0,0,7.372997,322836,G1,UPI
TX_42_8705_2782,0,0,5.288826,543137,G3,NETBANKING
TX_42_8706_2699,1,1,188.89538,211136,G3,UPI
TX_42_8707_9167,0,0,7.711329,127522,G3,UPI
TX_42_8709_5839,0,0,6.549919,80230,G4,NETBANKING
TX_42_870_1240,0,0,4.987959,342780,G4,UPI
TX_42_8710_5655,0,0,9.913164,190239,G1,CARD
TX_42_8711_3471,0,0,6.643929,108062,G3,UPI
TX_42_8713_5476,0,0,8.968097,87152,G3,CARD
TX_42_8714_6807,0,0,8.745226,95961,G1,UPI
TX_42_8715_5278,0,0,6.714364,79050,G4,UPI
TX_42_8716_9420,0,0,7.534704,349422,G1,NETBANKING
TX_42_8718_3312,0,0,4.886946,206628,G2,NETBANKING
TX_42_8719_4173,0,0,8.088455,443000,G2,WALLET
TX_42_871_3355,0,0,8.12116,261603,G2,UPI
TX_42_8720_8116,1,1,199.993501,368662,G1,CARD
TX_42_8722_4807,0,0,8.140622,130808,G1,NETBANKING
TX_42_8723_6007,1,1,39.768645,172002,G2,UPI
TX_42_8724_3356,0,0,7.781001,95103,G2,UPI
TX_42_8727_5700,0,0,7.808622,206526,G1,UPI
TX_42_8728_9839,0,0,7.720775,622308,G1,UPI
TX_42_8729_5340,0,0,6.243063,290332,G4,CARD
TX_42_872_2093,0,0,6.71841,143533,G3,CARD
TX_42_8730_9381,0,0,7.482113,82236,G1,WALLET
TX_42_8732_5226,0,0,5.555438,440747,G1,CARD
TX_42_8733_9663,0,0,5.79302,407634,G1,UPI
TX_42_8734_3668,0,0,8.537954,454753,G2,CARD
TX_42_8735_6543,0,0,3.803547,81291,G1,NETBANKING
TX_42_8736_5786,1,1,188.42949,221189,G2,UPI
TX_42_8737_7621,1,1,28.12602,301387,G2,UPI
TX_42_8739_4621,0,0,7.795709,64943,G3,UPI
TX_42_873_7504,0,0,5.141106,131393,G1,CARD
TX_42_8740_8873,0,0,8.577015,147282,G4,UPI
TX_42_8741_8737,0,0,7.144804,467414,G3,CARD
TX_42_8742_7200,0,0,4.989574,565785,G2,UPI
TX_42_8743_8802,1,1,299.013542,166960,G2,CARD
TX_42_8744_8450,0,0,9.418524,181428,G2,UPI
TX_42_8745_4445,0,0,4.069894,96526,G2,CARD
TX_42_8746_7015,0,0,7.913613,413378,G2,CARD
TX_42_8747_2909,0,0,6.824381,43922,G1,CARD
TX_42_8749_8863,1,1,95.507832,153175,G2,NETBANKING
TX_42_874_3364,1,1,201.135872,427919,G1,UPI
TX_42_8751_2242,0,0,8.885387,188066,G4,NETBANKING
TX_42_8752_7562,0,0,5.657361,178026,G2,UPI
TX_42_8753_3362,0,0,8.266361,97496,G1,WALLET
TX_42_8756_1954,0,0,6.567818,183766,G3,CARD
TX_42_8757_6329,1,1,248.052288,271237,G2,NETBANKING
TX_42_875_2116,1,1,290.424773,209751,G3,CARD
TX_42_8761_3844,0,0,9.041225,238990,G2,UPI
TX_42_8762_4599,0,0,10.095582,78622,G2,UPI
TX_42_8763_6380,0,0,5.656753,155321,G4,UPI
TX_42_8764_1584,1,1,289.051538,172518,G4,UPI
TX_42_8765_7868,0,0,9.755517,153499,G1,NETBANKING
TX_42_8766_4522,0,0,6.734717,355269,G2,UPI
TX_42_8767_4932,0,0,10.281391,140260,G2,WALLET
TX_42_8768_7888,0,0,5.687866,354022,G1,UPI
TX_42_876_8087,0,0,4.342246,147147,G3,UPI
TX_42_8770_3198,0,0,8.678545,371808,G3,UPI
TX_42_8771_7623,1,1,188.045056,269568,G1,UPI
TX_42_8772_4679,1,1,197.832642,214443,G3,WALLET
TX_42_8774_4687,0,0,5.592622,170038,G1,NETBANKING
TX_42_8776_1354,0,0,8.662054,165912,G1,UPI
TX_42_8778_6000,0,0,6.659069,207378,G3,UPI
TX_42_8780_5837,0,0,7.13346,348397,G2,NETBANKING
TX_42_8781_2091,1,1,195.256862,119810,G3,UPI
TX_42_8782_8585,0,0,9.689313,137256,G1,UPI
TX_42_8783_4188,0,0,6.449565,203052,G2,CARD
TX_42_8784_7564,0,0,6.798754,274805,G2,UPI
TX_42_8785_8438,0,0,5.310443,329466,G4,UPI
TX_42_8786_3479,0,0,6.642418,229063,G4,CARD
TX_42_8787_1641,0,0,5.969844,563078,G2,UPI
TX_42_8788_8783,0,0,6.572042,296819,G3,CARD
TX_42_8789_4454,0,0,7.764753,103026,G1,CARD
TX_42_878_3594,0,0,7.8494209999999995,143493,G4,UPI
TX_42_8793_3562,0,0,8.723385,314442,G1,CARD
TX_42_8794_5575,0,0,7.060379,228679,G3,CARD
TX_42_8795_9091,0,0,7.324328,137805,G1,CARD
TX_42_8796_6347,0,0,5.54712,472614,G2,CARD
TX_42_8797_2422,0,0,5.324703,183839,G2,UPI
TX_42_8798_1640,0,0,8.067221,403870,G2,UPI
TX_42_8799_2379,0,0,5.659731,167047,G2,WALLET
TX_42_87_7257,0,0,5.198921,360782,G1,CARD
TX_42_8800_1470,0,0,5.798167,201751,G2,NETBANKING
TX_42_8802_5326,0,0,8.924429,237050,G1,NETBANKING
TX_42_8803_1049,0,0,4.944988,484711,G4,CARD
TX_42_8804_2453,0,0,4.924425,404917,G3,NETBANKING
TX_42_8805_1965,0,0,5.373759,355147,G1,UPI
TX_42_8806_5257,0,0,4.869588,99061,G2,CARD
TX_42_8807_2836,0,0,5.92432,308111,G1,WALLET
TX_42_8808_8759,0,0,6.720902,337545,G1,CARD
TX_42_8809_2438,0,0,7.833325,135286,G3,UPI
TX_42_8810_5771,0,0,5.703186,126666,G2,UPI
TX_42_8811_4949,0,0,7.025212,574027,G2,UPI
TX_42_8812_9960,1,1,184.663676,272912,G1,NETBANKING
TX_42_8813_5629,0,0,7.318928,297082,G1,WALLET
TX_42_8814_5458,1,1,237.196876,281375,G2,UPI
TX_42_8815_4894,0,0,6.798236,574459,G4,WALLET
TX_42_8816_5820,0,0,4.790132,114071,G1,UPI
TX_42_8817_7885,0,0,6.908131,328846,G1,UPI
TX_42_8818_8540,0,0,7.733478,459971,G2,CARD
TX_42_8819_7598,0,0,10.875776,196837,G2,UPI
TX_42_881_8519,0,0,8.732786,408597,G3,CARD
TX_42_8820_9395,1,1,308.012463,133862,G3,WALLET
TX_42_8821_6864,0,0,4.160386,103496,G4,CARD
TX_42_8822_5543,0,0,6.879765,122213,G1,NETBANKING
TX_42_8823_2337,0,0,7.601387,207578,G4,UPI
TX_42_8824_9661,0,0,6.023273,109378,G3,CARD
TX_42_8826_3463,0,0,7.146282,437419,G1,UPI
TX_42_8827_2558,1,1,87.784236,507827,G1,UPI
TX_42_8828_3613,0,0,6.583048,358884,G1,WALLET
TX_42_8829_2879,0,0,6.009207,122799,G3,UPI
TX_42_882_4557,1,1,42.947236,226972,G1,UPI
TX_42_8830_6080,0,0,7.836166,177949,G4,CARD
TX_42_8832_1102,0,0,6.132411,462858,G1,UPI
TX_42_8835_8907,0,0,8.462062,312214,G4,CARD
TX_42_8836_3477,1,1,98.50557,430060,G2,UPI
TX_42_8837_2314,0,0,4.248992,328034,G1,UPI
TX_42_8838_1270,0,0,6.21779,112759,G1,CARD
TX_42_8839_6075,1,1,259.034893,301584,G3,UPI
TX_42_8840_4177,0,0,6.496936,311248,G1,UPI
TX_42_8842_1029,1,1,241.467742,242382,G1,CARD
TX_42_8843_3100,0,0,9.338784,134007,G1,UPI
TX_42_8844_3808,0,0,5.93458,346663,G1,CARD
TX_42_8845_7185,0,0,7.811492,406705,G3,UPI
TX_42_8847_5905,0,0,4.090275,176018,G2,UPI
TX_42_8848_3710,0,0,9.556817,29486,G3,UPI
TX_42_8849_2293,0,0,6.364762,349075,G1,NETBANKING
TX_42_884_4590,0,0,8.835591,74097,G3,CARD
TX_42_8850_4159,0,0,8.376968,346174,G2,CARD
TX_42_8851_7756,0,0,4.669937,70948,G2,WALLET
TX_42_8852_3281,0,0,8.521715,207711,G2,UPI
TX_42_8853_3211,0,0,8.356964,331280,G3,CARD
TX_42_8854_9869,0,0,5.560079,147896,G1,UPI
TX_42_8855_6389,1,1,25.969763,347369,G2,CARD
TX_42_8857_9631,1,1,39.283012,262550,G2,CARD
TX_42_8858_5542,1,1,95.070051,213673,G1,CARD
TX_42_8859_2244,0,0,4.270554,494618,G2,CARD
TX_42_885_6710,0,0,7.170411,406836,G2,CARD
TX_42_8860_5860,0,0,7.213119,177014,G3,WALLET
TX_42_8861_9937,0,0,4.678807,132507,G1,UPI
TX_42_8862_6298,0,0,5.783612,77422,G2,WALLET
TX_42_8863_7409,0,0,10.33917,117291,G1,CARD
TX_42_8864_4480,0,0,7.318435,169677,G1,UPI
TX_42_8867_8621,0,0,7.9602129999999995,222811,G1,CARD
TX_42_8868_1276,0,0,8.092497,153635,G1,UPI
TX_42_886_6101,0,0,8.11302,501562,G1,CARD
TX_42_8871_8715,0,0,6.648733,507360,G2,UPI
TX_42_8872_1997,0,0,9.113112,48654,G1,WALLET
TX_42_8873_8469,1,1,141.358088,421317,G1,CARD
TX_42_8875_7955,0,0,9.674259,160199,G3,WALLET
TX_42_8876_2253,0,0,5.543187,261296,G1,CARD
TX_42_8877_2836,0,0,8.315334,97720,G4,UPI
TX_42_8878_4570,0,0,4.670059,564417,G4,UPI
TX_42_8879_6094,0,0,7.254329,282386,G4,CARD
TX_42_887_7919,0,0,7.298507,132407,G1,UPI
TX_42_8880_2777,0,0,7.457193,160664,G2,WALLET
TX_42_8881_7259,0,0,6.661642,163736,G1,UPI
TX_42_8882_7864,1,1,220.950425,123341,G4,NETBANKING
TX_42_8884_6918,1,1,243.720426,221827,G1,NETBANKING
TX_42_8885_5821,1,1,33.004358,228885,G2,NETBANKING
TX_42_8886_7657,1,1,183.779244,160414,G4,CARD
TX_42_8887_3189,0,0,8.91263,245154,G1,UPI
TX_42_8888_5736,0,0,6.380181,144272,G2,UPI
TX_42_8889_8650,0,0,7.674708,202458,G1,CARD
TX_42_888_9295,0,0,6.787632,41788,G1,UPI
TX_42_8890_6635,0,0,6.077881,647656,G2,NETBANKING
TX_42_8891_4275,0,0,7.852632,177395,G2,UPI
TX_42_8895_8254,0,0,5.579013,354289,G3,UPI
TX_42_8896_1626,0,0,6.813246,407309,G2,NETBANKING
TX_42_8897_4162,0,0,9.971471,154306,G1,WALLET
TX_42_8898_3905,1,1,205.561991,225122,G3,UPI
TX_42_8899_2154,0,0,5.6949819999999995,379165,G4,CARD
TX_42_889_8962,0,0,5.6032720000000005,458218,G2,WALLET
TX_42_8900_2846,1,1,316.724113,124510,G1,CARD
TX_42_8901_5110,0,0,8.568678,126909,G4,CARD
TX_42_8902_9683,0,0,8.38393,239225,G3,WALLET
TX_42_8903_4902,0,0,4.968739,570081,G3,UPI
TX_42_8904_9180,1,1,181.558317,277305,G4,UPI
TX_42_8905_6065,0,0,8.123233,132748,G1,CARD
TX_42_8908_5635,1,1,112.406095,195784,G2,CARD
TX_42_890_3672,0,0,4.242343,422325,G1,NETBANKING
TX_42_8910_1798,0,0,7.569279,515647,G2,CARD
TX_42_8912_3919,0,0,4.907256,215242,G2,CARD
TX_42_8913_5793,0,0,6.396898,122732,G1,NETBANKING
TX_42_8914_7439,0,0,8.397127,99635,G4,NETBANKING
TX_42_8916_3310,0,0,6.166985,331588,G2,UPI
TX_42_8917_2595,0,0,5.610735,202638,G1,CARD
TX_42_8918_7738,0,0,6.493726,210567,G1,WALLET
TX_42_8919_9633,0,0,5.022755,128796,G2,CARD
TX_42_891_6120,1,1,250.679861,314347,G2,CARD
TX_42_8921_6957,0,0,6.419693,491260,G2,UPI
TX_42_8922_4864,0,0,6.329014,368807,G4,NETBANKING
TX_42_8923_9617,0,0,9.856297,386357,G3,CARD
TX_42_8924_9490,0,0,3.97018,383744,G2,NETBANKING
TX_42_8926_9996,0,0,7.512414,139416,G1,WALLET
TX_42_8927_2278,1,1,250.882703,504441,G1,CARD
TX_42_8928_7798,1,1,132.003127,398760,G3,WALLET
TX_42_892_6088,0,0,3.73668,158423,G1,CARD
TX_42_8930_6680,1,1,79.461814,358672,G3,WALLET
TX_42_8931_7972,0,0,6.148256,315877,G1,NETBANKING
TX_42_8932_4825,0,0,9.110297,385373,G3,NETBANKING
TX_42_8933_8704,0,0,8.271017,487699,G3,UPI
TX_42_8935_7431,0,0,7.423776,342305,G1,UPI
TX_42_8936_7414,0,0,7.263943,82256,G1,UPI
TX_42_8937_3727,0,0,8.085927,177986,G1,UPI
TX_42_8938_9289,0,0,6.9995709999999995,102853,G2,UPI
TX_42_8939_2355,0,0,7.515022,127373,G3,CARD
TX_42_893_7707,0,0,6.295862,473130,G2,UPI
TX_42_8940_6326,1,1,254.638272,87994,G4,UPI
TX_42_8943_4969,0,0,9.877416,500216,G2,UPI
TX_42_8944_7966,0,0,7.787929,275072,G2,NETBANKING
TX_42_8945_4900,1,1,103.435648,300617,G1,UPI
TX_42_8946_5194,0,0,7.579766,283849,G2,CARD
TX_42_8947_7266,0,0,7.535195,386311,G2,CARD
TX_42_8948_7975,0,0,5.8979859999999995,143060,G4,WALLET
TX_42_8949_2666,0,0,8.417471,167501,G1,UPI
TX_42_8950_4550,0,0,6.562844,179926,G2,WALLET
TX_42_8951_9545,0,0,6.52878,112806,G2,UPI
TX_42_8952_9597,0,0,5.632762,420196,G4,UPI
TX_42_8953_6067,1,1,31.217671,534990,G2,CARD
TX_42_8954_7395,0,0,7.56405,131855,G1,UPI
TX_42_8955_4244,0,0,8.384629,259657,G2,NETBANKING
TX_42_8956_9526,0,0,8.078845,91381,G2,NETBANKING
TX_42_8957_4231,0,0,5.085385,364102,G1,CARD
TX_42_8958_6400,0,0,8.540382,149677,G1,WALLET
TX_42_8959_6620,0,0,9.125298,388710,G1,NETBANKING
TX_42_8960_2831,1,1,76.223664,366802,G1,UPI
TX_42_8961_5737,0,0,6.738952,224610,G1,CARD
TX_42_8962_4332,1,1,95.966535,263578,G1,UPI
TX_42_8963_6220,0,0,5.801382,51597,G1,UPI
TX_42_8964_4746,0,0,8.094472,405224,G3,CARD
TX_42_8966_3584,0,0,7.293527,130554,G2,NETBANKING
TX_42_8967_4857,0,0,5.9284040000000005,254328,G1,NETBANKING
TX_42_8968_1698,0,0,3.69335,367352,G4,UPI
TX_42_8969_9963,0,0,8.598902,157840,G4,UPI
TX_42_896_8432,0,0,7.574996,278529,G1,UPI
TX_42_8970_4899,0,0,4.232737,475819,G1,NETBANKING
TX_42_8971_2145,0,0,6.320304,61032,G1,UPI
TX_42_8973_9759,1,1,300.330825,73679,G3,UPI
TX_42_8974_7200,0,0,4.953856,339893,G3,WALLET
TX_42_8975_8238,0,0,5.293249,123335,G1,UPI
TX_42_8977_5455,0,0,11.26847,225905,G2,NETBANKING
TX_42_8979_7836,0,0,5.156174,42857,G4,NETBANKING
TX_42_897_6820,0,0,6.7376190000000005,274487,G3,UPI
TX_42_8980_4395,0,0,6.93488,501372,G2,UPI
TX_42_8981_4047,0,0,7.333939,357306,G1,UPI
TX_42_8983_5216,0,0,6.755543,256104,G1,UPI
TX_42_8984_6479,0,0,8.242406,280418,G1,UPI
TX_42_8985_2461,0,0,9.816089999999999,159196,G2,CARD
TX_42_8986_5681,0,0,6.213887,143407,G2,CARD
TX_42_8987_2100,0,0,8.658054,186398,G3,WALLET
TX_42_8988_9929,0,0,5.526188,140610,G1,UPI
TX_42_8989_2547,0,0,9.627239,426915,G1,UPI
TX_42_898_9027,1,1,260.614039,173543,G4,UPI
TX_42_8990_4773,0,0,8.163503,210118,G1,UPI
TX_42_8991_1066,0,0,7.297873,177824,G3,UPI
TX_42_8993_9254,0,0,8.641836,240583,G1,UPI
TX_42_8994_8784,0,0,5.6307469999999995,138007,G3,UPI
TX_42_8995_7858,0,0,9.188048,96832,G2,CARD
TX_42_8996_2260,1,1,275.705583,313685,G2,CARD
TX_42_8997_3817,0,0,5.574042,214687,G2,UPI
TX_42_8998_4763,0,0,6.103045,152236,G1,WALLET
TX_42_8999_5481,0,0,8.206278,717294,G1,CARD
TX_42_899_2744,0,0,5.417789,102470,G1,UPI
TX_42_8_8069,1,1,301.717992,423385,G1,UPI
TX_42_9001_5107,0,0,5.028707,153178,G3,UPI
TX_42_9002_4113,0,0,4.8498280000000005,85705,G2,CARD
TX_42_9004_6727,0,0,7.783143,170286,G3,WALLET
TX_42_9005_6560,0,0,8.018813,249806,G2,NETBANKING
TX_42_9006_2122,1,1,184.73664,125017,G2,UPI
TX_42_9007_3930,0,0,6.851307,100706,G2,UPI
TX_42_9008_8971,0,0,6.080669,473352,G1,CARD
TX_42_9009_2566,0,0,9.73844,178232,G4,UPI
TX_42_900_3200,0,0,6.437006,298896,G1,UPI
TX_42_9010_1068,0,0,5.520432,178161,G3,UPI
TX_42_9011_7252,0,0,6.491583,190747,G2,UPI
TX_42_9012_1315,0,0,7.987712,154017,G4,WALLET
TX_42_9013_4438,1,1,301.756158,483730,G1,UPI
TX_42_9014_9780,0,0,5.888988,488194,G1,CARD
TX_42_9015_3410,0,0,5.875634,577495,G3,CARD
TX_42_9016_2896,0,0,4.620332,409093,G3,UPI
TX_42_9017_3891,0,0,4.924425,225871,G3,CARD
TX_42_9018_5207,0,0,6.252907,223090,G1,CARD
TX_42_9019_2599,0,0,5.475585,375023,G1,CARD
TX_42_901_7764,0,0,8.079437,191250,G1,UPI
TX_42_9020_5362,0,0,7.481386,208509,G2,CARD
TX_42_9023_3711,0,0,6.744938,203783,G1,WALLET
TX_42_9025_7448,0,0,4.693194,369125,G2,UPI
TX_42_9026_7801,0,0,9.688275,538420,G2,NETBANKING
TX_42_9027_9151,0,0,6.6330919999999995,112848,G2,CARD
TX_42_9028_8591,0,0,9.736979999999999,541654,G4,UPI
TX_42_9029_1500,1,1,10.613029000000001,474569,G2,CARD
TX_42_902_3741,0,0,6.341424,326998,G1,UPI
TX_42_9030_8943,0,0,6.479027,212578,G1,CARD
TX_42_9031_2358,1,1,109.435274,202733,G1,CARD
TX_42_9032_2222,0,0,5.942444,322219,G2,NETBANKING
TX_42_9033_8493,1,1,274.144011,292461,G3,UPI
TX_42_9034_7671,0,0,5.861475,189885,G1,UPI
TX_42_9038_3010,0,0,5.984386,161549,G3,UPI
TX_42_9039_2639,0,0,7.815681,140391,G3,WALLET
TX_42_903_3232,0,0,3.640865,118388,G2,CARD
TX_42_9041_6733,0,0,3.4624610000000002,531305,G1,UPI
TX_42_9042_2733,1,1,269.401771,224656,G1,WALLET
TX_42_9043_3688,0,0,5.287753,119769,G2,WALLET
TX_42_9045_1545,1,1,170.683863,238663,G1,CARD
TX_42_9046_7942,0,0,10.075804,247182,G3,UPI
TX_42_9047_5663,0,0,6.240586,371160,G2,CARD
TX_42_9048_3357,0,0,9.710725,543769,G4,UPI
TX_42_9049_5813,0,0,7.188549,73015,G1,UPI
TX_42_904_9964,0,0,9.325526,132179,G2,CARD
TX_42_9050_9851,1,1,33.4763,472931,G2,UPI
TX_42_9051_1467,0,0,5.824823,357461,G1,CARD
TX_42_9053_6882,0,0,6.342172,150772,G3,UPI
TX_42_9054_9676,1,1,62.952701,394712,G2,UPI
TX_42_9056_6722,0,0,5.282994,194782,G1,UPI
TX_42_9057_2269,1,1,182.081457,115820,G1,CARD
TX_42_9058_4052,0,0,7.712226,676449,G4,NETBANKING
TX_42_9059_9296,0,0,5.882134,475409,G2,UPI
TX_42_905_1954,0,0,8.022629,187331,G2,CARD
TX_42_9061_2822,0,0,5.633701,131766,G2,UPI
TX_42_9062_4521,0,0,8.126289,260412,G2,CARD
TX_42_9064_1576,0,0,6.347187,236306,G1,UPI
TX_42_9065_1716,0,0,8.52381,187347,G3,CARD
TX_42_9066_1593,0,0,4.870811,308275,G4,UPI
TX_42_9067_6766,0,0,7.128911,308091,G2,UPI
TX_42_9068_1420,0,0,4.418727,55253,G3,UPI
TX_42_9069_2178,0,0,9.215152,361804,G1,UPI
TX_42_906_9588,0,0,7.530959,161357,G1,UPI
TX_42_9071_8712,0,0,9.111017,150977,G2,WALLET
TX_42_9072_9708,0,0,3.644456,251049,G2,WALLET
TX_42_9074_2936,1,1,105.567673,274641,G1,UPI
TX_42_9075_2660,0,0,8.092906,456315,G4,UPI
TX_42_9076_6099,0,0,8.320686,246602,G1,UPI
TX_42_9077_5116,0,0,9.985762,336205,G3,NETBANKING
TX_42_9079_3286,0,0,9.398305,181325,G2,UPI
TX_42_907_1975,1,1,256.53183,156402,G4,CARD
TX_42_9080_9481,1,1,291.680028,109838,G1,UPI
TX_42_9082_1658,1,1,63.004072,461065,G2,CARD
TX_42_9084_6608,0,0,8.024259,39643,G1,WALLET
TX_42_9085_9204,0,0,10.664738,130295,G3,UPI
TX_42_9086_1447,0,0,10.699019,376693,G2,NETBANKING
TX_42_9087_3542,1,1,30.391913,66281,G3,CARD
TX_42_9089_7132,0,0,8.664394,218349,G3,UPI
TX_42_908_3466,0,0,8.297672,187102,G3,WALLET
TX_42_9090_4300,1,1,112.260872,188631,G1,UPI
TX_42_9092_2434,0,0,9.8425,160215,G1,UPI
TX_42_9093_7701,0,0,5.319103,74082,G2,CARD
TX_42_9094_4282,0,0,9.485708,109279,G1,WALLET
TX_42_9095_8157,0,0,7.064268,85026,G1,CARD
TX_42_9096_1752,1,1,245.148866,170338,G3,UPI
TX_42_9097_6570,1,1,33.853184,332123,G2,UPI
TX_42_9098_7707,0,0,7.226439,112432,G1,CARD
TX_42_9099_1742,0,0,7.064753,362228,G2,NETBANKING
TX_42_909_2493,0,0,7.217137,130079,G3,UPI
TX_42_90_7481,0,0,8.645186,197069,G2,UPI
TX_42_9100_3450,0,0,7.5365590000000005,381753,G4,CARD
TX_42_9101_1259,0,0,9.851491,353127,G3,WALLET
TX_42_9103_4465,0,0,3.203973,139631,G1,CARD
TX_42_9105_2192,0,0,7.642368,271798,G1,UPI
TX_42_9106_6640,0,0,8.726111,461480,G1,CARD
TX_42_9107_9738,0,0,8.558575,454381,G2,NETBANKING
TX_42_9108_1662,0,0,8.619025,252463,G1,NETBANKING
TX_42_9109_3279,0,0,8.414788,204398,G1,CARD
TX_42_910_9209,0,0,6.464646,331851,G2,UPI
TX_42_9110_5846,0,0,6.598769,253752,G2,UPI
TX_42_9111_1299,0,0,5.799625,173001,G2,UPI
TX_42_9112_6336,0,0,5.357406,327748,G4,UPI
TX_42_9113_8355,0,0,6.848451,326923,G3,NETBANKING
TX_42_9114_6794,0,0,8.806641,300445,G3,CARD
TX_42_9115_1511,0,0,6.015906,275971,G1,CARD
TX_42_9116_5616,1,1,45.858597,203024,G2,UPI
TX_42_9117_6253,0,0,6.452249,209188,G4,UPI
TX_42_9118_5926,0,0,6.318224,291673,G1,WALLET
TX_42_911_3431,0,0,8.317537,304590,G4,WALLET
TX_42_9120_7089,0,0,5.148333,154240,G2,WALLET
TX_42_9121_7920,1,1,109.02273,266707,G3,UPI
TX_42_9123_2269,0,0,7.617387,368148,G2,UPI
TX_42_9125_4587,0,0,8.752816,148609,G1,CARD
TX_42_9127_2247,0,0,9.842705,77388,G1,NETBANKING
TX_42_9129_2750,1,1,48.347249,75516,G1,WALLET
TX_42_912_1968,0,0,8.026552,98557,G1,UPI
TX_42_9130_8780,0,0,4.578885,203570,G2,CARD
TX_42_9131_7581,0,0,5.838664,206280,G2,CARD
TX_42_9132_1480,0,0,8.362129,161815,G1,CARD
TX_42_9133_4916,0,0,7.327955,542475,G4,UPI
TX_42_9134_4816,0,0,7.010844,206489,G1,UPI
TX_42_9135_3491,0,0,4.118621,156606,G1,CARD
TX_42_9136_8929,0,0,8.925726000000001,244551,G1,UPI
TX_42_9137_6336,0,0,7.038884,329201,G4,UPI
TX_42_9138_9359,0,0,6.08045,400573,G3,WALLET
TX_42_913_1088,0,0,9.616218,72179,G1,CARD
TX_42_9141_6103,0,0,6.451357,168723,G4,CARD
TX_42_9142_2855,0,0,8.836842,375875,G1,NETBANKING
TX_42_9143_9327,0,0,6.349442,531227,G3,UPI
TX_42_9144_6615,0,0,3.940835,161513,G4,UPI
TX_42_9145_7971,0,0,7.892277,311580,G1,CARD
TX_42_9146_6322,0,0,5.41055,303895,G4,UPI
TX_42_9147_7143,1,1,110.866888,68034,G1,NETBANKING
TX_42_9148_2667,0,0,6.948033,333081,G1,NETBANKING
TX_42_9149_8232,0,0,6.752944,133613,G2,CARD
TX_42_914_4764,0,0,8.253904,551268,G2,UPI
TX_42_9150_4932,0,0,6.196623,509102,G1,UPI
TX_42_9151_5414,1,1,42.908575,68661,G3,CARD
TX_42_9152_8273,1,1,314.469959,148830,G1,UPI
TX_42_9154_2646,0,0,5.343796,256922,G4,UPI
TX_42_9157_9163,0,0,8.687526,132378,G2,CARD
TX_42_9158_3031,0,0,7.8694939999999995,158085,G2,CARD
TX_42_9159_4277,0,0,7.870188,478683,G2,UPI
TX_42_9162_6442,1,1,157.504052,155407,G1,UPI
TX_42_9163_3754,0,0,6.333093,378969,G2,UPI
TX_42_9164_8473,0,0,7.071801,253477,G1,UPI
TX_42_9165_6250,0,0,7.307685,42935,G1,UPI
TX_42_9166_6112,0,0,7.613873,496983,G2,CARD
TX_42_9168_6983,1,1,29.697698,406000,G2,NETBANKING
TX_42_9169_5344,0,0,5.218879,309210,G1,CARD
TX_42_9170_1807,0,0,5.977506,305842,G1,UPI
TX_42_9171_5674,0,0,8.428488,436830,G1,UPI
TX_42_9172_3840,0,0,9.248312,207212,G3,CARD
TX_42_9173_7877,0,0,7.133688,489617,G2,UPI
TX_42_9174_1164,0,0,5.692723,82256,G1,UPI
TX_42_9175_3486,0,0,8.644631,193251,G2,CARD
TX_42_9176_2970,0,0,7.520458,100233,G1,WALLET
TX_42_9178_8703,0,0,6.201531,312120,G1,CARD
TX_42_9179_5820,1,1,78.852761,94302,G1,WALLET
TX_42_917_6208,0,0,6.520188,182191,G2,UPI
TX_42_9180_9552,0,0,8.790078,201944,G2,UPI
TX_42_9181_9421,1,1,234.344279,171555,G4,CARD
TX_42_9182_1438,0,0,5.740924,125382,G2,WALLET
TX_42_9185_8303,0,0,7.383493,387408,G3,NETBANKING
TX_42_9186_9974,0,0,7.126481,217469,G1,UPI
TX_42_9187_5674,1,1,259.2415,455284,G1,NETBANKING
TX_42_9188_6032,1,1,71.184034,156782,G1,UPI
TX_42_9189_5626,0,0,8.101717,168546,G1,CARD
TX_42_9190_2416,0,0,9.689713,162455,G1,UPI
TX_42_9191_8161,1,1,66.674918,147869,G2,UPI
TX_42_9192_9463,0,0,5.566524,161842,G1,NETBANKING
TX_42_9193_9520,0,0,7.898756,646140,G2,CARD
TX_42_9194_5239,0,0,5.642791,158791,G1,UPI
TX_42_9195_4046,0,0,10.01581,119499,G3,UPI
TX_42_9196_9857,0,0,6.605853,496993,G3,UPI
TX_42_9197_1298,1,1,205.327431,214433,G1,UPI
TX_42_9198_9987,0,0,4.91649,295365,G1,UPI
TX_42_9199_6322,0,0,10.242953,302366,G1,NETBANKING
TX_42_919_5785,1,1,192.392099,202889,G3,UPI
TX_42_91_7704,0,0,6.386646,171283,G1,UPI
TX_42_9200_1617,0,0,8.134968,314967,G1,CARD
TX_42_9202_7196,0,0,9.282926,332583,G1,UPI
TX_42_9203_3960,0,0,8.225716,146668,G2,UPI
TX_42_9204_2213,0,0,4.606462,130286,G3,UPI
TX_42_9205_9905,0,0,7.67005,93348,G1,UPI
TX_42_9207_3116,0,0,6.5814319999999995,70657,G4,UPI
TX_42_9208_8529,0,0,5.929541,475806,G1,UPI
TX_42_9209_1676,0,0,8.158015,91219,G1,CARD
TX_42_920_7625,0,0,8.314199,162134,G1,UPI
TX_42_9211_7156,0,0,5.489037,272919,G1,UPI
TX_42_9212_5857,0,0,5.871479,277060,G2,NETBANKING
TX_42_9213_7872,0,0,6.673952,475054,G1,CARD
TX_42_9214_8005,1,1,213.903275,181592,G1,UPI
TX_42_9215_5448,0,0,8.359096,306154,G2,CARD
TX_42_9216_5937,0,0,5.964669,433796,G2,NETBANKING
TX_42_9217_2409,0,0,4.604693,333104,G1,UPI
TX_42_9218_6486,0,0,7.164847,424493,G1,UPI
TX_42_9219_7935,0,0,7.862155,515452,G4,CARD
TX_42_921_3910,0,0,9.849779,320593,G2,UPI
TX_42_9222_5262,0,0,7.930405,73853,G2,UPI
TX_42_9223_3742,1,1,193.095285,251661,G3,CARD
TX_42_9224_2508,0,0,5.683077,560241,G1,NETBANKING
TX_42_9225_6231,0,0,6.982156,532373,G1,CARD
TX_42_9227_9295,0,0,7.117418,401879,G3,UPI
TX_42_9228_8208,0,0,5.717454,321820,G3,UPI
TX_42_9229_7961,0,0,8.809165,144143,G4,UPI
TX_42_9230_5042,0,0,7.243949,194579,G1,UPI
TX_42_9231_8818,0,0,10.807857,516296,G2,NETBANKING
TX_42_9232_6707,0,0,5.128738,312149,G3,NETBANKING
TX_42_9233_4245,1,1,67.622835,517614,G3,UPI
TX_42_9234_5620,0,0,7.533491,180377,G4,CARD
TX_42_9235_3724,1,1,174.135376,64625,G2,WALLET
TX_42_9236_8468,0,0,8.976749,124474,G2,UPI
TX_42_9237_4217,0,0,7.41808,112333,G1,NETBANKING
TX_42_9238_1532,0,0,7.97851,78707,G2,WALLET
TX_42_923_3025,0,0,7.34579,286329,G3,UPI
TX_42_9240_3178,0,0,6.569452,101822,G4,CARD
TX_42_9241_4193,0,0,10.257876,247221,G2,UPI
TX_42_9242_8844,1,1,228.342639,395046,G1,CARD
TX_42_9243_3675,0,0,9.28525,68292,G1,UPI
TX_42_9244_7744,0,0,5.213436,133798,G1,UPI
TX_42_9245_8039,0,0,6.961239,122970,G2,UPI
TX_42_9247_6498,0,0,8.483286,130232,G1,UPI
TX_42_9248_5149,0,0,3.7049469999999998,185998,G1,UPI
TX_42_924_5719,0,0,6.469231,504384,G1,WALLET
TX_42_9250_6717,0,0,6.512271,150108,G3,UPI
TX_42_9253_7105,0,0,5.800299,68432,G3,WALLET
TX_42_9254_8693,0,0,8.702689,317722,G3,CARD
TX_42_9255_4034,0,0,9.868956,426205,G1,CARD
TX_42_9256_3253,0,0,5.9295480000000005,343938,G4,UPI
TX_42_9257_9340,0,0,7.942338,150451,G2,UPI
TX_42_9258_5937,0,0,8.673672,139053,G2,NETBANKING
TX_42_9259_6287,0,0,3.940776,147515,G3,UPI
TX_42_925_1056,0,0,5.012513,80709,G3,CARD
TX_42_9260_6702,0,0,8.077847,630474,G1,UPI
TX_42_9261_1804,1,1,69.569832,456419,G3,UPI
TX_42_9262_1534,1,1,24.340328,382111,G2,CARD
TX_42_9263_6739,1,1,103.787338,106619,G1,WALLET
TX_42_9264_1893,0,0,8.344323,59010,G1,WALLET
TX_42_9266_8402,0,0,6.239286,298236,G1,WALLET
TX_42_9267_1248,0,0,5.839819,582063,G4,UPI
TX_42_9268_3559,0,0,9.379569,323041,G1,UPI
TX_42_9269_5611,0,0,5.941235,436901,G1,UPI
TX_42_926_4255,1,1,80.046661,492367,G4,UPI
TX_42_9270_4703,0,0,7.553332,197515,G1,CARD
TX_42_9271_9700,0,0,8.462892,324549,G4,CARD
TX_42_9272_3864,0,0,7.008007,50850,G2,UPI
TX_42_9273_2087,0,0,7.066751,407939,G3,UPI
TX_42_9276_1689,1,1,108.278463,84872,G4,CARD
TX_42_9277_3112,0,0,8.044033,306860,G2,UPI
TX_42_9279_9619,0,0,6.8090340000000005,126522,G2,UPI
TX_42_927_9196,0,0,4.354673,192137,G1,UPI
TX_42_9280_5190,0,0,4.433859,69883,G1,WALLET
TX_42_9281_9617,1,1,217.983815,190802,G2,UPI
TX_42_9282_7145,0,0,5.141138,369020,G2,UPI
TX_42_9283_3117,0,0,8.450044,278740,G2,UPI
TX_42_9284_5187,0,0,9.974676,311564,G2,UPI
TX_42_9285_5334,0,0,7.208252,593434,G1,NETBANKING
TX_42_9286_1256,0,0,8.982677,144827,G2,NETBANKING
TX_42_9287_5624,0,0,5.532408,209278,G1,CARD
TX_42_9289_3438,1,1,136.890963,106103,G3,UPI
TX_42_928_8038,0,0,8.171211,453548,G3,CARD
TX_42_9290_5266,0,0,9.497888,59284,G1,CARD
TX_42_9291_4767,0,0,7.125657,239789,G3,UPI
TX_42_9292_9837,0,0,7.385039,575920,G1,CARD
TX_42_9293_1437,0,0,8.073152,381948,G1,CARD
TX_42_9294_1235,0,0,7.728424,393657,G3,WALLET
TX_42_9295_2293,0,0,7.658015,204186,G2,UPI
TX_42_9298_5666,1,1,88.376463,383076,G1,UPI
TX_42_9299_2220,0,0,5.382078,292827,G1,WALLET
TX_42_929_6449,0,0,7.119948,55517,G2,CARD
TX_42_9300_9758,0,0,7.232002,420540,G1,NETBANKING
TX_42_9302_8598,0,0,7.818919,424533,G2,CARD
TX_42_9303_2660,1,1,27.116854,258656,G2,UPI
TX_42_9305_6364,0,0,6.819599,74834,G2,WALLET
TX_42_9306_3606,0,0,7.411918,127537,G1,UPI
TX_42_9307_3891,1,1,73.59192,360895,G2,CARD
TX_42_9308_9691,0,0,9.364039,206556,G3,CARD
TX_42_9309_6953,0,0,6.841474,120343,G1,CARD
TX_42_930_8660,0,0,6.425471,175411,G2,WALLET
TX_42_9310_5024,0,0,6.915011,105264,G1,WALLET
TX_42_9311_2794,1,1,124.705485,113631,G2,CARD
TX_42_9312_7659,0,0,6.204975,486789,G1,NETBANKING
TX_42_9313_8863,0,0,7.09325,58792,G3,UPI
TX_42_9314_4202,0,0,6.7153,94080,G3,WALLET
TX_42_9315_6512,0,0,7.966892,329660,G3,UPI
TX_42_9316_5713,0,0,5.182437,390735,G1,UPI
TX_42_9317_7543,0,0,8.15347,341636,G1,WALLET
TX_42_9318_1548,0,0,7.716684,163129,G3,UPI
TX_42_9319_5891,1,1,122.266437,147225,G1,CARD
TX_42_931_4452,0,0,7.721955,521267,G3,UPI
TX_42_9320_7910,0,0,6.937041,440133,G1,UPI
TX_42_9322_5437,0,0,6.929819,186647,G3,UPI
TX_42_9324_7687,0,0,9.91253,127541,G1,UPI
TX_42_9325_1340,0,0,6.327179,86044,G1,UPI
TX_42_9327_1729,0,0,3.972803,492487,G2,WALLET
TX_42_9330_9644,1,1,21.54338,259369,G2,UPI
TX_42_9331_3346,0,0,7.73233,368130,G4,UPI
TX_42_9332_4835,0,0,5.345238,500989,G1,UPI
TX_42_9334_8790,0,0,8.658935,551280,G2,UPI
TX_42_9335_8486,0,0,6.798247,210837,G1,UPI
TX_42_9336_1189,0,0,7.921035,455918,G3,NETBANKING
TX_42_9337_8768,0,0,6.89524,156160,G1,UPI
TX_42_9338_1922,0,0,7.964278,562864,G3,UPI
TX_42_9339_4985,0,0,4.776175,376032,G2,UPI
TX_42_933_2403,0,0,8.132874,212062,G4,UPI
TX_42_9340_8840,0,0,7.5759,333629,G1,UPI
TX_42_9341_9909,0,0,7.792344,361626,G1,UPI
TX_42_9342_8297,1,1,13.579816,284439,G2,WALLET
TX_42_9344_1948,0,0,6.475252,224009,G1,UPI
TX_42_9345_1132,0,0,8.772128,52084,G1,UPI
TX_42_9348_4032,0,0,6.954,78498,G1,UPI
TX_42_9349_2079,0,0,7.503449,413788,G1,UPI
TX_42_934_3662,1,1,84.372816,70295,G2,CARD
TX_42_9350_1557,0,0,6.886449,373072,G3,CARD
TX_42_9352_8186,0,0,6.298522,131942,G2,UPI
TX_42_9353_2010,0,0,9.48674,119782,G1,CARD
TX_42_9354_5213,0,0,5.776652,142137,G1,UPI
TX_42_9355_7592,0,0,7.980741,415563,G3,UPI
TX_42_9356_5056,0,0,4.5567779999999996,207854,G2,CARD
TX_42_9357_4671,0,0,7.698807,272533,G1,WALLET
TX_42_9358_8428,0,0,7.186469,194065,G1,UPI
TX_42_9359_7764,0,0,6.077066,438730,G3,UPI
TX_42_9360_9584,0,0,3.064931,425016,G1,CARD
TX_42_9361_8888,0,0,5.626937,382185,G4,NETBANKING
TX_42_9363_2728,0,0,3.6460939999999997,600860,G1,CARD
TX_42_9364_1236,0,0,4.209942,298506,G1,UPI
TX_42_9365_6300,0,0,5.719529,259633,G1,UPI
TX_42_9366_5845,0,0,9.005501,276154,G1,NETBANKING
TX_42_9368_8242,0,0,6.864804,67223,G4,UPI
TX_42_9369_2829,0,0,4.815469,464581,G1,CARD
TX_42_936_4559,1,1,173.867257,139001,G3,UPI
TX_42_9370_6955,1,1,160.727196,320181,G1,UPI
TX_42_9371_3751,0,0,5.676654,472129,G3,UPI
TX_42_9372_1542,0,0,8.844218,490559,G1,UPI
TX_42_9373_6491,0,0,6.515157,160948,G3,UPI
TX_42_9374_5155,0,0,6.537634,402132,G3,CARD
TX_42_9375_3587,0,0,7.528016,373148,G1,UPI
TX_42_9377_6978,0,0,4.229481,381127,G3,WALLET
TX_42_9378_4164,0,0,7.614751,316556,G1,CARD
TX_42_9379_2061,0,0,8.924705,267386,G2,CARD
TX_42_937_5026,0,0,8.270065,115711,G1,UPI
TX_42_9380_4097,0,0,5.958602,198604,G1,UPI
TX_42_9381_6194,0,0,6.59714,77427,G3,NETBANKING
TX_42_9382_8188,1,1,32.955543,351963,G2,CARD
TX_42_9383_2397,0,0,6.907343,132508,G1,UPI
TX_42_9385_3591,0,0,8.972601000000001,183191,G3,UPI
TX_42_9386_9186,1,1,190.631696,140941,G3,UPI
TX_42_9387_9571,0,0,7.842007,299331,G2,UPI
TX_42_9388_2046,0,0,6.284679,181610,G2,UPI
TX_42_9389_3114,0,0,10.547588,78267,G3,NETBANKING
TX_42_938_6691,0,0,9.097309,464577,G2,CARD
TX_42_9392_6010,0,0,8.636566,140079,G1,NETBANKING
TX_42_9393_1459,0,0,7.284096,293559,G1,CARD
TX_42_9394_6586,0,0,5.480661,248358,G1,UPI
TX_42_9395_7710,1,1,249.615474,127120,G2,UPI
TX_42_9396_5072,0,0,8.622016,121841,G1,WALLET
TX_42_9397_1082,0,0,7.909273,146143,G3,CARD
TX_42_9398_6279,1,1,296.799658,292156,G3,UPI
TX_42_9399_7004,1,1,121.540086,71222,G1,WALLET
TX_42_939_6110,0,0,7.401272,452745,G3,NETBANKING
TX_42_93_4276,0,0,9.976590999999999,350747,G3,CARD
TX_42_9404_3112,0,0,6.267637,359629,G4,WALLET
TX_42_9405_3085,1,1,184.851227,305408,G3,UPI
TX_42_9406_3521,0,0,8.071239,162233,G1,UPI
TX_42_9407_1122,1,1,97.409989,356090,G1,NETBANKING
TX_42_9408_8145,1,1,266.557268,331102,G1,CARD
TX_42_9409_6454,0,0,7.445582,90495,G1,CARD
TX_42_940_2186,0,0,8.977516,513202,G3,CARD
TX_42_9410_4981,1,1,118.87864,320051,G3,CARD
TX_42_9411_6548,0,0,7.119272,394773,G4,WALLET
TX_42_9412_5215,0,0,8.280914,547996,G2,NETBANKING
TX_42_9414_1588,0,0,3.151418,318738,G3,CARD
TX_42_9415_7258,0,0,7.506383,98117,G3,UPI
TX_42_9417_5308,0,0,8.121185,208441,G1,WALLET
TX_42_9418_7228,0,0,8.093427,454323,G2,UPI
TX_42_9419_3270,0,0,5.928167,185451,G3,UPI
TX_42_941_4748,0,0,9.227721,470345,G2,UPI
TX_42_9420_5599,1,1,51.691189,81355,G1,UPI
TX_42_9421_4292,0,0,6.524136,338222,G3,UPI
TX_42_9423_8059,0,0,6.180861,132031,G2,WALLET
TX_42_9425_7510,0,0,7.796203,311366,G2,NETBANKING
TX_42_9426_9356,0,0,8.058582,480624,G1,WALLET
TX_42_9428_6079,0,0,5.189616,152091,G2,CARD
TX_42_942_4503,1,1,21.386954,212141,G2,UPI
TX_42_9431_5025,1,1,182.664704,611567,G3,NETBANKING
TX_42_9432_2978,0,0,8.646616999999999,225617,G4,CARD
TX_42_9433_1645,0,0,6.056697,150732,G1,UPI
TX_42_9434_6835,1,1,138.29809,201729,G1,NETBANKING
TX_42_9435_9320,0,0,5.6073,134968,G1,CARD
TX_42_9436_7413,0,0,6.73386,110212,G2,UPI
TX_42_9437_5316,0,0,7.3918099999999995,228384,G1,UPI
TX_42_9438_4135,0,0,7.057606,527906,G2,CARD
TX_42_9439_6772,0,0,6.033828,579910,G1,UPI
TX_42_943_9914,0,0,5.446391,181776,G4,UPI
TX_42_9440_5375,0,0,8.843779,105122,G2,CARD
TX_42_9441_5074,0,0,4.880174,100068,G2,UPI
TX_42_9442_7608,1,1,165.663314,360404,G3,CARD
TX_42_9443_5629,0,0,4.87427,137053,G2,CARD
TX_42_9444_4404,1,1,26.231442,214345,G2,UPI
TX_42_9445_7202,0,0,6.441232,112421,G1,NETBANKING
TX_42_9446_3508,0,0,7.273026,438226,G1,NETBANKING
TX_42_9447_1736,0,0,7.267226,339975,G2,UPI
TX_42_9448_2374,1,1,200.81713,476292,G3,UPI
TX_42_9449_6021,1,1,292.835158,386789,G3,NETBANKING
TX_42_944_7819,0,0,9.114915,155825,G3,UPI
TX_42_9450_4443,1,1,57.277711,439362,G4,CARD
TX_42_9452_8057,0,0,4.813997,442921,G2,UPI
TX_42_9453_9855,0,0,7.873609,371038,G3,WALLET
TX_42_9454_5935,0,0,4.262016,135261,G1,WALLET
TX_42_9455_9217,0,0,6.313278,510963,G2,NETBANKING
TX_42_9456_1952,0,0,8.386576,139026,G4,UPI
TX_42_9459_4416,0,0,7.170138,190619,G3,WALLET
TX_42_9460_3481,0,0,5.467785,265469,G1,UPI
TX_42_9462_1618,0,0,9.024459,454474,G3,CARD
TX_42_9463_6341,0,0,6.590806,587750,G2,UPI
TX_42_9464_2317,0,0,8.712993,346745,G2,UPI
TX_42_9465_9576,0,0,5.448251,413216,G1,UPI
TX_42_9466_1938,0,0,8.416394,302039,G1,UPI
TX_42_9467_3049,0,0,7.829035,160712,G1,CARD
TX_42_9468_6155,1,1,195.854124,77716,G1,UPI
TX_42_9469_7747,0,0,10.530623,108546,G1,CARD
TX_42_946_1887,0,0,9.460192,153007,G3,CARD
TX_42_9470_4812,0,0,9.323457,160722,G4,NETBANKING
TX_42_9471_2550,1,1,208.06604,375328,G1,WALLET
TX_42_9472_8002,0,0,7.167823,114923,G2,CARD
TX_42_9473_6525,0,0,5.71371,129010,G1,WALLET
TX_42_9474_2847,0,0,6.270783,296147,G1,UPI
TX_42_9475_5272,0,0,4.920944,181042,G3,UPI
TX_42_9476_1802,1,1,258.60601,319273,G1,UPI
TX_42_9477_9168,0,0,4.9999780000000005,405902,G4,UPI
TX_42_9478_1346,1,1,195.942088,560278,G2,NETBANKING
TX_42_9479_5139,1,1,29.041782,203281,G2,CARD
TX_42_947_7691,0,0,8.82143,655214,G2,UPI
TX_42_9480_4894,0,0,4.422061,77145,G4,UPI
TX_42_9481_3490,0,0,5.721288,107967,G2,WALLET
TX_42_9482_9814,0,0,8.659769,417845,G1,UPI
TX_42_9483_4016,0,0,4.608098,415512,G3,UPI
TX_42_9484_1729,1,1,270.41152,256407,G1,WALLET
TX_42_9485_3156,0,0,5.399945,442619,G3,UPI
TX_42_9486_3877,0,0,7.7179780000000004,256331,G2,NETBANKING
TX_42_9487_2544,0,0,7.576694,96796,G1,UPI
TX_42_9488_1570,0,0,6.904301,352916,G1,CARD
TX_42_9489_3966,0,0,8.199901,393549,G2,UPI
TX_42_948_8260,0,0,8.815177,220360,G1,UPI
TX_42_9490_3817,1,1,299.844337,138760,G2,CARD
TX_42_9491_1576,1,1,172.545383,393386,G2,CARD
TX_42_9492_4918,1,1,305.191616,353167,G1,NETBANKING
TX_42_9493_3080,0,0,6.547743,366653,G3,UPI
TX_42_9494_8411,1,1,20.744548,221033,G2,UPI
TX_42_9495_6737,0,0,7.739483,142208,G3,UPI
TX_42_9496_4599,0,0,10.528025,166694,G1,CARD
TX_42_9497_7849,0,0,4.062089,127792,G2,CARD
TX_42_9498_7943,0,0,8.697614,315429,G2,UPI
TX_42_9499_7525,0,0,5.956396,157872,G1,UPI
TX_42_949_3984,0,0,6.518474,280442,G2,CARD
TX_42_9500_3479,0,0,7.074167,107157,G1,WALLET
TX_42_9501_2917,0,0,5.242104,83980,G4,UPI
TX_42_9502_2912,0,0,7.583817,210832,G1,UPI
TX_42_9504_1712,1,1,202.079241,503623,G2,NETBANKING
TX_42_9505_7502,0,0,9.606892,192114,G1,UPI
TX_42_9507_6870,0,0,7.800084,72509,G2,CARD
TX_42_9508_5272,0,0,6.499005,237707,G2,NETBANKING
TX_42_9509_6523,1,1,255.766649,375408,G2,CARD
TX_42_950_3555,0,0,4.087078,484821,G1,UPI
TX_42_9511_7397,0,0,8.518685,302051,G3,UPI
TX_42_9512_1294,0,0,9.14679,253165,G1,UPI
TX_42_9515_7992,0,0,5.231326,295257,G1,NETBANKING
TX_42_9516_9855,0,0,5.690711,321389,G2,UPI
TX_42_9517_2976,0,0,5.371659,147928,G1,CARD
TX_42_951_2795,1,1,261.950605,364554,G1,UPI
TX_42_9520_2073,0,0,6.075236,214404,G2,CARD
TX_42_9521_3311,0,0,8.999532,114659,G3,CARD
TX_42_9523_8942,0,0,6.929722,110359,G3,CARD
TX_42_9524_6293,0,0,6.408983,489967,G3,UPI
TX_42_9525_9593,0,0,6.32819,423621,G3,UPI
TX_42_9526_9437,0,0,5.942079,121588,G3,UPI
TX_42_9527_9830,0,0,5.302819,482695,G1,UPI
TX_42_9528_7713,0,0,3.911159,548076,G1,UPI
TX_42_9529_5962,0,0,4.280486,83426,G2,UPI
TX_42_9532_2291,0,0,6.723437,166853,G1,UPI
TX_42_9533_9765,0,0,9.505381,328210,G2,CARD
TX_42_9534_6741,0,0,6.961956,370699,G1,UPI
TX_42_9535_2284,1,1,204.926497,517262,G2,UPI
TX_42_9536_4210,0,0,6.163907,107045,G3,UPI
TX_42_9537_9867,1,1,267.861204,172053,G3,CARD
TX_42_9538_8857,0,0,7.856851,211594,G3,UPI
TX_42_9539_6502,0,0,7.501786,42630,G4,UPI
TX_42_953_9769,0,0,4.827579,86176,G2,CARD
TX_42_9540_6687,0,0,3.98432,212168,G2,UPI
TX_42_9542_9026,0,0,4.774935,258004,G1,CARD
TX_42_9543_1420,0,0,6.349211,327108,G1,UPI
TX_42_9545_3226,0,0,8.148591,233170,G2,CARD
TX_42_9546_8840,0,0,8.53869,328592,G1,UPI
TX_42_9547_1418,0,0,6.971283,301963,G1,NETBANKING
TX_42_9548_7342,0,0,7.055291,363127,G3,UPI
TX_42_9549_2299,0,0,8.391801,55083,G2,UPI
TX_42_954_3740,0,0,8.843585000000001,514784,G2,UPI
TX_42_9550_2993,0,0,7.240377,331919,G1,WALLET
TX_42_9551_9757,0,0,6.311661,372691,G2,UPI
TX_42_9552_4299,0,0,5.737257,334855,G2,UPI
TX_42_9553_4197,0,0,7.555895,89703,G1,CARD
TX_42_9554_1252,0,0,8.153365,513791,G4,UPI
TX_42_9555_4795,0,0,8.285176,410937,G3,UPI
TX_42_9556_3984,0,0,7.248595,388110,G3,CARD
TX_42_9557_9230,0,0,4.122244,84761,G3,NETBANKING
TX_42_9558_7360,0,0,8.336905,252174,G4,UPI
TX_42_9559_9706,0,0,5.919016,169005,G1,CARD
TX_42_9560_5188,0,0,9.344545,519823,G1,NETBANKING
TX_42_9561_9335,0,0,6.253281,429329,G2,UPI
TX_42_9562_5804,0,0,6.80413,385639,G3,NETBANKING
TX_42_9563_7540,0,0,6.865222,124632,G1,CARD
TX_42_9565_1991,1,1,187.398028,356381,G1,UPI
TX_42_9566_1804,0,0,5.39821,104398,G1,UPI
TX_42_9567_5750,0,0,7.10921,51699,G4,NETBANKING
TX_42_9569_7610,0,0,8.85107,302657,G3,CARD
TX_42_9570_8806,0,0,6.522926,407626,G2,UPI
TX_42_9571_4497,0,0,6.355459,222096,G4,WALLET
TX_42_9572_1748,0,0,8.01461,297507,G3,CARD
TX_42_9573_7872,0,0,7.098366,202669,G2,UPI
TX_42_9574_4869,0,0,7.048795,349802,G3,NETBANKING
TX_42_9575_2754,1,1,78.98487,152511,G2,CARD
TX_42_9576_8379,0,0,10.847369,408817,G3,UPI
TX_42_9577_4341,0,0,9.133194,218813,G2,NETBANKING
TX_42_9578_9853,0,0,7.805116,176394,G1,NETBANKING
TX_42_9579_5098,0,0,8.909513,217411,G2,UPI
TX_42_957_6439,0,0,8.058795,226133,G1,UPI
TX_42_9580_7796,0,0,5.0694420000000004,143045,G2,UPI
TX_42_9582_6442,0,0,7.508593,222718,G2,CARD
TX_42_9583_9364,0,0,8.443593,140214,G1,UPI
TX_42_9585_8034,0,0,7.794078,149432,G1,UPI
TX_42_9586_9015,1,1,214.396529,433223,G1,NETBANKING
TX_42_9587_7239,0,0,6.501306,143545,G2,UPI
TX_42_9588_9436,0,0,8.386445,429413,G3,UPI
TX_42_9589_9021,0,0,5.312561,119280,G1,NETBANKING
TX_42_958_2946,0,0,7.66435,210468,G2,UPI
TX_42_9591_1082,0,0,3.6694649999999998,133325,G1,CARD
TX_42_9593_4870,0,0,5.880194,351409,G3,UPI
TX_42_9594_3774,0,0,9.140199,186423,G1,UPI
TX_42_9595_7397,0,0,9.516118,221398,G1,UPI
TX_42_9596_1199,0,0,6.93279,240938,G2,CARD
TX_42_9597_2283,0,0,4.555394,136280,G2,UPI
TX_42_9598_2439,0,0,7.941676,471459,G1,UPI
TX_42_959_2552,0,0,7.720194,577856,G1,UPI
TX_42_95_4364,0,0,9.114967,580452,G1,UPI
TX_42_9601_4687,0,0,8.115149,102702,G4,NETBANKING
TX_42_9602_4877,0,0,7.686357,298630,G3,CARD
TX_42_9603_7943,0,0,6.852506,463126,G4,CARD
TX_42_9604_2053,0,0,6.529963,236202,G2,UPI
TX_42_9605_1706,0,0,8.186169,305761,G3,CARD
TX_42_9606_6085,1,1,224.685659,344279,G1,CARD
TX_42_9607_9871,0,0,7.317361,396414,G3,UPI
TX_42_9608_7570,0,0,7.579315,395187,G1,CARD
TX_42_9609_9116,0,0,6.877484,370857,G3,NETBANKING
TX_42_960_3905,0,0,7.386427,160441,G1,UPI
TX_42_9610_1832,0,0,3.947119,240975,G1,UPI
TX_42_9611_8489,0,0,7.394937,379793,G3,CARD
TX_42_9612_1059,0,0,6.193757,237072,G2,WALLET
TX_42_9613_6206,0,0,7.329221,354579,G3,UPI
TX_42_9614_6365,0,0,5.733178,157291,G3,UPI
TX_42_9615_9728,0,0,7.045832,414273,G1,CARD
TX_42_9616_5691,0,0,8.869687,285781,G1,CARD
TX_42_9617_5050,0,0,9.47277,58860,G2,CARD
TX_42_961_3843,0,0,5.167954,489430,G1,CARD
TX_42_9621_3286,0,0,4.954771,276046,G3,UPI
TX_42_9622_4318,0,0,6.643021,438176,G2,UPI
TX_42_9624_3385,0,0,5.7128250000000005,245847,G3,UPI
TX_42_9625_6797,1,1,156.132925,240850,G4,UPI
TX_42_9626_9463,0,0,5.218027,64784,G2,CARD
TX_42_9628_9932,0,0,4.245578,96681,G1,UPI
TX_42_9629_4605,0,0,4.892044,120833,G2,UPI
TX_42_9630_2083,0,0,7.777517,172676,G2,UPI
TX_42_9631_3054,0,0,7.945701,413380,G1,UPI
TX_42_9632_8222,0,0,4.211421,174261,G3,CARD
TX_42_9633_3503,1,1,291.84273,471751,G1,UPI
TX_42_9634_6588,0,0,5.108387,104627,G1,WALLET
TX_42_9635_8693,0,0,6.9341159999999995,222601,G3,CARD
TX_42_9636_2285,0,0,4.794242,313941,G1,NETBANKING
TX_42_9637_8222,0,0,4.663148,130367,G4,UPI
TX_42_9638_5100,1,1,75.303316,117294,G2,UPI
TX_42_9639_9900,0,0,7.3063649999999996,312140,G4,WALLET
TX_42_9640_2425,1,1,308.292355,294632,G2,WALLET
TX_42_9641_1014,0,0,5.531225,415956,G4,UPI
TX_42_9642_2730,0,0,7.29127,289501,G3,CARD
TX_42_9643_2153,0,0,7.736685,182475,G1,UPI
TX_42_9644_3773,1,1,117.531316,121607,G4,UPI
TX_42_9645_7633,1,1,86.104842,165655,G1,UPI
TX_42_9646_1834,0,0,5.954548,193269,G1,NETBANKING
TX_42_9647_4487,0,0,6.542081,102543,G4,WALLET
TX_42_9649_9622,0,0,4.906998,180473,G2,CARD
TX_42_964_8860,0,0,5.928203,422714,G3,UPI
TX_42_9650_8786,0,0,6.37082,232148,G1,UPI
TX_42_9651_3348,0,0,6.149619,215253,G3,CARD
TX_42_9652_4831,0,0,8.317925,225541,G3,WALLET
TX_42_9653_6101,1,1,192.704275,168819,G1,UPI
TX_42_9654_9194,0,0,8.329201,75424,G3,WALLET
TX_42_9655_9243,0,0,7.78364,333287,G2,CARD
TX_42_9656_2668,0,0,6.791828,315091,G2,WALLET
TX_42_9657_8143,0,0,4.355207,113616,G2,WALLET
TX_42_9658_7773,0,0,6.85686,216237,G1,UPI
TX_42_9659_7721,0,0,8.781891,226264,G2,CARD
TX_42_965_4435,0,0,10.303112,391104,G3,CARD
TX_42_9660_1209,0,0,7.025723,255773,G1,UPI
TX_42_9661_4809,0,0,8.890229,56943,G3,NETBANKING
TX_42_9662_4610,0,0,6.460509,554398,G2,WALLET
TX_42_9664_4214,0,0,4.99608,161370,G2,UPI
TX_42_9665_3618,0,0,7.073288,280715,G4,UPI
TX_42_9666_9902,0,0,8.465493,370696,G1,CARD
TX_42_9667_2973,1,1,50.167261,206580,G2,WALLET
TX_42_9668_4425,1,1,125.355761,260675,G3,UPI
TX_42_9669_1936,0,0,8.431521,358259,G2,CARD
TX_42_966_5434,0,0,7.382312,475196,G1,UPI
TX_42_9673_8996,0,0,8.798231,199396,G4,UPI
TX_42_9674_4875,1,1,52.699529,215345,G1,UPI
TX_42_9675_8191,0,0,7.731577,238739,G2,UPI
TX_42_9676_7879,1,1,201.000813,115591,G1,UPI
TX_42_9677_2436,1,1,275.11197,135895,G2,WALLET
TX_42_9678_5282,1,1,296.074878,459984,G1,NETBANKING
TX_42_9679_8612,0,0,6.941949,152854,G3,CARD
TX_42_967_8760,1,1,121.906157,543304,G3,WALLET
TX_42_9681_2603,0,0,7.9816780000000005,300589,G3,UPI
TX_42_9682_7065,1,1,180.338649,344177,G2,UPI
TX_42_9683_9899,1,1,29.368425,657910,G2,UPI
TX_42_9686_9973,0,0,7.1934190000000005,289983,G2,CARD
TX_42_9687_8254,0,0,3.411788,64566,G3,CARD
TX_42_9688_9521,0,0,7.862978,461902,G1,NETBANKING
TX_42_9689_4883,0,0,4.723025,380057,G2,CARD
TX_42_9691_4794,0,0,7.826616,409070,G1,UPI
TX_42_9692_8624,0,0,7.488998,204719,G2,CARD
TX_42_9693_5213,0,0,7.026926,364834,G3,UPI
TX_42_9694_8219,0,0,7.330898,164150,G1,WALLET
TX_42_9695_7436,0,0,10.145672,122547,G1,UPI
TX_42_9696_7223,0,0,7.709346,203380,G1,UPI
TX_42_9697_2874,0,0,8.2741,121727,G3,UPI
TX_42_9699_6225,1,1,160.517991,199847,G3,UPI
TX_42_969_2628,0,0,8.172768,115748,G2,UPI
TX_42_9700_8393,0,0,7.391609,331079,G3,UPI
TX_42_9701_2937,0,0,8.389426,118764,G1,UPI
TX_42_9703_2218,0,0,8.361787,166816,G1,UPI
TX_42_9704_8893,0,0,6.452278,268922,G4,UPI
TX_42_9705_1475,0,0,3.876544,107913,G1,UPI
TX_42_9706_5863,0,0,10.564895,187147,G1,UPI
TX_42_9708_1503,0,0,5.710832,244965,G1,CARD
TX_42_9709_9940,0,0,8.613661,432312,G2,UPI
TX_42_970_9794,1,1,154.439443,479695,G1,UPI
TX_42_9710_5188,0,0,6.017691,368813,G4,NETBANKING
TX_42_9712_9811,0,0,6.720274,114905,G3,UPI
TX_42_9713_5475,1,1,264.662303,190649,G2,UPI
TX_42_9714_5585,0,0,8.640253,170099,G1,UPI
TX_42_9715_7743,1,1,106.364332,107506,G3,UPI
TX_42_9716_3882,1,1,291.815317,67505,G4,UPI
TX_42_9717_2090,0,0,5.51915,312673,G1,CARD
TX_42_9718_2109,0,0,5.780732,68021,G3,WALLET
TX_42_9719_4343,1,1,21.253522,269890,G2,WALLET
TX_42_971_7880,0,0,6.383075,163196,G2,UPI
TX_42_9720_4257,0,0,4.101709,208579,G1,UPI
TX_42_9721_7865,0,0,7.013926,349044,G3,NETBANKING
TX_42_9722_2066,0,0,6.184259,101188,G3,CARD
TX_42_9723_2504,0,0,6.715318,81776,G2,CARD
TX_42_9724_2617,0,0,7.988713,201770,G1,CARD
TX_42_9725_7449,0,0,6.740174,477714,G3,CARD
TX_42_9726_8286,0,0,5.308097,78945,G2,CARD
TX_42_9727_9243,0,0,8.236355,217077,G4,CARD
TX_42_9728_7659,0,0,4.357565,151586,G2,UPI
TX_42_9729_8988,0,0,6.376145,89896,G1,UPI
TX_42_972_2554,0,0,5.614542,576581,G4,CARD
TX_42_9731_5098,1,1,141.07798,488111,G2,UPI
TX_42_9732_7020,0,0,6.606142,173331,G1,UPI
TX_42_9733_9657,0,0,4.87247,379976,G1,UPI
TX_42_9734_9008,0,0,7.176247,367336,G4,UPI
TX_42_9735_8655,0,0,5.506293,474003,G1,CARD
TX_42_9736_9758,0,0,5.087533,85148,G3,CARD
TX_42_9738_4344,1,1,34.173767,298939,G2,CARD
TX_42_973_1208,0,0,7.501953,141901,G2,CARD
TX_42_9740_3865,0,0,8.935891,88818,G3,WALLET
TX_42_9741_6325,1,1,237.025032,190166,G2,CARD
TX_42_9742_2210,1,1,199.205715,74808,G2,CARD
TX_42_9743_4014,1,1,296.995356,107532,G2,UPI
TX_42_9745_4543,1,1,207.117166,320406,G3,UPI
TX_42_9746_5124,0,0,4.707216,79883,G1,CARD
TX_42_9748_8273,0,0,8.039725,105455,G3,UPI
TX_42_9749_7303,0,0,8.504546,383566,G1,CARD
TX_42_974_7100,0,0,7.517272,127340,G1,UPI
TX_42_9750_2995,0,0,8.583722999999999,539414,G4,NETBANKING
TX_42_9751_8365,0,0,6.050299,359497,G2,UPI
TX_42_9752_2996,0,0,8.097639,562274,G1,CARD
TX_42_9753_1636,0,0,5.377445,453215,G1,WALLET
TX_42_9754_2057,0,0,8.396804,377321,G3,UPI
TX_42_9755_9057,0,0,7.024033,304065,G1,CARD
TX_42_9756_9253,0,0,8.922136,161636,G1,NETBANKING
TX_42_9757_7558,1,1,313.740527,165293,G1,UPI
TX_42_9758_2998,0,0,5.917688,310718,G1,WALLET
TX_42_9759_6591,0,0,9.839893,424940,G4,CARD
TX_42_975_8627,0,0,7.41598,444122,G1,CARD
TX_42_9760_8964,0,0,6.147123,316376,G1,CARD
TX_42_9761_1775,0,0,8.778588,217133,G3,UPI
TX_42_9762_4300,1,1,27.674399,397068,G2,UPI
TX_42_9763_7329,0,0,7.5971969999999995,139567,G2,NETBANKING
TX_42_9764_7184,0,0,8.757907,418218,G3,UPI
TX_42_9765_1361,0,0,6.814692,250488,G1,CARD
TX_42_9767_4197,0,0,7.673236,46254,G2,UPI
TX_42_9768_4818,0,0,7.303336,261571,G2,NETBANKING
TX_42_9769_6001,0,0,7.423113,177079,G3,UPI
TX_42_9770_8692,0,0,6.072782,131991,G3,UPI
TX_42_9771_3532,0,0,6.322741,124817,G4,CARD
TX_42_9773_1332,1,1,271.974662,262979,G2,UPI
TX_42_9774_4524,1,1,160.880516,513087,G4,CARD
TX_42_9775_7012,0,0,5.173991,225995,G3,UPI
TX_42_9777_8554,1,1,245.156119,169508,G1,UPI
TX_42_9779_9115,0,0,8.708252,150957,G1,CARD
TX_42_977_3333,0,0,8.895633,130899,G4,UPI
TX_42_9780_9326,0,0,8.036533,277082,G1,WALLET
TX_42_9781_3603,0,0,8.608779,160247,G1,UPI
TX_42_9782_3140,0,0,7.817045,251516,G1,UPI
TX_42_9783_6097,1,1,212.339848,200945,G1,CARD
TX_42_9784_9824,0,0,3.8276440000000003,324725,G1,NETBANKING
TX_42_9785_4472,1,1,51.007286,155623,G1,WALLET
TX_42_9786_9822,0,0,3.396936,249877,G1,WALLET
TX_42_9787_1992,0,0,7.735308,380195,G4,WALLET
TX_42_9789_9779,0,0,6.320035,242493,G2,UPI
TX_42_978_3535,0,0,7.6747689999999995,157766,G1,CARD
TX_42_9790_7715,0,0,8.936591,279654,G2,NETBANKING
TX_42_9791_5950,0,0,5.236979,382774,G2,UPI
TX_42_9792_3733,0,0,7.78076,431526,G1,CARD
TX_42_9794_5798,0,0,8.253554,82978,G1,NETBANKING
TX_42_9795_6105,0,0,6.790574,307027,G2,CARD
TX_42_9796_9829,0,0,7.5231639999999995,456837,G3,UPI
TX_42_9797_3994,0,0,5.228878,431349,G1,NETBANKING
TX_42_9798_7031,0,0,4.25498,240713,G4,UPI
TX_42_9799_8994,1,1,145.242658,477433,G1,UPI
TX_42_979_6260,0,0,8.308365,498118,G4,UPI
TX_42_97_4518,0,0,5.131704,167324,G1,UPI
TX_42_9800_7147,0,0,8.95958,125344,G1,CARD
TX_42_9801_8507,0,0,6.5657820000000005,446611,G2,CARD
TX_42_9802_4755,0,0,6.766202,541542,G4,CARD
TX_42_9803_1150,0,0,7.939891,131431,G2,UPI
TX_42_9804_4336,0,0,6.490583,221235,G3,CARD
TX_42_9805_3254,0,0,5.087278,183971,G3,WALLET
TX_42_9806_3059,0,0,7.4718,172676,G1,NETBANKING
TX_42_9807_8957,0,0,8.04717,390665,G2,UPI
TX_42_9808_6493,0,0,2.490161,242075,G1,CARD
TX_42_9809_8704,1,1,94.741086,65425,G1,UPI
TX_42_9810_1901,0,0,7.947258,525077,G1,WALLET
TX_42_9812_5195,0,0,7.644852,160819,G2,UPI
TX_42_9813_5147,0,0,7.095482,173504,G2,UPI
TX_42_9814_6868,0,0,7.058469,467136,G3,WALLET
TX_42_9815_2802,0,0,6.480202,435435,G2,UPI
TX_42_9816_5281,1,1,103.900986,123859,G3,UPI
TX_42_9817_6319,1,1,170.630244,264648,G2,CARD
TX_42_9818_4125,0,0,9.719253,324786,G2,UPI
TX_42_9819_7075,0,0,6.407418,391302,G1,WALLET
TX_42_981_4392,0,0,5.490291,347368,G4,UPI
TX_42_9820_5240,0,0,7.312989,469653,G4,UPI
TX_42_9821_5835,0,0,7.107,283181,G4,UPI
TX_42_9822_2270,0,0,8.993508,135996,G2,NETBANKING
TX_42_9823_8089,1,1,53.637791,108666,G1,CARD
TX_42_9824_8310,0,0,7.280678,578659,G2,UPI
TX_42_9825_5869,0,0,7.375478,179710,G1,UPI
TX_42_9826_7100,0,0,7.376674,755587,G3,NETBANKING
TX_42_9827_2475,0,0,7.358953,438225,G1,CARD
TX_42_9828_3841,0,0,5.1801639999999995,169248,G1,CARD
TX_42_9829_9887,0,0,5.019353,126610,G3,NETBANKING
TX_42_982_7941,0,0,10.214836,338476,G1,UPI
TX_42_9830_8994,0,0,9.584823,359070,G1,CARD
TX_42_9831_6043,0,0,6.125199,202524,G2,NETBANKING
TX_42_9832_3934,0,0,7.829542,253603,G3,UPI
TX_42_9833_7931,0,0,6.036841,156170,G4,WALLET
TX_42_9834_2164,0,0,7.854242,272595,G2,UPI
TX_42_9835_8115,0,0,11.090502,265122,G2,UPI
TX_42_9836_9257,0,0,8.380468,382724,G1,UPI
TX_42_9837_5574,0,0,6.978648,291042,G2,UPI
TX_42_9838_9354,0,0,9.782999,77445,G2,UPI
TX_42_9839_2401,1,1,121.158741,56281,G3,UPI
TX_42_983_4017,0,0,6.776629,454135,G3,UPI
TX_42_9840_8735,0,0,5.113806,349545,G2,UPI
TX_42_9841_2497,0,0,6.418137,309629,G4,CARD
TX_42_9842_5023,0,0,4.390748,142974,G2,UPI
TX_42_9844_9278,0,0,8.900489,63891,G3,UPI
TX_42_9845_2901,0,0,8.035356,133730,G1,CARD
TX_42_9849_5268,0,0,6.16257,64317,G4,UPI
TX_42_984_4482,0,0,9.193878,403133,G4,UPI
TX_42_9850_9026,0,0,7.392704,344512,G4,UPI
TX_42_9851_7604,0,0,6.154508,414634,G1,UPI
TX_42_9853_9266,0,0,7.059476,477161,G4,NETBANKING
TX_42_9854_8823,0,0,6.495496,116183,G1,NETBANKING
TX_42_9855_6597,1,1,175.858007,483230,G1,UPI
TX_42_9856_5596,0,0,6.602106,143683,G1,CARD
TX_42_9857_2317,0,0,5.863811,147972,G3,UPI
TX_42_9859_2979,0,0,9.392248,114146,G1,UPI
TX_42_985_3793,0,0,4.595982,352525,G3,UPI
TX_42_9860_6087,1,1,32.718323,311164,G2,CARD
TX_42_9861_5228,0,0,7.580164,75022,G1,UPI
TX_42_9862_9089,0,0,5.752842,216802,G1,CARD
TX_42_9864_9886,0,0,6.518584,148476,G1,UPI
TX_42_9865_7067,0,0,8.884694,248267,G2,CARD
TX_42_9866_3063,0,0,7.883085,243047,G1,UPI
TX_42_9867_7904,0,0,6.971041,193379,G3,UPI
TX_42_9868_4624,0,0,8.218068,169538,G1,WALLET
TX_42_9869_9461,0,0,9.701509,180609,G1,WALLET
TX_42_986_7880,0,0,8.500537,97440,G2,UPI
TX_42_9870_7590,0,0,8.017818,369818,G4,UPI
TX_42_9871_8687,0,0,6.76906,574980,G3,WALLET
TX_42_9872_7923,1,1,322.85086,233551,G3,UPI
TX_42_9873_3439,0,0,7.020217,180078,G3,NETBANKING
TX_42_9874_3318,0,0,3.903101,165581,G1,CARD
TX_42_9876_1584,1,1,71.425866,125086,G1,CARD
TX_42_9878_9260,0,0,11.01813,347733,G1,UPI
TX_42_9879_7215,0,0,9.517646,126888,G2,UPI
TX_42_987_2470,0,0,6.730021,215679,G3,UPI
TX_42_9880_2408,1,1,302.194589,379437,G1,UPI
TX_42_9881_7517,0,0,6.823954,77462,G1,UPI
TX_42_9882_6914,0,0,6.586342,472783,G1,UPI
TX_42_9883_5009,0,0,5.8887350000000005,225058,G1,WALLET
TX_42_9884_7565,0,0,10.472311,259179,G3,UPI
TX_42_9885_4347,0,0,4.314024,32287,G3,CARD
TX_42_9886_4330,1,1,248.284214,208146,G2,CARD
TX_42_9887_5764,0,0,6.049966,418605,G2,WALLET
TX_42_9889_1668,0,0,7.490739,224731,G1,UPI
TX_42_9890_2598,0,0,7.934279,111859,G2,CARD
TX_42_9891_3566,0,0,8.807328,383181,G1,UPI
TX_42_9892_5681,0,0,8.499239,243231,G1,CARD
TX_42_9893_7318,0,0,6.586333,706230,G3,UPI
TX_42_9894_3648,0,0,7.196471,495766,G1,UPI
TX_42_9895_2774,0,0,6.406882,300719,G3,CARD
TX_42_9896_5490,0,0,6.702833,485513,G1,CARD
TX_42_9897_1169,0,0,8.636697999999999,314440,G3,CARD
TX_42_9898_6234,0,0,6.795262,147876,G1,CARD
TX_42_9899_7304,0,0,8.103129,125354,G1,UPI
TX_42_989_8106,0,0,3.169989,188103,G2,WALLET
TX_42_9900_4229,0,0,4.203673,166300,G3,UPI
TX_42_9901_5696,0,0,7.16408,627714,G1,UPI
TX_42_9902_2933,0,0,4.766972,132891,G1,UPI
TX_42_9903_2849,1,1,35.473694,506002,G1,CARD
TX_42_9904_7677,0,0,8.30469,445679,G4,CARD
TX_42_9905_3572,0,0,8.027841,264694,G1,UPI
TX_42_9907_2774,0,0,10.379905,153815,G3,NETBANKING
TX_42_9908_9910,0,0,10.67572,149415,G1,WALLET
TX_42_9909_8882,1,1,257.845442,195566,G3,CARD
TX_42_990_9903,1,1,20.680944,253631,G2,UPI
TX_42_9910_9107,0,0,3.152062,257907,G1,CARD
TX_42_9911_7048,0,0,5.303206,105396,G1,UPI
TX_42_9912_3533,0,0,7.295595,430193,G3,NETBANKING
TX_42_9913_8445,0,0,5.386667,63750,G2,UPI
TX_42_9915_6204,0,0,7.352873,518803,G2,UPI
TX_42_9916_2903,0,0,7.149532,213843,G1,UPI
TX_42_9917_6417,0,0,5.942006,106078,G2,UPI
TX_42_9919_4919,0,0,8.707152,418756,G1,UPI
TX_42_991_3687,0,0,10.10706,308439,G1,WALLET
TX_42_9921_4120,0,0,6.666739,327147,G3,CARD
TX_42_9923_7507,0,0,9.216055,361507,G2,UPI
TX_42_9924_3886,0,0,6.791573,363382,G4,NETBANKING
TX_42_9925_6579,0,0,5.555415,177237,G2,UPI
TX_42_9926_4975,0,0,4.489015,451649,G2,UPI
TX_42_9927_7868,0,0,5.172648,363784,G3,UPI
TX_42_9928_3084,0,0,8.87872,127595,G1,NETBANKING
TX_42_9929_3240,1,1,276.347521,139991,G1,UPI
TX_42_9930_4357,0,0,7.609074,108532,G2,UPI
TX_42_9931_4179,1,1,304.305698,149939,G3,CARD
TX_42_9932_1288,0,0,8.718472,367488,G1,UPI
TX_42_9933_4400,0,0,5.589552,332621,G1,CARD
TX_42_9934_4980,0,0,9.711884,131092,G1,UPI
TX_42_9935_9464,0,0,6.58754,513284,G3,CARD
TX_42_9936_7847,0,0,4.359051,80996,G3,UPI
TX_42_9937_7589,0,0,4.435525,245950,G1,CARD
TX_42_9939_6576,0,0,5.426815,214387,G1,UPI
TX_42_993_2511,0,0,4.3807030000000005,313837,G1,UPI
TX_42_9940_5514,0,0,5.918452,416248,G1,NETBANKING
TX_42_9941_1041,1,1,126.225248,111783,G2,UPI
TX_42_9943_9458,0,0,4.758939,110089,G1,CARD
TX_42_9945_5537,0,0,2.7870559999999998,259112,G3,CARD
TX_42_9946_7531,1,1,179.959637,490619,G2,UPI
TX_42_9947_2706,0,0,8.482679,197827,G2,CARD
TX_42_9948_3384,0,0,6.252292,534970,G2,UPI
TX_42_9949_3368,0,0,8.045685,398829,G1,UPI
TX_42_994_1188,0,0,5.989724,137057,G1,CARD
TX_42_9950_9491,0,0,6.690819,285014,G1,CARD
TX_42_9951_8086,0,0,6.613827,381969,G2,NETBANKING
TX_42_9952_3176,0,0,8.873256,183624,G1,UPI
TX_42_9953_3115,0,0,7.71674,110641,G1,UPI
TX_42_9954_9092,1,1,76.812968,263929,G4,CARD
TX_42_9957_9809,0,0,6.995315,320343,G1,UPI
TX_42_9959_4928,0,0,6.423144,178022,G1,UPI
TX_42_995_8202,0,0,6.977877,188509,G3,CARD
TX_42_9960_2937,0,0,7.69189,195299,G1,UPI
TX_42_9962_3761,1,1,218.301521,261990,G4,UPI
TX_42_9963_8306,0,0,8.466967,507001,G1,NETBANKING
TX_42_9965_8621,0,0,9.005497,81020,G1,UPI
TX_42_9966_8793,0,0,7.851905,297992,G2,UPI
TX_42_9967_3312,0,0,6.131327,144115,G1,UPI
TX_42_996_7822,1,1,31.400143,550247,G2,CARD
TX_42_9970_8972,0,0,3.797087,79412,G1,CARD
TX_42_9971_1621,0,0,6.794411,258797,G1,UPI
TX_42_9972_3986,1,1,260.195082,105964,G3,UPI
TX_42_9975_1771,0,0,11.250331,159922,G1,NETBANKING
TX_42_9976_1800,0,0,5.074266,235220,G2,CARD
TX_42_9979_8418,0,0,6.855652,112716,G1,CARD
TX_42_997_9868,0,0,6.238361,228709,G2,CARD
TX_42_9981_3457,0,0,6.198962,524175,G2,UPI
TX_42_9983_3712,0,0,9.591318,372609,G4,UPI
TX_42_9984_1283,0,0,6.447255,299392,G3,CARD
TX_42_9985_2702,0,0,7.548896,345541,G2,CARD
TX_42_9986_1920,0,0,8.712403,230539,G4,CARD
TX_42_9987_5860,0,0,7.235756,164867,G3,NETBANKING
TX_42_9989_3423,1,1,16.2757,206353,G2,WALLET
TX_42_998_1031,0,0,6.061467,202527,G1,UPI
TX_42_9990_2958,0,0,7.350571,521644,G2,WALLET
TX_42_9991_8057,0,0,9.249821,85690,G4,CARD
TX_42_9993_1518,0,0,7.750382,475650,G3,CARD
TX_42_9994_9122,0,0,8.300936,361010,G2,UPI
TX_42_9995_9175,1,1,99.947376,536188,G1,UPI
TX_42_9997_6783,1,1,167.331924,137299,G1,CARD
TX_42_9998_4586,0,0,9.717986,179983,G3,UPI
TX_42_9999_3152,0,0,7.8071909999999995,123882,G1,UPI
TX_42_999_9650,0,0,5.151848,223191,G1,UPI
TX_42_99_9119,0,0,6.299055,72033,G2,NETBANKING
