transaction_id,loss_flag,loss_amount,loss_type
TX_42_0_1861,False,0,
TX_42_1_4373,False,0,
TX_42_2_7324,False,0,
TX_42_4_2630,False,0,
TX_42_6_9112,True,329865,PAYMENT_STATE_DIVERGENCE
TX_42_8_8069,False,0,
TX_42_11_2517,False,0,
TX_42_12_1183,False,0,
TX_42_13_7305,False,0,
TX_42_14_9185,False,0,
TX_42_15_8409,False,0,
TX_42_16_5939,True,555813,CHARGEBACK
TX_42_19_8658,False,0,
TX_42_20_2956,False,0,
TX_42_21_1961,False,0,
TX_42_22_7316,False,0,
TX_42_23_5906,False,0,
TX_42_24_8483,False,0,
TX_42_25_4561,False,0,
TX_42_26_7197,False,0,
TX_42_27_3330,False,0,
TX_42_28_3843,False,0,
TX_42_29_5933,False,0,
TX_42_30_8910,False,0,
TX_42_33_8498,False,0,
TX_42_34_2269,False,0,
TX_42_35_5155,False,0,
TX_42_38_4866,False,0,
TX_42_39_9832,False,0,
TX_42_40_8493,False,0,
TX_42_41_4512,False,0,
TX_42_42_7578,False,0,
TX_42_43_1375,False,0,
TX_42_44_4637,False,0,
TX_42_45_3381,False,0,
TX_42_46_7360,False,0,
TX_42_47_8345,True,255948,CHARGEBACK
TX_42_48_4715,False,0,
TX_42_49_8933,False,0,
TX_42_50_1171,False,0,
TX_42_52_9671,False,0,
TX_42_53_5270,False,0,
TX_42_54_3313,False,0,
TX_42_55_2819,False,0,
TX_42_56_6911,False,0,
TX_42_57_6428,False,0,
TX_42_59_3887,False,0,
TX_42_60_4296,False,0,
TX_42_61_7772,False,0,
TX_42_62_6650,False,0,
TX_42_64_2033,False,0,
TX_42_65_7222,False,0,
TX_42_66_8465,False,0,
TX_42_67_5086,False,0,
TX_42_70_4197,False,0,
TX_42_71_6178,False,0,
TX_42_72_4158,False,0,
TX_42_73_2340,False,0,
TX_42_77_8893,False,0,
TX_42_78_2128,False,0,
TX_42_79_5961,False,0,
TX_42_80_2867,False,0,
TX_42_82_1060,False,0,
TX_42_85_3728,False,0,
TX_42_86_7269,False,0,
TX_42_87_7257,False,0,
TX_42_90_7481,False,0,
TX_42_91_7704,False,0,
TX_42_93_4276,False,0,
TX_42_95_4364,False,0,
TX_42_97_4518,False,0,
TX_42_99_9119,False,0,
TX_42_100_9534,False,0,
TX_42_101_9627,False,0,
TX_42_102_5887,False,0,
TX_42_104_7782,False,0,
TX_42_105_3682,True,326100,PAYMENT_STATE_DIVERGENCE
TX_42_107_5196,False,0,
TX_42_108_3793,False,0,
TX_42_109_5567,False,0,
TX_42_110_4491,False,0,
TX_42_111_4057,False,0,
TX_42_112_5150,False,0,
TX_42_114_4443,False,0,
TX_42_115_5052,False,0,
TX_42_117_2992,False,0,
TX_42_118_6819,False,0,
TX_42_119_1988,False,0,
TX_42_120_7310,True,265301,CHARGEBACK
TX_42_121_3064,False,0,
TX_42_122_1508,False,0,
TX_42_123_8160,False,0,
TX_42_126_5934,False,0,
TX_42_127_4932,False,0,
TX_42_128_2932,False,0,
TX_42_129_2928,False,0,
TX_42_130_5161,False,0,
TX_42_131_1501,False,0,
TX_42_132_7799,False,0,
TX_42_133_9677,False,0,
TX_42_134_8759,False,0,
TX_42_135_2840,False,0,
TX_42_137_8938,False,0,
TX_42_138_2294,False,0,
TX_42_139_3208,False,0,
TX_42_141_3431,False,0,
TX_42_142_5025,False,0,
TX_42_143_9553,False,0,
TX_42_145_7379,False,0,
TX_42_146_5675,False,0,
TX_42_147_2790,False,0,
TX_42_148_9788,False,0,
TX_42_149_7870,False,0,
TX_42_150_7875,False,0,
TX_42_151_2392,False,0,
TX_42_152_4981,False,0,
TX_42_153_8610,False,0,
TX_42_154_7865,False,0,
TX_42_157_6188,False,0,
TX_42_158_1340,False,0,
TX_42_159_5792,False,0,
TX_42_163_8875,False,0,
TX_42_164_9106,False,0,
TX_42_165_7957,False,0,
TX_42_166_9328,False,0,
TX_42_167_4435,False,0,
TX_42_168_7261,False,0,
TX_42_169_2174,False,0,
TX_42_170_5491,True,377881,CHARGEBACK
TX_42_172_9809,False,0,
TX_42_173_2387,False,0,
TX_42_174_3220,False,0,
TX_42_175_4845,False,0,
TX_42_176_1748,False,0,
TX_42_177_8490,False,0,
TX_42_178_2824,False,0,
TX_42_181_3711,False,0,
TX_42_182_8002,False,0,
TX_42_184_7163,False,0,
TX_42_185_1974,False,0,
TX_42_186_7839,True,210889,PAYMENT_STATE_DIVERGENCE
TX_42_187_4061,False,0,
TX_42_188_9073,False,0,
TX_42_189_3739,False,0,
TX_42_190_3374,False,0,
TX_42_193_4808,False,0,
TX_42_194_3979,False,0,
TX_42_195_9340,False,0,
TX_42_197_5987,False,0,
TX_42_199_7843,False,0,
TX_42_200_9791,False,0,
TX_42_201_2309,False,0,
TX_42_202_2834,False,0,
TX_42_203_4324,False,0,
TX_42_204_1145,False,0,
TX_42_205_2386,False,0,
TX_42_208_4541,False,0,
TX_42_209_9736,False,0,
TX_42_210_6087,False,0,
TX_42_211_4349,False,0,
TX_42_212_7772,False,0,
TX_42_213_3322,False,0,
TX_42_214_7668,False,0,
TX_42_215_1329,False,0,
TX_42_217_7111,False,0,
TX_42_218_7524,False,0,
TX_42_219_1892,False,0,
TX_42_221_2725,False,0,
TX_42_222_6902,False,0,
TX_42_223_3158,False,0,
TX_42_224_8872,False,0,
TX_42_225_9459,False,0,
TX_42_226_5616,False,0,
TX_42_227_4399,False,0,
TX_42_228_2403,False,0,
TX_42_229_4653,False,0,
TX_42_230_5394,False,0,
TX_42_231_8741,False,0,
TX_42_232_2186,False,0,
TX_42_234_8378,False,0,
TX_42_235_9903,False,0,
TX_42_236_6769,False,0,
TX_42_237_1986,False,0,
TX_42_238_4081,False,0,
TX_42_239_2088,False,0,
TX_42_240_5725,False,0,
TX_42_241_1256,False,0,
TX_42_242_8616,False,0,
TX_42_244_4644,False,0,
TX_42_245_5568,False,0,
TX_42_246_2359,False,0,
TX_42_247_9650,False,0,
TX_42_248_7709,False,0,
TX_42_249_8641,False,0,
TX_42_250_1556,False,0,
TX_42_251_2986,False,0,
TX_42_252_5483,False,0,
TX_42_253_4218,False,0,
TX_42_254_6790,False,0,
TX_42_255_8287,False,0,
TX_42_256_1929,False,0,
TX_42_258_1897,False,0,
TX_42_260_5099,False,0,
TX_42_262_9399,False,0,
TX_42_263_4409,False,0,
TX_42_264_8829,False,0,
TX_42_265_3273,False,0,
TX_42_267_8678,False,0,
TX_42_269_1329,False,0,
TX_42_270_4670,False,0,
TX_42_271_2329,False,0,
TX_42_273_2340,False,0,
TX_42_274_9494,False,0,
TX_42_275_1430,False,0,
TX_42_276_6558,False,0,
TX_42_278_9216,False,0,
TX_42_280_1889,False,0,
TX_42_281_3415,False,0,
TX_42_282_9047,False,0,
TX_42_283_9015,False,0,
TX_42_284_8218,False,0,
TX_42_288_8637,False,0,
TX_42_289_5019,False,0,
TX_42_290_2673,False,0,
TX_42_291_1958,False,0,
TX_42_293_7192,False,0,
TX_42_294_5027,False,0,
TX_42_295_2660,False,0,
TX_42_296_3575,False,0,
TX_42_297_2437,False,0,
TX_42_298_2434,False,0,
TX_42_299_5677,False,0,
TX_42_300_5675,False,0,
TX_42_301_6435,False,0,
TX_42_302_2369,False,0,
TX_42_303_1569,False,0,
TX_42_304_3303,False,0,
TX_42_305_9150,False,0,
TX_42_306_9402,False,0,
TX_42_307_8910,False,0,
TX_42_308_9060,False,0,
TX_42_309_3169,False,0,
TX_42_310_8565,False,0,
TX_42_311_5513,False,0,
TX_42_312_8091,True,553973,CHARGEBACK
TX_42_313_6591,False,0,
TX_42_314_8843,True,184431,REFUND_ERROR
TX_42_316_2074,False,0,
TX_42_317_2780,False,0,
TX_42_318_4598,False,0,
TX_42_320_7668,False,0,
TX_42_321_1258,False,0,
TX_42_322_2193,False,0,
TX_42_323_9166,False,0,
TX_42_324_8971,False,0,
TX_42_325_9500,False,0,
TX_42_326_7900,False,0,
TX_42_328_6611,False,0,
TX_42_329_8420,False,0,
TX_42_330_7560,False,0,
TX_42_331_3196,False,0,
TX_42_332_9179,False,0,
TX_42_333_6604,False,0,
TX_42_334_1352,False,0,
TX_42_335_7229,False,0,
TX_42_337_8963,False,0,
TX_42_338_6633,False,0,
TX_42_339_7805,False,0,
TX_42_340_7413,False,0,
TX_42_341_8635,False,0,
TX_42_342_6664,False,0,
TX_42_343_5791,False,0,
TX_42_344_1530,False,0,
TX_42_345_1557,False,0,
TX_42_346_7446,False,0,
TX_42_347_1883,False,0,
TX_42_349_3072,False,0,
TX_42_350_6373,False,0,
TX_42_352_3160,False,0,
TX_42_353_9408,False,0,
TX_42_354_7764,False,0,
TX_42_356_2701,False,0,
TX_42_357_8989,False,0,
TX_42_358_8741,False,0,
TX_42_359_6546,False,0,
TX_42_360_1376,False,0,
TX_42_362_3903,False,0,
TX_42_364_4424,False,0,
TX_42_365_9556,False,0,
TX_42_367_4247,False,0,
TX_42_369_9600,False,0,
TX_42_370_1158,False,0,
TX_42_371_3306,False,0,
TX_42_372_1567,False,0,
TX_42_373_1465,False,0,
TX_42_374_3369,False,0,
TX_42_375_9001,False,0,
TX_42_376_9412,False,0,
TX_42_379_6768,False,0,
TX_42_380_1949,False,0,
TX_42_382_2849,False,0,
TX_42_383_6039,False,0,
TX_42_386_6486,False,0,
TX_42_387_5107,False,0,
TX_42_388_8196,False,0,
TX_42_389_1492,False,0,
TX_42_390_8556,False,0,
TX_42_392_1942,False,0,
TX_42_393_1236,False,0,
TX_42_395_4759,False,0,
TX_42_396_1279,False,0,
TX_42_397_5841,False,0,
TX_42_402_2615,False,0,
TX_42_404_6030,False,0,
TX_42_405_3395,True,607925,CHARGEBACK
TX_42_406_9835,False,0,
TX_42_407_8746,False,0,
TX_42_408_8041,False,0,
TX_42_410_3521,False,0,
TX_42_412_1079,False,0,
TX_42_413_6715,False,0,
TX_42_414_8008,False,0,
TX_42_415_9271,False,0,
TX_42_416_2134,False,0,
TX_42_417_4700,False,0,
TX_42_418_3899,False,0,
TX_42_420_6386,False,0,
TX_42_421_3015,False,0,
TX_42_422_2886,False,0,
TX_42_423_6025,False,0,
TX_42_425_1287,False,0,
TX_42_426_1947,False,0,
TX_42_427_3511,False,0,
TX_42_428_4927,False,0,
TX_42_429_1027,False,0,
TX_42_430_4647,False,0,
TX_42_432_1596,False,0,
TX_42_433_6196,False,0,
TX_42_434_9172,True,331433,CHARGEBACK
TX_42_435_5250,False,0,
TX_42_436_6644,False,0,
TX_42_437_5723,False,0,
TX_42_438_3646,False,0,
TX_42_440_9653,False,0,
TX_42_441_7457,False,0,
TX_42_442_4239,False,0,
TX_42_443_9803,False,0,
TX_42_445_4890,False,0,
TX_42_446_7446,False,0,
TX_42_447_8933,False,0,
TX_42_448_5899,False,0,
TX_42_449_2368,False,0,
TX_42_451_2706,False,0,
TX_42_452_4681,False,0,
TX_42_453_7071,False,0,
TX_42_454_1179,False,0,
TX_42_455_2781,False,0,
TX_42_456_4495,False,0,
TX_42_457_3861,False,0,
TX_42_458_8150,False,0,
TX_42_459_9111,False,0,
TX_42_460_6327,False,0,
TX_42_462_5846,False,0,
TX_42_463_6367,False,0,
TX_42_464_6400,False,0,
TX_42_465_3779,False,0,
TX_42_466_3615,False,0,
TX_42_467_8816,False,0,
TX_42_470_7917,False,0,
TX_42_471_2352,False,0,
TX_42_472_1678,False,0,
TX_42_473_9723,False,0,
TX_42_475_1388,False,0,
TX_42_476_9620,False,0,
TX_42_477_5066,False,0,
TX_42_480_7373,False,0,
TX_42_481_6761,False,0,
TX_42_482_9045,False,0,
TX_42_483_8120,False,0,
TX_42_484_3846,False,0,
TX_42_485_3686,False,0,
TX_42_486_6631,False,0,
TX_42_487_4692,False,0,
TX_42_489_6861,False,0,
TX_42_490_9530,False,0,
TX_42_492_6489,False,0,
TX_42_493_1020,False,0,
TX_42_494_5105,False,0,
TX_42_496_4081,False,0,
TX_42_497_3493,False,0,
TX_42_498_9794,False,0,
TX_42_500_5133,False,0,
TX_42_502_8066,False,0,
TX_42_503_7997,False,0,
TX_42_505_7385,False,0,
TX_42_506_8518,False,0,
TX_42_507_1926,False,0,
TX_42_509_1914,False,0,
TX_42_510_6380,False,0,
TX_42_511_9499,False,0,
TX_42_512_5543,False,0,
TX_42_513_4651,False,0,
TX_42_514_3693,False,0,
TX_42_516_4107,True,303121,PAYMENT_STATE_DIVERGENCE
TX_42_517_3543,False,0,
TX_42_518_2795,False,0,
TX_42_519_7995,False,0,
TX_42_520_1710,False,0,
TX_42_521_1653,False,0,
TX_42_522_4766,False,0,
TX_42_523_7229,False,0,
TX_42_524_2699,False,0,
TX_42_525_6869,False,0,
TX_42_526_6385,False,0,
TX_42_527_8144,False,0,
TX_42_529_1861,False,0,
TX_42_530_6962,False,0,
TX_42_531_5257,False,0,
TX_42_532_2191,False,0,
TX_42_533_2772,False,0,
TX_42_534_4956,False,0,
TX_42_535_2037,False,0,
TX_42_537_3137,False,0,
TX_42_538_8583,False,0,
TX_42_539_9727,False,0,
TX_42_540_2308,False,0,
TX_42_542_3788,False,0,
TX_42_543_2210,False,0,
TX_42_544_1518,False,0,
TX_42_545_4085,False,0,
TX_42_546_3394,False,0,
TX_42_547_5971,False,0,
TX_42_549_2505,False,0,
TX_42_550_1551,False,0,
TX_42_551_7629,False,0,
TX_42_552_9962,False,0,
TX_42_553_6234,False,0,
TX_42_555_6969,False,0,
TX_42_556_9291,False,0,
TX_42_557_6783,False,0,
TX_42_558_2617,False,0,
TX_42_559_7337,False,0,
TX_42_560_1037,False,0,
TX_42_561_4190,False,0,
TX_42_563_2361,False,0,
TX_42_564_7467,False,0,
TX_42_565_1064,False,0,
TX_42_567_7194,False,0,
TX_42_568_8263,False,0,
TX_42_569_4449,False,0,
TX_42_570_3271,False,0,
TX_42_571_2234,True,316406,PAYMENT_STATE_DIVERGENCE
TX_42_572_3951,False,0,
TX_42_573_8160,False,0,
TX_42_575_7458,False,0,
TX_42_576_1751,False,0,
TX_42_577_8700,False,0,
TX_42_578_9558,False,0,
TX_42_579_4716,False,0,
TX_42_580_4194,False,0,
TX_42_581_1723,False,0,
TX_42_582_1949,False,0,
TX_42_585_3067,False,0,
TX_42_586_7811,False,0,
TX_42_587_7322,False,0,
TX_42_588_7590,False,0,
TX_42_590_7327,False,0,
TX_42_591_3780,False,0,
TX_42_592_6279,False,0,
TX_42_593_8868,False,0,
TX_42_594_6948,False,0,
TX_42_596_1414,False,0,
TX_42_597_9535,False,0,
TX_42_598_4360,False,0,
TX_42_600_9689,False,0,
TX_42_601_9032,False,0,
TX_42_602_1615,False,0,
TX_42_604_6691,False,0,
TX_42_605_4574,False,0,
TX_42_606_2120,False,0,
TX_42_607_6207,False,0,
TX_42_609_1549,False,0,
TX_42_610_2691,False,0,
TX_42_611_7023,False,0,
TX_42_612_6412,False,0,
TX_42_613_1929,False,0,
TX_42_614_9448,False,0,
TX_42_615_6151,False,0,
TX_42_616_6717,False,0,
TX_42_617_2152,False,0,
TX_42_618_7932,False,0,
TX_42_619_7587,False,0,
TX_42_620_7274,False,0,
TX_42_621_5224,False,0,
TX_42_623_2781,False,0,
TX_42_624_8983,False,0,
TX_42_625_8615,False,0,
TX_42_626_9909,False,0,
TX_42_630_7844,False,0,
TX_42_631_4598,False,0,
TX_42_632_6917,False,0,
TX_42_633_6484,False,0,
TX_42_634_6413,False,0,
TX_42_635_9632,False,0,
TX_42_636_2222,False,0,
TX_42_638_4439,False,0,
TX_42_639_1329,False,0,
TX_42_640_3448,False,0,
TX_42_642_8911,False,0,
TX_42_644_5999,False,0,
TX_42_645_4747,False,0,
TX_42_646_5166,False,0,
TX_42_647_5378,False,0,
TX_42_649_2237,False,0,
TX_42_650_9273,False,0,
TX_42_651_2586,False,0,
TX_42_652_6416,False,0,
TX_42_654_2235,False,0,
TX_42_655_5527,False,0,
TX_42_657_8354,False,0,
TX_42_658_1842,False,0,
TX_42_659_1381,False,0,
TX_42_660_7415,False,0,
TX_42_661_1479,False,0,
TX_42_662_2217,False,0,
TX_42_663_2577,False,0,
TX_42_664_9195,False,0,
TX_42_665_4044,False,0,
TX_42_666_2486,False,0,
TX_42_667_8185,False,0,
TX_42_668_8216,False,0,
TX_42_669_9032,False,0,
TX_42_670_8994,False,0,
TX_42_671_8147,False,0,
TX_42_672_9924,False,0,
TX_42_673_9829,False,0,
TX_42_674_6846,False,0,
TX_42_677_4434,False,0,
TX_42_678_7066,False,0,
TX_42_679_6086,False,0,
TX_42_680_2185,False,0,
TX_42_682_9100,False,0,
TX_42_683_6480,False,0,
TX_42_684_1576,False,0,
TX_42_685_4520,False,0,
TX_42_686_1841,False,0,
TX_42_687_9149,False,0,
TX_42_688_1473,False,0,
TX_42_689_2066,False,0,
TX_42_690_3563,False,0,
TX_42_691_1749,False,0,
TX_42_692_4816,False,0,
TX_42_693_3472,False,0,
TX_42_695_1837,False,0,
TX_42_696_6243,False,0,
TX_42_697_8677,False,0,
TX_42_699_6565,False,0,
TX_42_701_7161,False,0,
TX_42_702_2070,False,0,
TX_42_703_7406,False,0,
TX_42_704_8458,False,0,
TX_42_705_8257,False,0,
TX_42_707_5013,False,0,
TX_42_708_1584,False,0,
TX_42_710_6380,False,0,
TX_42_712_9680,False,0,
TX_42_713_9989,False,0,
TX_42_714_3156,False,0,
TX_42_715_4943,False,0,
TX_42_716_9149,False,0,
TX_42_717_2466,False,0,
TX_42_719_9406,False,0,
TX_42_721_7882,False,0,
TX_42_722_9108,False,0,
TX_42_723_9126,False,0,
TX_42_724_9645,False,0,
TX_42_726_6868,False,0,
TX_42_727_1079,False,0,
TX_42_728_3660,False,0,
TX_42_730_5367,False,0,
TX_42_731_3203,False,0,
TX_42_732_1118,False,0,
TX_42_733_5290,False,0,
TX_42_735_4603,False,0,
TX_42_736_4763,False,0,
TX_42_737_8201,False,0,
TX_42_738_1184,False,0,
TX_42_739_2717,False,0,
TX_42_740_7340,False,0,
TX_42_741_8506,False,0,
TX_42_742_8641,False,0,
TX_42_743_3407,False,0,
TX_42_744_2746,False,0,
TX_42_745_5800,False,0,
TX_42_747_8359,False,0,
TX_42_748_5651,False,0,
TX_42_749_6607,False,0,
TX_42_751_3380,False,0,
TX_42_752_8750,False,0,
TX_42_753_9956,False,0,
TX_42_754_7546,False,0,
TX_42_755_2452,False,0,
TX_42_758_7671,False,0,
TX_42_759_9452,False,0,
TX_42_760_9787,False,0,
TX_42_762_6909,False,0,
TX_42_763_6305,False,0,
TX_42_764_4696,True,206933,CHARGEBACK
TX_42_765_6609,False,0,
TX_42_766_3039,False,0,
TX_42_767_3450,False,0,
TX_42_768_3080,False,0,
TX_42_770_2329,False,0,
TX_42_772_1787,False,0,
TX_42_773_6938,False,0,
TX_42_774_1754,False,0,
TX_42_775_3416,False,0,
TX_42_776_2315,False,0,
TX_42_777_5182,False,0,
TX_42_778_9140,False,0,
TX_42_779_2472,False,0,
TX_42_780_8177,False,0,
TX_42_781_6726,False,0,
TX_42_783_8890,False,0,
TX_42_784_1132,False,0,
TX_42_785_3127,False,0,
TX_42_786_1954,False,0,
TX_42_787_8703,False,0,
TX_42_788_1947,False,0,
TX_42_789_8002,False,0,
TX_42_790_3274,False,0,
TX_42_791_4887,False,0,
TX_42_792_5245,False,0,
TX_42_793_7841,False,0,
TX_42_794_7037,False,0,
TX_42_795_2353,False,0,
TX_42_796_7376,False,0,
TX_42_797_4185,False,0,
TX_42_798_8568,False,0,
TX_42_800_8852,False,0,
TX_42_801_2602,False,0,
TX_42_803_8465,False,0,
TX_42_806_4649,False,0,
TX_42_807_3625,False,0,
TX_42_808_5385,False,0,
TX_42_809_5133,False,0,
TX_42_811_7212,False,0,
TX_42_812_1794,False,0,
TX_42_813_9503,False,0,
TX_42_814_1232,False,0,
TX_42_815_7544,False,0,
TX_42_816_4433,False,0,
TX_42_818_9767,False,0,
TX_42_819_6575,False,0,
TX_42_820_7881,False,0,
TX_42_821_4345,False,0,
TX_42_823_5407,False,0,
TX_42_824_3727,False,0,
TX_42_825_4624,False,0,
TX_42_826_8288,False,0,
TX_42_827_8732,False,0,
TX_42_828_9541,False,0,
TX_42_829_7304,False,0,
TX_42_830_7714,False,0,
TX_42_831_8734,False,0,
TX_42_832_9972,False,0,
TX_42_833_7152,False,0,
TX_42_834_7299,True,332540,PAYMENT_STATE_DIVERGENCE
TX_42_835_4533,False,0,
TX_42_840_4625,False,0,
TX_42_841_4837,False,0,
TX_42_842_2317,False,0,
TX_42_843_3074,False,0,
TX_42_844_4646,False,0,
TX_42_845_9345,False,0,
TX_42_846_4393,False,0,
TX_42_848_7370,False,0,
TX_42_849_8546,False,0,
TX_42_850_9621,False,0,
TX_42_851_5533,False,0,
TX_42_852_5210,False,0,
TX_42_853_2132,False,0,
TX_42_856_2274,False,0,
TX_42_858_6818,False,0,
TX_42_859_2289,False,0,
TX_42_860_4140,False,0,
TX_42_861_8312,False,0,
TX_42_862_2070,False,0,
TX_42_863_8641,False,0,
TX_42_864_7044,False,0,
TX_42_866_3981,False,0,
TX_42_868_1029,False,0,
TX_42_869_1712,False,0,
TX_42_870_1240,False,0,
TX_42_871_3355,False,0,
TX_42_872_2093,False,0,
TX_42_873_7504,False,0,
TX_42_874_3364,False,0,
TX_42_875_2116,False,0,
TX_42_876_8087,False,0,
TX_42_878_3594,False,0,
TX_42_881_8519,False,0,
TX_42_882_4557,False,0,
TX_42_884_4590,False,0,
TX_42_885_6710,False,0,
TX_42_886_6101,False,0,
TX_42_887_7919,False,0,
TX_42_888_9295,False,0,
TX_42_889_8962,False,0,
TX_42_890_3672,False,0,
TX_42_891_6120,False,0,
TX_42_892_6088,False,0,
TX_42_893_7707,False,0,
TX_42_896_8432,False,0,
TX_42_897_6820,False,0,
TX_42_898_9027,False,0,
TX_42_899_2744,False,0,
TX_42_900_3200,False,0,
TX_42_901_7764,False,0,
TX_42_902_3741,False,0,
TX_42_903_3232,False,0,
TX_42_904_9964,False,0,
TX_42_905_1954,False,0,
TX_42_906_9588,False,0,
TX_42_907_1975,False,0,
TX_42_908_3466,False,0,
TX_42_909_2493,False,0,
TX_42_910_9209,False,0,
TX_42_911_3431,False,0,
TX_42_912_1968,False,0,
TX_42_913_1088,False,0,
TX_42_914_4764,False,0,
TX_42_917_6208,False,0,
TX_42_919_5785,False,0,
TX_42_920_7625,False,0,
TX_42_921_3910,False,0,
TX_42_923_3025,False,0,
TX_42_924_5719,False,0,
TX_42_925_1056,False,0,
TX_42_926_4255,False,0,
TX_42_927_9196,False,0,
TX_42_928_8038,False,0,
TX_42_929_6449,False,0,
TX_42_930_8660,False,0,
TX_42_931_4452,False,0,
TX_42_933_2403,False,0,
TX_42_934_3662,False,0,
TX_42_936_4559,False,0,
TX_42_937_5026,False,0,
TX_42_938_6691,False,0,
TX_42_939_6110,False,0,
TX_42_940_2186,False,0,
TX_42_941_4748,False,0,
TX_42_942_4503,True,212141,CHARGEBACK
TX_42_943_9914,True,181776,REFUND_ERROR
TX_42_944_7819,False,0,
TX_42_946_1887,False,0,
TX_42_947_7691,False,0,
TX_42_948_8260,False,0,
TX_42_949_3984,False,0,
TX_42_950_3555,False,0,
TX_42_951_2795,False,0,
TX_42_953_9769,False,0,
TX_42_954_3740,False,0,
TX_42_957_6439,False,0,
TX_42_958_2946,False,0,
TX_42_959_2552,False,0,
TX_42_960_3905,False,0,
TX_42_961_3843,False,0,
TX_42_964_8860,False,0,
TX_42_965_4435,False,0,
TX_42_966_5434,False,0,
TX_42_967_8760,False,0,
TX_42_969_2628,False,0,
TX_42_970_9794,False,0,
TX_42_971_7880,False,0,
TX_42_972_2554,False,0,
TX_42_973_1208,False,0,
TX_42_974_7100,False,0,
TX_42_975_8627,False,0,
TX_42_977_3333,False,0,
TX_42_978_3535,False,0,
TX_42_979_6260,False,0,
TX_42_981_4392,False,0,
TX_42_982_7941,False,0,
TX_42_983_4017,False,0,
TX_42_984_4482,False,0,
TX_42_985_3793,False,0,
TX_42_986_7880,False,0,
TX_42_987_2470,False,0,
TX_42_989_8106,False,0,
TX_42_990_9903,False,0,
TX_42_991_3687,False,0,
TX_42_993_2511,False,0,
TX_42_994_1188,False,0,
TX_42_995_8202,False,0,
TX_42_996_7822,False,0,
TX_42_997_9868,False,0,
TX_42_998_1031,False,0,
TX_42_999_9650,False,0,
TX_42_1001_6284,False,0,
TX_42_1002_1415,False,0,
TX_42_1003_8299,False,0,
TX_42_1004_6014,False,0,
TX_42_1005_5125,False,0,
TX_42_1006_6103,False,0,
TX_42_1007_1078,False,0,
TX_42_1009_3700,False,0,
TX_42_1010_2805,False,0,
TX_42_1011_6515,False,0,
TX_42_1014_6456,False,0,
TX_42_1015_1110,False,0,
TX_42_1016_1284,False,0,
TX_42_1017_9633,False,0,
TX_42_1018_4405,False,0,
TX_42_1019_3200,False,0,
TX_42_1020_1368,False,0,
TX_42_1021_2050,False,0,
TX_42_1024_7508,False,0,
TX_42_1027_1372,False,0,
TX_42_1030_6922,False,0,
TX_42_1031_5986,False,0,
TX_42_1032_5274,False,0,
TX_42_1033_5001,False,0,
TX_42_1036_2378,False,0,
TX_42_1037_7306,False,0,
TX_42_1039_5568,False,0,
TX_42_1040_8423,False,0,
TX_42_1041_4447,False,0,
TX_42_1042_5864,False,0,
TX_42_1043_8479,False,0,
TX_42_1045_8929,False,0,
TX_42_1046_7407,True,140551,PAYMENT_STATE_DIVERGENCE
TX_42_1047_2634,False,0,
TX_42_1049_9316,False,0,
TX_42_1050_3014,False,0,
TX_42_1053_4632,False,0,
TX_42_1054_7710,False,0,
TX_42_1055_7935,False,0,
TX_42_1056_5941,False,0,
TX_42_1057_6378,False,0,
TX_42_1058_3714,False,0,
TX_42_1059_5804,False,0,
TX_42_1060_6096,False,0,
TX_42_1061_7438,False,0,
TX_42_1062_4157,False,0,
TX_42_1063_8847,False,0,
TX_42_1064_5709,False,0,
TX_42_1065_8396,False,0,
TX_42_1066_4620,False,0,
TX_42_1067_3910,False,0,
TX_42_1068_2360,False,0,
TX_42_1069_6089,False,0,
TX_42_1070_2874,False,0,
TX_42_1071_7208,False,0,
TX_42_1073_8428,False,0,
TX_42_1074_3524,False,0,
TX_42_1077_6877,False,0,
TX_42_1078_9142,False,0,
TX_42_1080_2455,False,0,
TX_42_1081_2057,False,0,
TX_42_1082_2558,False,0,
TX_42_1083_8819,False,0,
TX_42_1084_5440,False,0,
TX_42_1085_6309,False,0,
TX_42_1086_1829,False,0,
TX_42_1087_5365,False,0,
TX_42_1090_6566,False,0,
TX_42_1091_3048,False,0,
TX_42_1093_1563,False,0,
TX_42_1094_5555,False,0,
TX_42_1096_3421,False,0,
TX_42_1097_7691,False,0,
TX_42_1099_3372,False,0,
TX_42_1101_6101,False,0,
TX_42_1102_2946,False,0,
TX_42_1103_8179,False,0,
TX_42_1104_9444,False,0,
TX_42_1105_1269,False,0,
TX_42_1106_4844,False,0,
TX_42_1108_3904,False,0,
TX_42_1109_9283,False,0,
TX_42_1110_9228,False,0,
TX_42_1111_4183,False,0,
TX_42_1112_7238,False,0,
TX_42_1113_3988,False,0,
TX_42_1114_8221,False,0,
TX_42_1115_2612,False,0,
TX_42_1116_2223,False,0,
TX_42_1118_2523,False,0,
TX_42_1119_3358,False,0,
TX_42_1120_6519,False,0,
TX_42_1121_3147,False,0,
TX_42_1122_7910,False,0,
TX_42_1123_7242,False,0,
TX_42_1124_2106,False,0,
TX_42_1125_6491,False,0,
TX_42_1126_7234,False,0,
TX_42_1127_2055,False,0,
TX_42_1128_5831,False,0,
TX_42_1129_3871,False,0,
TX_42_1130_1971,False,0,
TX_42_1131_2883,False,0,
TX_42_1132_1676,False,0,
TX_42_1133_5391,False,0,
TX_42_1134_1101,False,0,
TX_42_1138_3204,False,0,
TX_42_1139_2997,False,0,
TX_42_1140_8139,False,0,
TX_42_1141_5676,False,0,
TX_42_1142_6665,True,452793,PAYMENT_STATE_DIVERGENCE
TX_42_1143_5216,False,0,
TX_42_1144_2832,False,0,
TX_42_1145_3242,False,0,
TX_42_1146_9601,False,0,
TX_42_1147_1205,False,0,
TX_42_1148_4528,False,0,
TX_42_1149_4547,False,0,
TX_42_1152_2823,False,0,
TX_42_1155_7665,False,0,
TX_42_1156_7995,False,0,
TX_42_1158_2261,False,0,
TX_42_1159_6362,False,0,
TX_42_1160_4948,False,0,
TX_42_1161_6099,False,0,
TX_42_1162_3796,False,0,
TX_42_1163_8529,False,0,
TX_42_1164_1878,False,0,
TX_42_1165_2271,False,0,
TX_42_1166_7200,False,0,
TX_42_1167_3139,False,0,
TX_42_1168_4774,False,0,
TX_42_1169_6530,False,0,
TX_42_1171_1072,False,0,
TX_42_1173_3375,False,0,
TX_42_1174_5375,False,0,
TX_42_1175_1868,False,0,
TX_42_1176_7455,False,0,
TX_42_1177_5509,False,0,
TX_42_1179_8508,False,0,
TX_42_1180_6670,False,0,
TX_42_1181_1711,False,0,
TX_42_1182_8597,False,0,
TX_42_1183_2922,False,0,
TX_42_1184_8261,False,0,
TX_42_1185_6155,False,0,
TX_42_1186_4903,False,0,
TX_42_1187_5209,False,0,
TX_42_1188_9797,False,0,
TX_42_1191_3491,False,0,
TX_42_1192_8710,False,0,
TX_42_1193_4750,False,0,
TX_42_1194_3572,False,0,
TX_42_1195_7485,False,0,
TX_42_1196_6238,False,0,
TX_42_1197_7608,False,0,
TX_42_1198_4865,False,0,
TX_42_1199_3927,False,0,
TX_42_1200_7499,False,0,
TX_42_1201_2280,False,0,
TX_42_1202_3983,False,0,
TX_42_1203_4918,False,0,
TX_42_1204_9294,False,0,
TX_42_1205_3999,False,0,
TX_42_1206_9301,False,0,
TX_42_1208_5204,False,0,
TX_42_1209_3700,False,0,
TX_42_1210_8465,False,0,
TX_42_1211_1537,False,0,
TX_42_1212_9886,False,0,
TX_42_1213_2783,False,0,
TX_42_1215_6328,False,0,
TX_42_1216_6832,False,0,
TX_42_1218_7054,False,0,
TX_42_1219_7974,False,0,
TX_42_1220_8461,False,0,
TX_42_1221_5936,False,0,
TX_42_1222_5989,False,0,
TX_42_1224_5143,False,0,
TX_42_1226_5680,False,0,
TX_42_1227_7291,False,0,
TX_42_1228_8349,False,0,
TX_42_1229_7402,False,0,
TX_42_1230_5678,False,0,
TX_42_1231_8083,False,0,
TX_42_1232_5313,False,0,
TX_42_1233_9544,False,0,
TX_42_1234_8933,False,0,
TX_42_1235_6122,False,0,
TX_42_1237_5989,False,0,
TX_42_1238_2067,False,0,
TX_42_1240_3646,False,0,
TX_42_1241_6810,False,0,
TX_42_1242_2986,False,0,
TX_42_1246_7047,False,0,
TX_42_1247_1260,False,0,
TX_42_1248_8889,False,0,
TX_42_1249_1570,False,0,
TX_42_1250_9774,False,0,
TX_42_1251_6300,False,0,
TX_42_1252_6951,False,0,
TX_42_1253_2672,False,0,
TX_42_1255_6402,False,0,
TX_42_1256_4877,False,0,
TX_42_1257_7657,False,0,
TX_42_1258_5379,False,0,
TX_42_1259_7452,False,0,
TX_42_1260_2399,False,0,
TX_42_1263_1607,False,0,
TX_42_1264_4887,False,0,
TX_42_1265_6786,False,0,
TX_42_1266_4726,False,0,
TX_42_1267_4371,True,259672,CHARGEBACK
TX_42_1268_5745,False,0,
TX_42_1269_6630,False,0,
TX_42_1270_1302,False,0,
TX_42_1271_6104,False,0,
TX_42_1272_7765,False,0,
TX_42_1274_2979,False,0,
TX_42_1275_2996,False,0,
TX_42_1276_1859,True,298924,PAYMENT_STATE_DIVERGENCE
TX_42_1277_5865,True,362460,PAYMENT_STATE_DIVERGENCE
TX_42_1278_6489,False,0,
TX_42_1279_1933,False,0,
TX_42_1280_8923,False,0,
TX_42_1281_1459,False,0,
TX_42_1284_3712,False,0,
TX_42_1287_1104,False,0,
TX_42_1288_5294,False,0,
TX_42_1289_3493,False,0,
TX_42_1290_6289,False,0,
TX_42_1292_2530,False,0,
TX_42_1293_4383,False,0,
TX_42_1297_7909,False,0,
TX_42_1298_9674,False,0,
TX_42_1300_5991,False,0,
TX_42_1301_9129,False,0,
TX_42_1303_6717,False,0,
TX_42_1304_5452,False,0,
TX_42_1305_5066,False,0,
TX_42_1306_7083,False,0,
TX_42_1307_2366,False,0,
TX_42_1308_2460,False,0,
TX_42_1310_8100,False,0,
TX_42_1311_9690,False,0,
TX_42_1312_5540,False,0,
TX_42_1313_2652,False,0,
TX_42_1314_5177,False,0,
TX_42_1315_2729,False,0,
TX_42_1316_4380,False,0,
TX_42_1317_2934,False,0,
TX_42_1318_7610,False,0,
TX_42_1319_7138,False,0,
TX_42_1321_3510,False,0,
TX_42_1322_3547,False,0,
TX_42_1323_7684,False,0,
TX_42_1324_5270,False,0,
TX_42_1326_2247,False,0,
TX_42_1327_1053,False,0,
TX_42_1330_2351,False,0,
TX_42_1331_6713,False,0,
TX_42_1332_2951,False,0,
TX_42_1333_6346,False,0,
TX_42_1334_6493,False,0,
TX_42_1335_6324,False,0,
TX_42_1336_2777,False,0,
TX_42_1338_4045,False,0,
TX_42_1339_9505,False,0,
TX_42_1341_2918,False,0,
TX_42_1342_3376,False,0,
TX_42_1343_7219,False,0,
TX_42_1344_4662,False,0,
TX_42_1345_7408,False,0,
TX_42_1346_4489,False,0,
TX_42_1347_5134,False,0,
TX_42_1350_3522,False,0,
TX_42_1351_9099,False,0,
TX_42_1352_9579,False,0,
TX_42_1354_8964,False,0,
TX_42_1356_6551,False,0,
TX_42_1357_9688,False,0,
TX_42_1358_9832,False,0,
TX_42_1359_3215,False,0,
TX_42_1360_3278,False,0,
TX_42_1361_4114,False,0,
TX_42_1363_7311,False,0,
TX_42_1364_6437,False,0,
TX_42_1365_6408,True,223982,PAYMENT_STATE_DIVERGENCE
TX_42_1366_6147,False,0,
TX_42_1367_6338,False,0,
TX_42_1368_1998,False,0,
TX_42_1369_5717,False,0,
TX_42_1370_6151,False,0,
TX_42_1371_8420,False,0,
TX_42_1375_6634,False,0,
TX_42_1376_8007,False,0,
TX_42_1377_7597,False,0,
TX_42_1378_2772,False,0,
TX_42_1379_9580,False,0,
TX_42_1380_2463,False,0,
TX_42_1381_2620,True,267133,CHARGEBACK
TX_42_1382_4259,False,0,
TX_42_1383_7520,False,0,
TX_42_1386_9725,False,0,
TX_42_1387_7058,False,0,
TX_42_1391_4070,False,0,
TX_42_1392_9825,False,0,
TX_42_1393_3879,False,0,
TX_42_1394_4914,False,0,
TX_42_1395_6341,False,0,
TX_42_1397_6559,False,0,
TX_42_1398_3508,False,0,
TX_42_1399_6371,False,0,
TX_42_1401_6490,False,0,
TX_42_1402_6379,False,0,
TX_42_1403_1982,False,0,
TX_42_1404_8434,False,0,
TX_42_1405_4648,False,0,
TX_42_1406_2086,False,0,
TX_42_1407_6647,False,0,
TX_42_1409_9561,False,0,
TX_42_1410_7090,False,0,
TX_42_1411_7664,False,0,
TX_42_1412_9273,False,0,
TX_42_1413_1387,False,0,
TX_42_1414_1034,False,0,
TX_42_1415_3978,False,0,
TX_42_1416_6626,False,0,
TX_42_1418_8183,False,0,
TX_42_1419_9868,False,0,
TX_42_1420_5572,False,0,
TX_42_1421_4679,False,0,
TX_42_1422_3727,False,0,
TX_42_1423_4424,False,0,
TX_42_1424_2022,False,0,
TX_42_1425_3588,False,0,
TX_42_1426_2690,False,0,
TX_42_1427_6327,False,0,
TX_42_1428_2728,False,0,
TX_42_1429_6873,False,0,
TX_42_1430_5188,False,0,
TX_42_1431_3312,False,0,
TX_42_1432_8207,False,0,
TX_42_1433_4286,False,0,
TX_42_1434_2547,False,0,
TX_42_1436_8636,False,0,
TX_42_1438_7562,False,0,
TX_42_1439_4162,False,0,
TX_42_1440_4898,False,0,
TX_42_1441_7039,False,0,
TX_42_1442_3883,False,0,
TX_42_1443_7254,False,0,
TX_42_1444_3192,False,0,
TX_42_1445_8856,False,0,
TX_42_1446_6636,False,0,
TX_42_1449_3452,False,0,
TX_42_1450_5779,False,0,
TX_42_1451_8196,False,0,
TX_42_1452_1245,True,468180,PAYMENT_STATE_DIVERGENCE
TX_42_1453_2972,False,0,
TX_42_1454_4605,False,0,
TX_42_1455_3612,False,0,
TX_42_1456_7702,False,0,
TX_42_1457_6523,False,0,
TX_42_1458_8232,False,0,
TX_42_1459_1602,False,0,
TX_42_1460_6647,False,0,
TX_42_1462_5528,False,0,
TX_42_1464_7719,False,0,
TX_42_1465_7356,False,0,
TX_42_1466_1538,False,0,
TX_42_1467_5783,False,0,
TX_42_1470_2639,False,0,
TX_42_1471_5021,False,0,
TX_42_1472_6755,False,0,
TX_42_1473_5041,False,0,
TX_42_1475_1814,False,0,
TX_42_1476_8037,False,0,
TX_42_1477_4334,False,0,
TX_42_1478_6258,False,0,
TX_42_1479_4735,True,156175,PAYMENT_STATE_DIVERGENCE
TX_42_1480_2643,False,0,
TX_42_1481_4345,False,0,
TX_42_1482_4530,False,0,
TX_42_1483_4988,False,0,
TX_42_1484_8796,False,0,
TX_42_1485_9910,False,0,
TX_42_1486_3492,False,0,
TX_42_1487_8517,False,0,
TX_42_1489_6221,False,0,
TX_42_1490_6246,False,0,
TX_42_1491_1976,False,0,
TX_42_1492_7565,False,0,
TX_42_1493_4585,False,0,
TX_42_1494_7087,False,0,
TX_42_1495_3796,False,0,
TX_42_1497_6529,False,0,
TX_42_1498_3485,False,0,
TX_42_1499_9275,False,0,
TX_42_1500_5191,False,0,
TX_42_1501_3136,False,0,
TX_42_1502_4417,False,0,
TX_42_1503_1792,False,0,
TX_42_1504_3711,False,0,
TX_42_1505_2960,False,0,
TX_42_1506_9605,False,0,
TX_42_1507_4998,False,0,
TX_42_1508_6368,False,0,
TX_42_1509_2874,False,0,
TX_42_1510_7227,False,0,
TX_42_1511_1561,False,0,
TX_42_1512_4560,False,0,
TX_42_1514_3933,False,0,
TX_42_1515_4225,False,0,
TX_42_1516_6772,False,0,
TX_42_1517_9273,False,0,
TX_42_1518_4472,False,0,
TX_42_1519_4321,False,0,
TX_42_1520_8388,False,0,
TX_42_1521_9369,True,400527,CHARGEBACK
TX_42_1522_2113,False,0,
TX_42_1523_1309,False,0,
TX_42_1524_8580,False,0,
TX_42_1525_8325,False,0,
TX_42_1527_7828,True,130156,PAYMENT_STATE_DIVERGENCE
TX_42_1528_9155,False,0,
TX_42_1529_4314,False,0,
TX_42_1531_4566,False,0,
TX_42_1532_9857,False,0,
TX_42_1533_2667,False,0,
TX_42_1534_3072,False,0,
TX_42_1535_7527,False,0,
TX_42_1536_9669,False,0,
TX_42_1537_5581,False,0,
TX_42_1538_3412,False,0,
TX_42_1539_5650,False,0,
TX_42_1541_4007,False,0,
TX_42_1542_4165,False,0,
TX_42_1543_6578,False,0,
TX_42_1544_7934,False,0,
TX_42_1546_2932,False,0,
TX_42_1547_3781,False,0,
TX_42_1548_2416,False,0,
TX_42_1550_6351,False,0,
TX_42_1551_5928,False,0,
TX_42_1552_9469,False,0,
TX_42_1553_3096,False,0,
TX_42_1554_9768,False,0,
TX_42_1555_9649,False,0,
TX_42_1556_8926,False,0,
TX_42_1557_9354,False,0,
TX_42_1558_9593,False,0,
TX_42_1559_6051,False,0,
TX_42_1560_5900,False,0,
TX_42_1561_7646,False,0,
TX_42_1562_4518,False,0,
TX_42_1564_2427,False,0,
TX_42_1567_8214,False,0,
TX_42_1569_8421,False,0,
TX_42_1570_5416,False,0,
TX_42_1571_5717,False,0,
TX_42_1572_4522,False,0,
TX_42_1573_6856,True,399891,REFUND_ERROR
TX_42_1575_9884,False,0,
TX_42_1576_6083,False,0,
TX_42_1578_1357,False,0,
TX_42_1579_7746,False,0,
TX_42_1580_2886,False,0,
TX_42_1582_5991,False,0,
TX_42_1583_3715,False,0,
TX_42_1585_4527,False,0,
TX_42_1586_2562,False,0,
TX_42_1587_4381,False,0,
TX_42_1588_1285,False,0,
TX_42_1589_9705,False,0,
TX_42_1590_6273,False,0,
TX_42_1591_7466,False,0,
TX_42_1592_3985,False,0,
TX_42_1594_5325,False,0,
TX_42_1595_8851,False,0,
TX_42_1596_5928,False,0,
TX_42_1597_8297,False,0,
TX_42_1598_2828,False,0,
TX_42_1599_4091,False,0,
TX_42_1601_4651,False,0,
TX_42_1602_3611,False,0,
TX_42_1603_5559,True,54597,PAYMENT_STATE_DIVERGENCE
TX_42_1604_2426,False,0,
TX_42_1605_2083,False,0,
TX_42_1606_4061,False,0,
TX_42_1607_3023,False,0,
TX_42_1608_9219,False,0,
TX_42_1609_4014,False,0,
TX_42_1610_1401,False,0,
TX_42_1611_6066,False,0,
TX_42_1612_3345,False,0,
TX_42_1613_4794,False,0,
TX_42_1614_5856,False,0,
TX_42_1615_8087,False,0,
TX_42_1616_5342,False,0,
TX_42_1617_9150,False,0,
TX_42_1618_6164,False,0,
TX_42_1620_5827,False,0,
TX_42_1621_7521,False,0,
TX_42_1622_6319,False,0,
TX_42_1624_8375,False,0,
TX_42_1625_8235,False,0,
TX_42_1627_1764,False,0,
TX_42_1628_1538,False,0,
TX_42_1629_7460,False,0,
TX_42_1630_4983,False,0,
TX_42_1631_6976,False,0,
TX_42_1633_9913,False,0,
TX_42_1634_5109,False,0,
TX_42_1635_7546,False,0,
TX_42_1636_1787,False,0,
TX_42_1637_8898,False,0,
TX_42_1638_8028,False,0,
TX_42_1640_1383,False,0,
TX_42_1641_8505,False,0,
TX_42_1643_1652,False,0,
TX_42_1644_2153,False,0,
TX_42_1645_3162,False,0,
TX_42_1647_3455,False,0,
TX_42_1648_1123,False,0,
TX_42_1650_9545,False,0,
TX_42_1651_3645,False,0,
TX_42_1652_9046,False,0,
TX_42_1653_6244,False,0,
TX_42_1654_1753,False,0,
TX_42_1655_9323,False,0,
TX_42_1656_1463,False,0,
TX_42_1658_1589,False,0,
TX_42_1659_2698,False,0,
TX_42_1660_7614,False,0,
TX_42_1661_6325,False,0,
TX_42_1663_5393,False,0,
TX_42_1664_6029,False,0,
TX_42_1666_6839,False,0,
TX_42_1667_2350,False,0,
TX_42_1670_2992,False,0,
TX_42_1671_8037,False,0,
TX_42_1672_4678,False,0,
TX_42_1673_9126,False,0,
TX_42_1674_3062,False,0,
TX_42_1675_2884,False,0,
TX_42_1676_4315,False,0,
TX_42_1678_6851,False,0,
TX_42_1679_3187,False,0,
TX_42_1680_2596,False,0,
TX_42_1681_6904,False,0,
TX_42_1682_8987,False,0,
TX_42_1683_1732,False,0,
TX_42_1684_1918,False,0,
TX_42_1687_1768,False,0,
TX_42_1689_5548,False,0,
TX_42_1691_6906,False,0,
TX_42_1692_8904,False,0,
TX_42_1694_2256,False,0,
TX_42_1695_9721,False,0,
TX_42_1696_4133,False,0,
TX_42_1697_3461,False,0,
TX_42_1698_4838,False,0,
TX_42_1700_5921,False,0,
TX_42_1701_5552,False,0,
TX_42_1702_9060,False,0,
TX_42_1703_1391,False,0,
TX_42_1704_7098,False,0,
TX_42_1705_9532,False,0,
TX_42_1706_7596,False,0,
TX_42_1707_8273,False,0,
TX_42_1708_6430,False,0,
TX_42_1709_6413,False,0,
TX_42_1710_9283,False,0,
TX_42_1712_9694,False,0,
TX_42_1713_4440,False,0,
TX_42_1714_4445,False,0,
TX_42_1715_6234,False,0,
TX_42_1716_9549,False,0,
TX_42_1717_7549,False,0,
TX_42_1718_8940,False,0,
TX_42_1719_1003,False,0,
TX_42_1720_9197,False,0,
TX_42_1721_3567,False,0,
TX_42_1722_3994,False,0,
TX_42_1723_5416,False,0,
TX_42_1725_9504,False,0,
TX_42_1726_9276,False,0,
TX_42_1728_2771,False,0,
TX_42_1730_8745,False,0,
TX_42_1731_2624,False,0,
TX_42_1732_4772,False,0,
TX_42_1734_2750,False,0,
TX_42_1736_1161,False,0,
TX_42_1737_8951,False,0,
TX_42_1739_9592,False,0,
TX_42_1740_8969,False,0,
TX_42_1741_5874,False,0,
TX_42_1742_2485,False,0,
TX_42_1743_1946,False,0,
TX_42_1744_9141,False,0,
TX_42_1745_8986,False,0,
TX_42_1746_6926,False,0,
TX_42_1747_4166,False,0,
TX_42_1749_9304,False,0,
TX_42_1751_8485,False,0,
TX_42_1752_8254,False,0,
TX_42_1753_6548,False,0,
TX_42_1754_3307,False,0,
TX_42_1755_9929,False,0,
TX_42_1756_2329,False,0,
TX_42_1757_3029,False,0,
TX_42_1758_9674,False,0,
TX_42_1759_1834,False,0,
TX_42_1760_1747,False,0,
TX_42_1761_7961,False,0,
TX_42_1762_8400,False,0,
TX_42_1764_6450,False,0,
TX_42_1766_4411,False,0,
TX_42_1767_6458,False,0,
TX_42_1768_7335,False,0,
TX_42_1769_1175,False,0,
TX_42_1771_3100,False,0,
TX_42_1772_6776,False,0,
TX_42_1773_1259,False,0,
TX_42_1774_2408,False,0,
TX_42_1775_7312,False,0,
TX_42_1776_2737,False,0,
TX_42_1777_9301,False,0,
TX_42_1778_2501,False,0,
TX_42_1782_8190,False,0,
TX_42_1783_8776,False,0,
TX_42_1784_8364,False,0,
TX_42_1785_3007,False,0,
TX_42_1786_4482,False,0,
TX_42_1787_6478,False,0,
TX_42_1788_4818,False,0,
TX_42_1789_1055,False,0,
TX_42_1790_7045,False,0,
TX_42_1792_1359,False,0,
TX_42_1793_9014,False,0,
TX_42_1794_5993,False,0,
TX_42_1795_2007,False,0,
TX_42_1797_5159,False,0,
TX_42_1798_7124,False,0,
TX_42_1799_3680,False,0,
TX_42_1800_1171,False,0,
TX_42_1801_2627,False,0,
TX_42_1802_8851,False,0,
TX_42_1803_1434,False,0,
TX_42_1806_8809,False,0,
TX_42_1807_7489,False,0,
TX_42_1808_4472,False,0,
TX_42_1809_2912,False,0,
TX_42_1811_8589,False,0,
TX_42_1812_1043,False,0,
TX_42_1813_5319,False,0,
TX_42_1814_1488,False,0,
TX_42_1815_5692,False,0,
TX_42_1816_3701,False,0,
TX_42_1818_7564,False,0,
TX_42_1821_2957,False,0,
TX_42_1822_7025,False,0,
TX_42_1823_9877,False,0,
TX_42_1824_2982,False,0,
TX_42_1826_8317,False,0,
TX_42_1827_2577,False,0,
TX_42_1828_3403,False,0,
TX_42_1831_7237,False,0,
TX_42_1832_8691,False,0,
TX_42_1833_7395,False,0,
TX_42_1834_6322,False,0,
TX_42_1835_8066,False,0,
TX_42_1836_7433,False,0,
TX_42_1837_3485,False,0,
TX_42_1838_3548,False,0,
TX_42_1839_6351,False,0,
TX_42_1840_7814,False,0,
TX_42_1841_9996,True,245294,REFUND_ERROR
TX_42_1843_3215,False,0,
TX_42_1845_8259,False,0,
TX_42_1846_7266,True,155306,DUPLICATE_CAPTURE
TX_42_1848_6225,False,0,
TX_42_1849_2455,False,0,
TX_42_1851_7947,False,0,
TX_42_1852_3582,False,0,
TX_42_1853_7053,False,0,
TX_42_1855_4693,False,0,
TX_42_1856_3422,False,0,
TX_42_1857_5036,False,0,
TX_42_1858_7115,False,0,
TX_42_1859_4240,False,0,
TX_42_1860_9014,False,0,
TX_42_1861_4943,False,0,
TX_42_1862_7045,False,0,
TX_42_1863_4488,False,0,
TX_42_1864_2727,False,0,
TX_42_1865_6295,False,0,
TX_42_1866_9412,False,0,
TX_42_1867_3865,False,0,
TX_42_1868_5445,False,0,
TX_42_1869_3510,False,0,
TX_42_1870_8283,False,0,
TX_42_1871_9386,False,0,
TX_42_1872_1293,False,0,
TX_42_1874_8807,False,0,
TX_42_1875_9896,False,0,
TX_42_1876_8864,False,0,
TX_42_1877_2405,False,0,
TX_42_1878_2733,False,0,
TX_42_1879_7263,False,0,
TX_42_1882_8304,False,0,
TX_42_1883_9823,False,0,
TX_42_1886_7064,False,0,
TX_42_1887_5489,False,0,
TX_42_1888_4059,False,0,
TX_42_1889_7746,False,0,
TX_42_1892_1316,False,0,
TX_42_1894_8900,False,0,
TX_42_1895_1937,False,0,
TX_42_1896_4329,True,380000,CHARGEBACK
TX_42_1898_1160,False,0,
TX_42_1899_1577,False,0,
TX_42_1900_6780,False,0,
TX_42_1901_9377,False,0,
TX_42_1902_2192,False,0,
TX_42_1909_5231,False,0,
TX_42_1911_4957,False,0,
TX_42_1912_4777,False,0,
TX_42_1913_8323,False,0,
TX_42_1914_8496,False,0,
TX_42_1918_2974,False,0,
TX_42_1920_8635,False,0,
TX_42_1921_6245,False,0,
TX_42_1924_9224,False,0,
TX_42_1925_4481,False,0,
TX_42_1927_2573,False,0,
TX_42_1928_9850,False,0,
TX_42_1929_4042,False,0,
TX_42_1930_6276,False,0,
TX_42_1931_4082,False,0,
TX_42_1933_5135,False,0,
TX_42_1934_8501,False,0,
TX_42_1935_7464,False,0,
TX_42_1936_6121,False,0,
TX_42_1937_7574,False,0,
TX_42_1938_8962,False,0,
TX_42_1939_9438,False,0,
TX_42_1940_7901,False,0,
TX_42_1941_2823,False,0,
TX_42_1942_3249,False,0,
TX_42_1943_3323,False,0,
TX_42_1944_5559,False,0,
TX_42_1945_3705,False,0,
TX_42_1947_3417,False,0,
TX_42_1948_5507,False,0,
TX_42_1949_7120,False,0,
TX_42_1951_4401,False,0,
TX_42_1952_9023,False,0,
TX_42_1953_8547,False,0,
TX_42_1954_7508,False,0,
TX_42_1956_7089,False,0,
TX_42_1957_5502,False,0,
TX_42_1960_3927,False,0,
TX_42_1961_9427,False,0,
TX_42_1964_8690,False,0,
TX_42_1965_4036,False,0,
TX_42_1966_5298,False,0,
TX_42_1967_2462,False,0,
TX_42_1969_9875,False,0,
TX_42_1970_5351,False,0,
TX_42_1971_9186,False,0,
TX_42_1972_2396,False,0,
TX_42_1974_4806,False,0,
TX_42_1975_6443,False,0,
TX_42_1976_5748,False,0,
TX_42_1978_5504,False,0,
TX_42_1979_2012,False,0,
TX_42_1980_6144,False,0,
TX_42_1981_6762,False,0,
TX_42_1982_4907,False,0,
TX_42_1983_2045,False,0,
TX_42_1984_7582,False,0,
TX_42_1986_7635,False,0,
TX_42_1988_5817,False,0,
TX_42_1989_4526,False,0,
TX_42_1990_1817,False,0,
TX_42_1991_2089,True,89081,PAYMENT_STATE_DIVERGENCE
TX_42_1992_1322,False,0,
TX_42_1993_6553,False,0,
TX_42_1994_2924,False,0,
TX_42_1995_3100,False,0,
TX_42_1996_3652,False,0,
TX_42_1997_2593,False,0,
TX_42_1998_4529,False,0,
TX_42_2000_3557,False,0,
TX_42_2001_5181,False,0,
TX_42_2002_2914,False,0,
TX_42_2003_4681,False,0,
TX_42_2004_1111,False,0,
TX_42_2005_7700,False,0,
TX_42_2006_9980,False,0,
TX_42_2008_5819,False,0,
TX_42_2009_9069,False,0,
TX_42_2010_5523,False,0,
TX_42_2011_9337,False,0,
TX_42_2012_3816,False,0,
TX_42_2013_3801,False,0,
TX_42_2014_2797,False,0,
TX_42_2015_6287,False,0,
TX_42_2017_1865,False,0,
TX_42_2018_2132,False,0,
TX_42_2019_9996,False,0,
TX_42_2020_7803,False,0,
TX_42_2021_1427,False,0,
TX_42_2022_5483,False,0,
TX_42_2023_7956,False,0,
TX_42_2024_4328,False,0,
TX_42_2025_5435,False,0,
TX_42_2027_7185,False,0,
TX_42_2028_1156,False,0,
TX_42_2030_1491,False,0,
TX_42_2031_4347,False,0,
TX_42_2032_2063,False,0,
TX_42_2033_5930,False,0,
TX_42_2035_8400,False,0,
TX_42_2037_2208,False,0,
TX_42_2038_2023,False,0,
TX_42_2039_8605,False,0,
TX_42_2040_7109,False,0,
TX_42_2041_2345,False,0,
TX_42_2042_4411,False,0,
TX_42_2043_1669,False,0,
TX_42_2044_9650,False,0,
TX_42_2045_6506,False,0,
TX_42_2046_5449,False,0,
TX_42_2047_4632,False,0,
TX_42_2048_4605,False,0,
TX_42_2049_8489,False,0,
TX_42_2050_4351,False,0,
TX_42_2051_8213,False,0,
TX_42_2052_2616,False,0,
TX_42_2053_2658,True,367202,PAYMENT_STATE_DIVERGENCE
TX_42_2054_8009,False,0,
TX_42_2055_1133,False,0,
TX_42_2057_4191,False,0,
TX_42_2058_4417,False,0,
TX_42_2059_1905,False,0,
TX_42_2060_1502,False,0,
TX_42_2062_6597,True,95523,PAYMENT_STATE_DIVERGENCE
TX_42_2063_3531,False,0,
TX_42_2064_7955,False,0,
TX_42_2065_4130,False,0,
TX_42_2066_9012,False,0,
TX_42_2067_3501,False,0,
TX_42_2068_4341,False,0,
TX_42_2070_8090,False,0,
TX_42_2071_3420,False,0,
TX_42_2072_1478,False,0,
TX_42_2074_4674,False,0,
TX_42_2075_5302,False,0,
TX_42_2076_8748,False,0,
TX_42_2077_6753,False,0,
TX_42_2078_6487,False,0,
TX_42_2079_3832,False,0,
TX_42_2080_7289,False,0,
TX_42_2081_4048,False,0,
TX_42_2083_6553,True,154788,REFUND_ERROR
TX_42_2084_1801,False,0,
TX_42_2085_1850,False,0,
TX_42_2086_5906,False,0,
TX_42_2087_2988,False,0,
TX_42_2088_8915,False,0,
TX_42_2089_3839,False,0,
TX_42_2090_4475,False,0,
TX_42_2091_3959,False,0,
TX_42_2092_3380,False,0,
TX_42_2093_3736,False,0,
TX_42_2095_1279,False,0,
TX_42_2096_6678,False,0,
TX_42_2097_3590,False,0,
TX_42_2099_8703,False,0,
TX_42_2100_7152,False,0,
TX_42_2101_3410,False,0,
TX_42_2102_5457,False,0,
TX_42_2103_2248,False,0,
TX_42_2104_8035,False,0,
TX_42_2105_2014,False,0,
TX_42_2106_8737,False,0,
TX_42_2107_4699,False,0,
TX_42_2108_3613,False,0,
TX_42_2109_1767,False,0,
TX_42_2112_2972,False,0,
TX_42_2113_7331,False,0,
TX_42_2114_4534,False,0,
TX_42_2116_9627,False,0,
TX_42_2117_4686,False,0,
TX_42_2118_2571,False,0,
TX_42_2119_2209,False,0,
TX_42_2121_2456,False,0,
TX_42_2122_9536,False,0,
TX_42_2123_7146,False,0,
TX_42_2124_4166,False,0,
TX_42_2125_8200,False,0,
TX_42_2126_9441,False,0,
TX_42_2127_8755,False,0,
TX_42_2128_5452,False,0,
TX_42_2129_4949,False,0,
TX_42_2130_8310,False,0,
TX_42_2131_6229,False,0,
TX_42_2133_5471,False,0,
TX_42_2134_9192,True,593157,PAYMENT_STATE_DIVERGENCE
TX_42_2135_3749,False,0,
TX_42_2137_2747,False,0,
TX_42_2138_8819,False,0,
TX_42_2139_5103,False,0,
TX_42_2140_6594,False,0,
TX_42_2141_9797,False,0,
TX_42_2142_8905,False,0,
TX_42_2143_8562,False,0,
TX_42_2144_3748,False,0,
TX_42_2147_6044,False,0,
TX_42_2150_7327,False,0,
TX_42_2152_8564,False,0,
TX_42_2153_6262,False,0,
TX_42_2155_5971,False,0,
TX_42_2157_4118,False,0,
TX_42_2158_5469,False,0,
TX_42_2159_2417,False,0,
TX_42_2160_8426,True,77065,PAYMENT_STATE_DIVERGENCE
TX_42_2161_7282,False,0,
TX_42_2162_3075,False,0,
TX_42_2163_6697,False,0,
TX_42_2164_9396,False,0,
TX_42_2165_9600,False,0,
TX_42_2166_7277,False,0,
TX_42_2167_6665,False,0,
TX_42_2168_1965,False,0,
TX_42_2169_4815,False,0,
TX_42_2170_9134,False,0,
TX_42_2171_7015,False,0,
TX_42_2172_6535,False,0,
TX_42_2173_9481,False,0,
TX_42_2174_7345,False,0,
TX_42_2175_2558,False,0,
TX_42_2176_5759,False,0,
TX_42_2177_1027,False,0,
TX_42_2178_1778,False,0,
TX_42_2179_5502,False,0,
TX_42_2180_9471,False,0,
TX_42_2181_1291,False,0,
TX_42_2182_8777,False,0,
TX_42_2183_6913,False,0,
TX_42_2184_5159,False,0,
TX_42_2185_6765,False,0,
TX_42_2186_5377,False,0,
TX_42_2187_9924,False,0,
TX_42_2188_6836,False,0,
TX_42_2189_4444,False,0,
TX_42_2190_2893,False,0,
TX_42_2191_3998,False,0,
TX_42_2192_9438,False,0,
TX_42_2195_9814,False,0,
TX_42_2196_1675,False,0,
TX_42_2197_8544,False,0,
TX_42_2198_9710,False,0,
TX_42_2199_9545,False,0,
TX_42_2200_9446,False,0,
TX_42_2201_9106,False,0,
TX_42_2202_9865,False,0,
TX_42_2203_2540,False,0,
TX_42_2204_9944,False,0,
TX_42_2205_2540,False,0,
TX_42_2206_5600,False,0,
TX_42_2207_6645,False,0,
TX_42_2209_1207,False,0,
TX_42_2210_2622,False,0,
TX_42_2211_9086,False,0,
TX_42_2213_5445,False,0,
TX_42_2214_5502,False,0,
TX_42_2215_7553,False,0,
TX_42_2216_6350,False,0,
TX_42_2217_2893,False,0,
TX_42_2219_6152,False,0,
TX_42_2220_3827,False,0,
TX_42_2221_2832,False,0,
TX_42_2222_9031,False,0,
TX_42_2224_4468,False,0,
TX_42_2225_9450,False,0,
TX_42_2226_8911,False,0,
TX_42_2227_7017,False,0,
TX_42_2228_1442,False,0,
TX_42_2229_5829,False,0,
TX_42_2230_7024,False,0,
TX_42_2231_5288,True,73314,PAYMENT_STATE_DIVERGENCE
TX_42_2232_8413,False,0,
TX_42_2233_2648,False,0,
TX_42_2235_4574,False,0,
TX_42_2236_8076,False,0,
TX_42_2237_3881,False,0,
TX_42_2238_7482,False,0,
TX_42_2239_3390,False,0,
TX_42_2242_9732,False,0,
TX_42_2244_7608,False,0,
TX_42_2245_2425,False,0,
TX_42_2246_3960,True,501988,CHARGEBACK
TX_42_2247_7929,False,0,
TX_42_2248_8735,False,0,
TX_42_2249_1131,False,0,
TX_42_2250_8790,False,0,
TX_42_2251_2977,False,0,
TX_42_2252_7642,False,0,
TX_42_2255_1816,False,0,
TX_42_2256_5106,False,0,
TX_42_2257_4942,False,0,
TX_42_2258_6464,False,0,
TX_42_2259_9928,False,0,
TX_42_2260_1216,False,0,
TX_42_2261_8581,False,0,
TX_42_2262_9651,False,0,
TX_42_2264_8171,False,0,
TX_42_2265_7935,True,328878,CHARGEBACK
TX_42_2267_5728,False,0,
TX_42_2268_5833,False,0,
TX_42_2269_7337,False,0,
TX_42_2271_6109,False,0,
TX_42_2273_9127,False,0,
TX_42_2274_7747,True,139428,REFUND_ERROR
TX_42_2275_7394,False,0,
TX_42_2276_3803,False,0,
TX_42_2277_9876,True,329544,CHARGEBACK
TX_42_2278_3385,False,0,
TX_42_2279_1023,False,0,
TX_42_2281_2750,False,0,
TX_42_2282_7668,False,0,
TX_42_2283_8043,False,0,
TX_42_2284_2591,False,0,
TX_42_2287_7820,True,147934,REFUND_ERROR
TX_42_2288_6060,False,0,
TX_42_2289_2313,False,0,
TX_42_2290_5035,True,293238,PAYMENT_STATE_DIVERGENCE
TX_42_2291_9275,False,0,
TX_42_2295_6921,False,0,
TX_42_2298_1131,False,0,
TX_42_2301_3620,False,0,
TX_42_2302_2062,False,0,
TX_42_2303_2613,False,0,
TX_42_2304_1138,False,0,
TX_42_2305_8078,False,0,
TX_42_2306_1242,False,0,
TX_42_2307_3958,False,0,
TX_42_2309_2019,False,0,
TX_42_2311_7094,False,0,
TX_42_2312_2673,False,0,
TX_42_2313_4990,False,0,
TX_42_2314_8484,False,0,
TX_42_2315_6704,False,0,
TX_42_2316_7893,False,0,
TX_42_2317_9406,False,0,
TX_42_2318_1376,False,0,
TX_42_2319_7485,False,0,
TX_42_2320_1392,False,0,
TX_42_2322_8571,False,0,
TX_42_2323_5071,False,0,
TX_42_2324_8832,True,455662,CHARGEBACK
TX_42_2325_2207,False,0,
TX_42_2326_7632,False,0,
TX_42_2327_4719,False,0,
TX_42_2328_8535,False,0,
TX_42_2329_8574,False,0,
TX_42_2330_6605,False,0,
TX_42_2331_7062,False,0,
TX_42_2333_6938,False,0,
TX_42_2334_1530,False,0,
TX_42_2335_2198,False,0,
TX_42_2337_5009,False,0,
TX_42_2338_1812,False,0,
TX_42_2339_2528,False,0,
TX_42_2341_7712,False,0,
TX_42_2342_6751,False,0,
TX_42_2343_6504,False,0,
TX_42_2346_6336,False,0,
TX_42_2347_2487,False,0,
TX_42_2348_9375,False,0,
TX_42_2349_1473,False,0,
TX_42_2350_7415,False,0,
TX_42_2351_1390,False,0,
TX_42_2352_6514,False,0,
TX_42_2353_2851,False,0,
TX_42_2354_7842,False,0,
TX_42_2355_2666,False,0,
TX_42_2357_4637,False,0,
TX_42_2358_6615,False,0,
TX_42_2360_9615,False,0,
TX_42_2362_2184,False,0,
TX_42_2363_7373,False,0,
TX_42_2364_5363,False,0,
TX_42_2365_3115,True,109618,REFUND_ERROR
TX_42_2366_1934,False,0,
TX_42_2368_2084,False,0,
TX_42_2370_3936,False,0,
TX_42_2371_4808,False,0,
TX_42_2373_4379,False,0,
TX_42_2374_6403,False,0,
TX_42_2375_3587,False,0,
TX_42_2377_6249,False,0,
TX_42_2378_1199,False,0,
TX_42_2379_3965,False,0,
TX_42_2380_2711,False,0,
TX_42_2382_1407,False,0,
TX_42_2383_8472,False,0,
TX_42_2384_2344,False,0,
TX_42_2385_5974,False,0,
TX_42_2386_7601,False,0,
TX_42_2387_5668,False,0,
TX_42_2389_6785,False,0,
TX_42_2390_8404,False,0,
TX_42_2391_5200,False,0,
TX_42_2394_4119,False,0,
TX_42_2395_6015,False,0,
TX_42_2397_7104,False,0,
TX_42_2398_3888,False,0,
TX_42_2399_3206,False,0,
TX_42_2401_8645,True,383844,PAYMENT_STATE_DIVERGENCE
TX_42_2402_8977,False,0,
TX_42_2403_5388,False,0,
TX_42_2404_7035,True,597395,CHARGEBACK
TX_42_2405_7482,False,0,
TX_42_2406_4069,False,0,
TX_42_2407_4638,False,0,
TX_42_2408_3253,False,0,
TX_42_2409_3423,False,0,
TX_42_2410_5927,False,0,
TX_42_2411_3133,False,0,
TX_42_2412_8432,False,0,
TX_42_2413_5901,False,0,
TX_42_2414_9752,False,0,
TX_42_2415_6498,False,0,
TX_42_2416_1050,False,0,
TX_42_2417_7456,False,0,
TX_42_2419_8183,False,0,
TX_42_2420_5834,False,0,
TX_42_2423_3454,False,0,
TX_42_2424_3408,False,0,
TX_42_2426_7783,False,0,
TX_42_2427_5948,False,0,
TX_42_2428_2457,False,0,
TX_42_2429_5677,False,0,
TX_42_2430_1201,False,0,
TX_42_2431_6593,False,0,
TX_42_2432_1052,True,80500,PAYMENT_STATE_DIVERGENCE
TX_42_2434_1783,False,0,
TX_42_2435_1810,False,0,
TX_42_2436_7592,False,0,
TX_42_2437_7278,False,0,
TX_42_2438_1532,False,0,
TX_42_2439_8072,False,0,
TX_42_2440_8915,False,0,
TX_42_2441_6232,False,0,
TX_42_2442_4608,False,0,
TX_42_2443_2484,False,0,
TX_42_2444_2345,False,0,
TX_42_2445_6599,False,0,
TX_42_2446_1587,False,0,
TX_42_2447_7616,False,0,
TX_42_2448_2164,False,0,
TX_42_2449_3139,False,0,
TX_42_2450_6976,False,0,
TX_42_2451_4892,False,0,
TX_42_2452_4086,False,0,
TX_42_2453_6365,False,0,
TX_42_2456_2612,False,0,
TX_42_2457_8246,False,0,
TX_42_2458_1045,False,0,
TX_42_2459_6874,False,0,
TX_42_2460_9014,False,0,
TX_42_2461_1620,False,0,
TX_42_2463_2724,False,0,
TX_42_2464_8194,False,0,
TX_42_2465_8742,False,0,
TX_42_2466_6735,False,0,
TX_42_2467_8271,False,0,
TX_42_2468_8888,False,0,
TX_42_2469_5755,False,0,
TX_42_2470_7396,False,0,
TX_42_2471_2405,False,0,
TX_42_2472_5399,False,0,
TX_42_2473_2197,False,0,
TX_42_2474_4798,False,0,
TX_42_2475_7423,False,0,
TX_42_2476_5337,False,0,
TX_42_2477_2281,False,0,
TX_42_2480_9582,False,0,
TX_42_2481_9183,False,0,
TX_42_2483_2307,False,0,
TX_42_2486_2360,False,0,
TX_42_2487_5734,False,0,
TX_42_2488_5752,False,0,
TX_42_2489_9993,True,408886,PAYMENT_STATE_DIVERGENCE
TX_42_2490_1364,False,0,
TX_42_2491_9156,False,0,
TX_42_2492_2511,False,0,
TX_42_2495_9574,False,0,
TX_42_2496_2781,False,0,
TX_42_2498_3949,False,0,
TX_42_2500_3480,False,0,
TX_42_2501_4263,False,0,
TX_42_2503_6800,False,0,
TX_42_2504_3542,False,0,
TX_42_2505_6612,False,0,
TX_42_2506_2137,False,0,
TX_42_2507_1379,False,0,
TX_42_2509_4845,False,0,
TX_42_2510_1978,False,0,
TX_42_2511_7652,False,0,
TX_42_2512_4778,False,0,
TX_42_2514_5786,False,0,
TX_42_2515_9423,False,0,
TX_42_2516_1269,False,0,
TX_42_2517_9964,False,0,
TX_42_2518_7654,False,0,
TX_42_2519_8543,False,0,
TX_42_2520_8417,False,0,
TX_42_2522_8579,False,0,
TX_42_2523_6840,False,0,
TX_42_2524_8487,False,0,
TX_42_2525_6770,False,0,
TX_42_2526_8238,False,0,
TX_42_2527_7492,False,0,
TX_42_2528_5896,False,0,
TX_42_2529_3907,True,238249,PAYMENT_STATE_DIVERGENCE
TX_42_2530_3073,False,0,
TX_42_2532_1671,False,0,
TX_42_2533_3162,False,0,
TX_42_2534_3216,False,0,
TX_42_2535_7873,False,0,
TX_42_2536_6847,False,0,
TX_42_2537_5494,False,0,
TX_42_2539_8922,False,0,
TX_42_2540_3890,False,0,
TX_42_2541_3545,False,0,
TX_42_2542_5938,False,0,
TX_42_2543_5600,False,0,
TX_42_2544_6265,False,0,
TX_42_2545_2286,False,0,
TX_42_2546_4115,False,0,
TX_42_2550_5105,False,0,
TX_42_2551_8157,False,0,
TX_42_2553_9735,True,405945,PAYMENT_STATE_DIVERGENCE
TX_42_2554_2978,False,0,
TX_42_2555_8297,False,0,
TX_42_2556_1302,False,0,
TX_42_2560_8937,False,0,
TX_42_2561_7748,False,0,
TX_42_2562_6171,False,0,
TX_42_2563_9886,False,0,
TX_42_2564_6092,False,0,
TX_42_2565_3697,False,0,
TX_42_2566_7090,False,0,
TX_42_2567_4177,False,0,
TX_42_2568_3584,False,0,
TX_42_2569_1369,False,0,
TX_42_2570_3115,False,0,
TX_42_2571_5105,False,0,
TX_42_2572_3398,False,0,
TX_42_2573_6392,False,0,
TX_42_2574_9988,False,0,
TX_42_2576_7395,False,0,
TX_42_2577_7315,False,0,
TX_42_2580_6746,False,0,
TX_42_2581_5385,False,0,
TX_42_2582_3043,False,0,
TX_42_2583_1157,False,0,
TX_42_2584_3385,False,0,
TX_42_2585_3600,False,0,
TX_42_2586_4904,False,0,
TX_42_2588_6390,False,0,
TX_42_2590_2972,False,0,
TX_42_2592_1886,False,0,
TX_42_2593_3794,False,0,
TX_42_2594_1957,False,0,
TX_42_2595_3305,True,159225,PAYMENT_STATE_DIVERGENCE
TX_42_2596_2542,False,0,
TX_42_2597_4201,False,0,
TX_42_2598_2200,False,0,
TX_42_2599_1969,False,0,
TX_42_2600_2488,False,0,
TX_42_2602_5127,False,0,
TX_42_2603_3940,False,0,
TX_42_2604_6992,False,0,
TX_42_2605_4184,True,420524,PAYMENT_STATE_DIVERGENCE
TX_42_2606_1970,False,0,
TX_42_2607_3576,False,0,
TX_42_2608_8881,False,0,
TX_42_2609_9227,False,0,
TX_42_2610_2531,False,0,
TX_42_2611_9572,False,0,
TX_42_2612_1342,False,0,
TX_42_2613_4103,False,0,
TX_42_2614_1640,False,0,
TX_42_2615_6933,False,0,
TX_42_2616_2925,False,0,
TX_42_2617_9514,False,0,
TX_42_2618_8008,False,0,
TX_42_2620_3899,True,367172,CHARGEBACK
TX_42_2622_3751,False,0,
TX_42_2624_5373,False,0,
TX_42_2625_7991,False,0,
TX_42_2626_2920,False,0,
TX_42_2627_3314,False,0,
TX_42_2628_7023,False,0,
TX_42_2629_2527,False,0,
TX_42_2630_9417,False,0,
TX_42_2632_8645,False,0,
TX_42_2633_9452,False,0,
TX_42_2635_3058,False,0,
TX_42_2636_7872,False,0,
TX_42_2637_1926,False,0,
TX_42_2638_7818,False,0,
TX_42_2639_6765,False,0,
TX_42_2640_4116,False,0,
TX_42_2641_4096,False,0,
TX_42_2642_4774,False,0,
TX_42_2643_5107,False,0,
TX_42_2646_2557,False,0,
TX_42_2647_2751,False,0,
TX_42_2648_9419,False,0,
TX_42_2649_7737,False,0,
TX_42_2650_6045,False,0,
TX_42_2651_6927,False,0,
TX_42_2652_3971,False,0,
TX_42_2653_4277,False,0,
TX_42_2654_6770,False,0,
TX_42_2656_8851,False,0,
TX_42_2657_6035,False,0,
TX_42_2658_1649,False,0,
TX_42_2659_5177,False,0,
TX_42_2660_2350,False,0,
TX_42_2661_6493,False,0,
TX_42_2662_6411,False,0,
TX_42_2663_3154,False,0,
TX_42_2664_8892,False,0,
TX_42_2665_9882,False,0,
TX_42_2669_7335,False,0,
TX_42_2672_3258,False,0,
TX_42_2673_5653,False,0,
TX_42_2675_5245,False,0,
TX_42_2676_9027,False,0,
TX_42_2677_8101,False,0,
TX_42_2678_6913,False,0,
TX_42_2679_4516,False,0,
TX_42_2680_4982,False,0,
TX_42_2681_1786,False,0,
TX_42_2683_8622,False,0,
TX_42_2684_1584,False,0,
TX_42_2685_6750,False,0,
TX_42_2686_2148,False,0,
TX_42_2687_6132,False,0,
TX_42_2688_7183,False,0,
TX_42_2689_6452,False,0,
TX_42_2690_5708,False,0,
TX_42_2691_5832,False,0,
TX_42_2692_9236,False,0,
TX_42_2694_2578,False,0,
TX_42_2695_6739,False,0,
TX_42_2696_3068,False,0,
TX_42_2697_2154,False,0,
TX_42_2698_3672,False,0,
TX_42_2699_8398,False,0,
TX_42_2700_7435,False,0,
TX_42_2701_2400,False,0,
TX_42_2702_5904,True,102830,PAYMENT_STATE_DIVERGENCE
TX_42_2703_5843,False,0,
TX_42_2704_4237,False,0,
TX_42_2705_7839,False,0,
TX_42_2706_6574,False,0,
TX_42_2707_8774,False,0,
TX_42_2709_1850,False,0,
TX_42_2710_8462,False,0,
TX_42_2711_4562,False,0,
TX_42_2712_8654,False,0,
TX_42_2713_7912,True,476896,REFUND_ERROR
TX_42_2714_8201,False,0,
TX_42_2715_1321,False,0,
TX_42_2716_6238,False,0,
TX_42_2718_3963,False,0,
TX_42_2719_8381,False,0,
TX_42_2720_2718,False,0,
TX_42_2721_3662,False,0,
TX_42_2723_9908,False,0,
TX_42_2724_7298,False,0,
TX_42_2725_7429,False,0,
TX_42_2726_8297,False,0,
TX_42_2727_2820,False,0,
TX_42_2728_7163,False,0,
TX_42_2729_3023,False,0,
TX_42_2731_3807,False,0,
TX_42_2732_1197,False,0,
TX_42_2733_8627,False,0,
TX_42_2734_8181,False,0,
TX_42_2735_1915,False,0,
TX_42_2736_9914,False,0,
TX_42_2737_6586,False,0,
TX_42_2738_7728,False,0,
TX_42_2739_3901,False,0,
TX_42_2740_7158,False,0,
TX_42_2741_1641,False,0,
TX_42_2743_6484,False,0,
TX_42_2745_7780,False,0,
TX_42_2746_7945,False,0,
TX_42_2747_1697,False,0,
TX_42_2748_8505,False,0,
TX_42_2749_3012,False,0,
TX_42_2751_8753,False,0,
TX_42_2752_3661,False,0,
TX_42_2754_9363,False,0,
TX_42_2756_7596,False,0,
TX_42_2757_3111,False,0,
TX_42_2758_9935,False,0,
TX_42_2759_4220,False,0,
TX_42_2760_1717,False,0,
TX_42_2761_1560,False,0,
TX_42_2762_8379,False,0,
TX_42_2763_5550,False,0,
TX_42_2764_1819,False,0,
TX_42_2765_1586,False,0,
TX_42_2768_5438,False,0,
TX_42_2769_4329,False,0,
TX_42_2771_5830,False,0,
TX_42_2772_2532,False,0,
TX_42_2773_9902,False,0,
TX_42_2774_5187,False,0,
TX_42_2775_6755,False,0,
TX_42_2776_6191,False,0,
TX_42_2777_3969,False,0,
TX_42_2778_9929,False,0,
TX_42_2779_5307,False,0,
TX_42_2780_8687,False,0,
TX_42_2781_3723,False,0,
TX_42_2782_3240,True,217184,CHARGEBACK
TX_42_2783_2259,False,0,
TX_42_2784_3269,False,0,
TX_42_2785_4409,False,0,
TX_42_2786_7276,False,0,
TX_42_2787_6874,False,0,
TX_42_2789_9996,False,0,
TX_42_2790_7231,False,0,
TX_42_2792_6715,False,0,
TX_42_2793_7147,False,0,
TX_42_2795_7992,False,0,
TX_42_2798_7701,False,0,
TX_42_2799_9874,False,0,
TX_42_2800_1826,False,0,
TX_42_2801_6401,False,0,
TX_42_2802_9810,False,0,
TX_42_2804_7616,False,0,
TX_42_2805_5680,False,0,
TX_42_2806_3748,False,0,
TX_42_2807_8009,False,0,
TX_42_2808_5858,False,0,
TX_42_2809_8898,False,0,
TX_42_2811_9811,False,0,
TX_42_2813_4903,False,0,
TX_42_2814_7390,False,0,
TX_42_2815_4538,False,0,
TX_42_2816_1557,False,0,
TX_42_2817_4939,False,0,
TX_42_2818_8021,False,0,
TX_42_2819_5532,False,0,
TX_42_2820_8963,False,0,
TX_42_2821_7677,False,0,
TX_42_2822_5261,False,0,
TX_42_2824_7674,False,0,
TX_42_2825_2747,False,0,
TX_42_2826_2211,False,0,
TX_42_2827_2791,False,0,
TX_42_2828_1343,False,0,
TX_42_2829_1677,False,0,
TX_42_2831_5534,False,0,
TX_42_2833_1049,False,0,
TX_42_2834_4510,False,0,
TX_42_2835_9038,False,0,
TX_42_2836_3966,False,0,
TX_42_2837_7470,False,0,
TX_42_2838_3530,False,0,
TX_42_2839_9682,False,0,
TX_42_2841_7883,False,0,
TX_42_2842_6469,False,0,
TX_42_2843_6355,False,0,
TX_42_2846_8773,False,0,
TX_42_2847_3675,False,0,
TX_42_2848_8077,False,0,
TX_42_2850_6147,False,0,
TX_42_2851_3593,False,0,
TX_42_2852_2636,False,0,
TX_42_2853_8147,False,0,
TX_42_2854_5179,False,0,
TX_42_2855_6476,False,0,
TX_42_2856_9587,False,0,
TX_42_2857_2242,False,0,
TX_42_2858_1028,False,0,
TX_42_2859_8197,False,0,
TX_42_2860_1312,False,0,
TX_42_2861_3435,False,0,
TX_42_2862_9581,False,0,
TX_42_2863_3984,False,0,
TX_42_2864_7797,False,0,
TX_42_2865_5582,False,0,
TX_42_2866_2644,False,0,
TX_42_2868_7441,False,0,
TX_42_2869_3254,False,0,
TX_42_2870_5094,False,0,
TX_42_2871_6634,False,0,
TX_42_2872_9520,False,0,
TX_42_2873_6369,False,0,
TX_42_2874_1108,False,0,
TX_42_2875_1680,False,0,
TX_42_2876_2992,False,0,
TX_42_2878_1434,False,0,
TX_42_2879_1875,False,0,
TX_42_2881_6195,False,0,
TX_42_2882_2302,False,0,
TX_42_2884_2383,False,0,
TX_42_2885_4788,False,0,
TX_42_2886_2806,False,0,
TX_42_2887_4961,False,0,
TX_42_2888_3254,False,0,
TX_42_2890_8243,False,0,
TX_42_2892_2347,False,0,
TX_42_2893_4518,False,0,
TX_42_2895_9023,False,0,
TX_42_2898_1930,False,0,
TX_42_2899_6453,False,0,
TX_42_2900_3663,False,0,
TX_42_2901_5716,False,0,
TX_42_2902_6914,False,0,
TX_42_2904_9735,False,0,
TX_42_2905_5333,False,0,
TX_42_2906_1472,False,0,
TX_42_2907_1184,False,0,
TX_42_2908_7001,False,0,
TX_42_2909_6121,False,0,
TX_42_2910_6571,False,0,
TX_42_2911_3554,False,0,
TX_42_2912_3154,False,0,
TX_42_2913_9312,False,0,
TX_42_2915_7383,False,0,
TX_42_2917_6561,False,0,
TX_42_2918_6536,False,0,
TX_42_2920_5214,False,0,
TX_42_2921_7493,False,0,
TX_42_2922_8173,False,0,
TX_42_2924_8703,False,0,
TX_42_2925_7572,True,216508,CHARGEBACK
TX_42_2926_7100,False,0,
TX_42_2927_4203,False,0,
TX_42_2928_5472,False,0,
TX_42_2931_9624,False,0,
TX_42_2932_3082,False,0,
TX_42_2933_7212,False,0,
TX_42_2935_1463,False,0,
TX_42_2937_5384,False,0,
TX_42_2939_3239,False,0,
TX_42_2941_9829,False,0,
TX_42_2942_5144,False,0,
TX_42_2944_7057,False,0,
TX_42_2945_5172,False,0,
TX_42_2946_5454,False,0,
TX_42_2948_4629,False,0,
TX_42_2949_6783,False,0,
TX_42_2952_5677,False,0,
TX_42_2953_6737,False,0,
TX_42_2954_2719,False,0,
TX_42_2955_4732,False,0,
TX_42_2959_2068,False,0,
TX_42_2960_2170,False,0,
TX_42_2961_6864,False,0,
TX_42_2962_9612,False,0,
TX_42_2965_2121,False,0,
TX_42_2966_3842,False,0,
TX_42_2967_5417,False,0,
TX_42_2969_4609,False,0,
TX_42_2970_2788,False,0,
TX_42_2971_8210,False,0,
TX_42_2972_6787,True,421248,PAYMENT_STATE_DIVERGENCE
TX_42_2973_8394,False,0,
TX_42_2974_8972,False,0,
TX_42_2975_6741,False,0,
TX_42_2977_1717,False,0,
TX_42_2978_4490,False,0,
TX_42_2979_3375,False,0,
TX_42_2980_3466,False,0,
TX_42_2981_1596,False,0,
TX_42_2982_1876,False,0,
TX_42_2983_4071,False,0,
TX_42_2984_6675,False,0,
TX_42_2985_8497,False,0,
TX_42_2986_7047,False,0,
TX_42_2987_5921,False,0,
TX_42_2988_7283,False,0,
TX_42_2989_5503,False,0,
TX_42_2990_6937,False,0,
TX_42_2991_3847,False,0,
TX_42_2992_4360,False,0,
TX_42_2993_5350,True,414273,PAYMENT_STATE_DIVERGENCE
TX_42_2994_1197,False,0,
TX_42_2995_8079,True,448341,REFUND_ERROR
TX_42_2997_5943,False,0,
TX_42_3000_3405,False,0,
TX_42_3002_6677,False,0,
TX_42_3003_1653,False,0,
TX_42_3005_3527,False,0,
TX_42_3006_6303,False,0,
TX_42_3009_5229,False,0,
TX_42_3010_9859,False,0,
TX_42_3011_6344,False,0,
TX_42_3012_2586,False,0,
TX_42_3013_4971,False,0,
TX_42_3014_3617,False,0,
TX_42_3015_8833,False,0,
TX_42_3016_1624,False,0,
TX_42_3017_6918,False,0,
TX_42_3018_9178,False,0,
TX_42_3021_6759,False,0,
TX_42_3024_8886,False,0,
TX_42_3026_5966,False,0,
TX_42_3027_5612,False,0,
TX_42_3028_4000,False,0,
TX_42_3029_5183,False,0,
TX_42_3030_4327,False,0,
TX_42_3031_2560,False,0,
TX_42_3032_7362,False,0,
TX_42_3033_3027,False,0,
TX_42_3034_5825,False,0,
TX_42_3035_9085,False,0,
TX_42_3036_8450,False,0,
TX_42_3037_7179,False,0,
TX_42_3038_5377,False,0,
TX_42_3039_2928,False,0,
TX_42_3040_5617,False,0,
TX_42_3041_8327,True,177699,PAYMENT_STATE_DIVERGENCE
TX_42_3042_8808,False,0,
TX_42_3043_3297,False,0,
TX_42_3044_7326,False,0,
TX_42_3045_3775,False,0,
TX_42_3046_8177,False,0,
TX_42_3047_1815,False,0,
TX_42_3048_9323,False,0,
TX_42_3049_8506,False,0,
TX_42_3052_1877,False,0,
TX_42_3054_9191,False,0,
TX_42_3055_2363,False,0,
TX_42_3056_9422,False,0,
TX_42_3057_6171,False,0,
TX_42_3060_2127,False,0,
TX_42_3061_9391,False,0,
TX_42_3062_1848,False,0,
TX_42_3063_9637,False,0,
TX_42_3064_7948,False,0,
TX_42_3065_7315,False,0,
TX_42_3066_2643,False,0,
TX_42_3067_3659,True,539538,REFUND_ERROR
TX_42_3068_4310,False,0,
TX_42_3069_7582,False,0,
TX_42_3071_2010,False,0,
TX_42_3072_5469,False,0,
TX_42_3073_8105,False,0,
TX_42_3074_7263,False,0,
TX_42_3075_1167,False,0,
TX_42_3076_1178,False,0,
TX_42_3077_8373,False,0,
TX_42_3078_3394,False,0,
TX_42_3079_1241,False,0,
TX_42_3080_2441,False,0,
TX_42_3081_9219,False,0,
TX_42_3082_9530,False,0,
TX_42_3083_3933,False,0,
TX_42_3084_6259,False,0,
TX_42_3085_7357,False,0,
TX_42_3086_5537,False,0,
TX_42_3088_4522,False,0,
TX_42_3089_3015,False,0,
TX_42_3090_4247,False,0,
TX_42_3091_5379,False,0,
TX_42_3092_3356,False,0,
TX_42_3093_9243,False,0,
TX_42_3094_6813,False,0,
TX_42_3095_3572,False,0,
TX_42_3096_1375,True,125326,REFUND_ERROR
TX_42_3097_4472,False,0,
TX_42_3098_2998,False,0,
TX_42_3100_8914,False,0,
TX_42_3101_9577,False,0,
TX_42_3102_4671,False,0,
TX_42_3103_2527,False,0,
TX_42_3104_6780,False,0,
TX_42_3105_3277,False,0,
TX_42_3106_6262,False,0,
TX_42_3107_8164,False,0,
TX_42_3108_3871,False,0,
TX_42_3109_6476,False,0,
TX_42_3110_9331,False,0,
TX_42_3113_3334,False,0,
TX_42_3114_6363,False,0,
TX_42_3115_5089,False,0,
TX_42_3116_6559,False,0,
TX_42_3118_1180,False,0,
TX_42_3119_4293,False,0,
TX_42_3120_2850,False,0,
TX_42_3121_6785,False,0,
TX_42_3122_5271,False,0,
TX_42_3123_3640,False,0,
TX_42_3126_7788,False,0,
TX_42_3127_3977,False,0,
TX_42_3129_6854,False,0,
TX_42_3130_6319,False,0,
TX_42_3131_7233,False,0,
TX_42_3132_5668,False,0,
TX_42_3133_8378,False,0,
TX_42_3134_4371,False,0,
TX_42_3135_9336,False,0,
TX_42_3136_7127,False,0,
TX_42_3137_2007,False,0,
TX_42_3138_3257,False,0,
TX_42_3139_1210,False,0,
TX_42_3140_2393,False,0,
TX_42_3141_5312,False,0,
TX_42_3142_8059,False,0,
TX_42_3144_7666,False,0,
TX_42_3145_5426,False,0,
TX_42_3146_5577,False,0,
TX_42_3147_9671,True,202602,CHARGEBACK
TX_42_3148_6552,False,0,
TX_42_3149_3949,False,0,
TX_42_3150_5987,False,0,
TX_42_3151_4510,False,0,
TX_42_3152_4217,False,0,
TX_42_3153_3351,False,0,
TX_42_3154_7155,True,191175,PAYMENT_STATE_DIVERGENCE
TX_42_3155_8216,False,0,
TX_42_3156_3325,False,0,
TX_42_3157_6845,False,0,
TX_42_3158_9852,False,0,
TX_42_3160_3275,False,0,
TX_42_3162_7367,False,0,
TX_42_3164_6114,False,0,
TX_42_3165_5218,False,0,
TX_42_3166_3127,False,0,
TX_42_3167_4611,False,0,
TX_42_3168_4341,False,0,
TX_42_3169_1257,False,0,
TX_42_3170_7206,False,0,
TX_42_3171_9079,False,0,
TX_42_3173_9401,False,0,
TX_42_3175_5607,False,0,
TX_42_3176_2393,False,0,
TX_42_3178_5287,False,0,
TX_42_3179_5321,False,0,
TX_42_3180_6762,False,0,
TX_42_3181_1550,False,0,
TX_42_3182_5595,False,0,
TX_42_3183_1724,False,0,
TX_42_3185_4311,False,0,
TX_42_3186_2065,False,0,
TX_42_3187_2804,False,0,
TX_42_3188_1059,False,0,
TX_42_3189_6336,False,0,
TX_42_3190_8440,False,0,
TX_42_3191_3588,False,0,
TX_42_3192_8381,False,0,
TX_42_3193_7614,False,0,
TX_42_3195_9694,False,0,
TX_42_3197_8537,False,0,
TX_42_3198_5294,False,0,
TX_42_3199_3282,False,0,
TX_42_3200_8863,False,0,
TX_42_3201_3697,False,0,
TX_42_3203_6947,False,0,
TX_42_3204_1006,False,0,
TX_42_3206_5182,False,0,
TX_42_3207_5697,False,0,
TX_42_3208_7560,False,0,
TX_42_3210_2437,False,0,
TX_42_3211_8558,False,0,
TX_42_3212_3127,False,0,
TX_42_3213_4436,False,0,
TX_42_3214_7889,False,0,
TX_42_3215_5557,False,0,
TX_42_3217_9672,False,0,
TX_42_3218_8550,False,0,
TX_42_3219_2890,False,0,
TX_42_3221_5211,False,0,
TX_42_3223_9095,False,0,
TX_42_3225_2875,False,0,
TX_42_3226_7164,False,0,
TX_42_3227_4051,False,0,
TX_42_3228_1780,False,0,
TX_42_3229_5295,False,0,
TX_42_3231_7499,False,0,
TX_42_3232_9395,False,0,
TX_42_3233_1931,False,0,
TX_42_3236_6639,False,0,
TX_42_3237_1220,False,0,
TX_42_3239_7217,False,0,
TX_42_3241_8193,False,0,
TX_42_3242_6195,False,0,
TX_42_3243_5384,False,0,
TX_42_3244_4285,False,0,
TX_42_3245_6197,False,0,
TX_42_3246_9135,False,0,
TX_42_3248_7839,False,0,
TX_42_3249_8821,False,0,
TX_42_3251_5828,False,0,
TX_42_3252_5734,False,0,
TX_42_3253_9772,False,0,
TX_42_3255_8685,False,0,
TX_42_3256_7331,False,0,
TX_42_3258_7419,False,0,
TX_42_3260_5702,False,0,
TX_42_3261_5350,False,0,
TX_42_3262_3436,False,0,
TX_42_3263_2603,False,0,
TX_42_3264_1417,False,0,
TX_42_3265_8795,False,0,
TX_42_3266_5869,False,0,
TX_42_3267_2819,False,0,
TX_42_3269_4285,True,193019,PAYMENT_STATE_DIVERGENCE
TX_42_3270_9454,False,0,
TX_42_3271_1977,False,0,
TX_42_3272_5353,False,0,
TX_42_3273_2082,False,0,
TX_42_3274_9702,False,0,
TX_42_3277_5963,False,0,
TX_42_3278_3994,False,0,
TX_42_3279_4284,False,0,
TX_42_3281_3739,False,0,
TX_42_3283_1270,False,0,
TX_42_3284_2395,False,0,
TX_42_3285_1455,False,0,
TX_42_3286_7835,False,0,
TX_42_3287_7958,False,0,
TX_42_3289_8859,False,0,
TX_42_3290_9861,False,0,
TX_42_3291_2876,False,0,
TX_42_3293_6626,False,0,
TX_42_3294_5920,False,0,
TX_42_3296_7969,False,0,
TX_42_3297_8746,False,0,
TX_42_3298_5204,False,0,
TX_42_3299_3238,False,0,
TX_42_3300_2880,False,0,
TX_42_3301_5174,False,0,
TX_42_3302_6221,False,0,
TX_42_3303_9670,False,0,
TX_42_3304_9565,False,0,
TX_42_3305_1022,False,0,
TX_42_3308_5580,False,0,
TX_42_3309_7351,False,0,
TX_42_3312_8983,False,0,
TX_42_3314_3238,False,0,
TX_42_3315_5281,False,0,
TX_42_3316_8722,False,0,
TX_42_3317_1125,False,0,
TX_42_3318_6000,False,0,
TX_42_3319_3492,False,0,
TX_42_3320_4065,False,0,
TX_42_3321_9439,False,0,
TX_42_3322_2964,False,0,
TX_42_3323_5310,False,0,
TX_42_3324_1034,False,0,
TX_42_3325_2300,True,458323,CHARGEBACK
TX_42_3327_5690,False,0,
TX_42_3328_7894,False,0,
TX_42_3329_1693,False,0,
TX_42_3330_5464,False,0,
TX_42_3331_4666,False,0,
TX_42_3332_4336,False,0,
TX_42_3333_7884,False,0,
TX_42_3334_9983,False,0,
TX_42_3335_8670,False,0,
TX_42_3336_2641,False,0,
TX_42_3337_7567,False,0,
TX_42_3338_1983,False,0,
TX_42_3339_3714,False,0,
TX_42_3340_8160,False,0,
TX_42_3341_1048,False,0,
TX_42_3342_5474,False,0,
TX_42_3343_9816,False,0,
TX_42_3344_7875,False,0,
TX_42_3345_9089,True,195362,PAYMENT_STATE_DIVERGENCE
TX_42_3346_5909,False,0,
TX_42_3347_7222,False,0,
TX_42_3348_5852,True,266896,CHARGEBACK
TX_42_3351_9197,False,0,
TX_42_3352_1617,False,0,
TX_42_3353_6095,False,0,
TX_42_3355_2596,False,0,
TX_42_3356_7473,False,0,
TX_42_3357_8042,False,0,
TX_42_3359_1873,False,0,
TX_42_3360_8947,False,0,
TX_42_3361_3386,False,0,
TX_42_3362_9244,False,0,
TX_42_3363_9065,False,0,
TX_42_3364_3221,False,0,
TX_42_3365_4969,False,0,
TX_42_3366_9904,False,0,
TX_42_3367_9018,False,0,
TX_42_3368_6706,False,0,
TX_42_3369_3947,False,0,
TX_42_3370_7137,False,0,
TX_42_3371_4437,False,0,
TX_42_3374_4819,False,0,
TX_42_3376_4651,False,0,
TX_42_3377_5132,False,0,
TX_42_3378_9533,False,0,
TX_42_3379_8637,False,0,
TX_42_3380_8019,False,0,
TX_42_3381_5001,False,0,
TX_42_3382_4941,False,0,
TX_42_3383_5582,False,0,
TX_42_3384_9228,False,0,
TX_42_3385_4140,False,0,
TX_42_3386_8117,False,0,
TX_42_3388_3617,False,0,
TX_42_3389_9408,False,0,
TX_42_3390_3852,False,0,
TX_42_3391_2125,True,393354,PAYMENT_STATE_DIVERGENCE
TX_42_3395_3045,False,0,
TX_42_3397_8905,False,0,
TX_42_3398_2279,False,0,
TX_42_3399_6588,False,0,
TX_42_3400_1908,False,0,
TX_42_3401_4533,False,0,
TX_42_3402_3377,False,0,
TX_42_3403_2714,False,0,
TX_42_3404_4030,False,0,
TX_42_3405_7481,False,0,
TX_42_3406_6207,False,0,
TX_42_3407_5791,False,0,
TX_42_3409_9306,False,0,
TX_42_3410_1700,False,0,
TX_42_3411_4146,False,0,
TX_42_3412_5102,False,0,
TX_42_3413_7828,False,0,
TX_42_3414_9927,False,0,
TX_42_3415_1329,False,0,
TX_42_3417_8442,False,0,
TX_42_3418_7677,False,0,
TX_42_3419_9156,False,0,
TX_42_3421_3064,False,0,
TX_42_3422_9522,False,0,
TX_42_3425_2247,False,0,
TX_42_3426_2180,False,0,
TX_42_3428_8788,False,0,
TX_42_3429_4428,False,0,
TX_42_3430_2778,False,0,
TX_42_3431_5766,False,0,
TX_42_3432_2023,True,446512,REFUND_ERROR
TX_42_3434_4998,False,0,
TX_42_3435_3943,False,0,
TX_42_3436_8203,False,0,
TX_42_3437_1580,False,0,
TX_42_3438_4499,False,0,
TX_42_3439_1046,False,0,
TX_42_3441_2094,False,0,
TX_42_3442_7612,False,0,
TX_42_3444_6341,False,0,
TX_42_3445_2951,False,0,
TX_42_3446_7742,False,0,
TX_42_3447_7359,False,0,
TX_42_3448_6121,False,0,
TX_42_3449_9025,False,0,
TX_42_3450_2202,False,0,
TX_42_3451_4092,False,0,
TX_42_3452_5481,False,0,
TX_42_3453_2321,False,0,
TX_42_3455_9789,False,0,
TX_42_3456_9647,False,0,
TX_42_3458_8179,False,0,
TX_42_3459_6789,False,0,
TX_42_3460_6420,False,0,
TX_42_3461_6014,False,0,
TX_42_3462_4889,False,0,
TX_42_3463_7243,False,0,
TX_42_3464_7288,False,0,
TX_42_3465_5672,False,0,
TX_42_3466_5767,False,0,
TX_42_3468_7789,False,0,
TX_42_3469_7256,False,0,
TX_42_3470_4482,False,0,
TX_42_3471_7222,False,0,
TX_42_3472_5484,False,0,
TX_42_3473_2068,False,0,
TX_42_3475_7369,False,0,
TX_42_3477_6558,False,0,
TX_42_3478_9271,False,0,
TX_42_3480_9964,False,0,
TX_42_3481_2419,False,0,
TX_42_3482_4354,False,0,
TX_42_3485_7470,False,0,
TX_42_3487_5845,False,0,
TX_42_3488_2733,False,0,
TX_42_3489_2206,False,0,
TX_42_3490_2703,False,0,
TX_42_3492_6654,False,0,
TX_42_3493_4264,False,0,
TX_42_3494_2824,False,0,
TX_42_3495_9691,False,0,
TX_42_3496_4870,False,0,
TX_42_3497_6657,False,0,
TX_42_3498_1158,False,0,
TX_42_3499_2214,False,0,
TX_42_3500_7484,False,0,
TX_42_3501_4765,False,0,
TX_42_3504_4176,False,0,
TX_42_3505_7744,False,0,
TX_42_3506_5356,False,0,
TX_42_3507_8191,False,0,
TX_42_3508_1246,False,0,
TX_42_3509_6934,False,0,
TX_42_3510_9120,False,0,
TX_42_3511_7847,False,0,
TX_42_3512_2671,False,0,
TX_42_3514_5125,False,0,
TX_42_3519_7856,False,0,
TX_42_3520_8352,True,522839,CHARGEBACK
TX_42_3521_3569,False,0,
TX_42_3522_9760,False,0,
TX_42_3523_1952,False,0,
TX_42_3524_1602,False,0,
TX_42_3525_7131,False,0,
TX_42_3526_4384,False,0,
TX_42_3528_3249,False,0,
TX_42_3529_6328,False,0,
TX_42_3530_3871,False,0,
TX_42_3531_3198,False,0,
TX_42_3533_7620,False,0,
TX_42_3534_5174,False,0,
TX_42_3536_9438,False,0,
TX_42_3537_9973,False,0,
TX_42_3539_2613,False,0,
TX_42_3541_8914,False,0,
TX_42_3543_4160,False,0,
TX_42_3544_6949,True,350226,CHARGEBACK
TX_42_3546_2974,False,0,
TX_42_3547_3587,False,0,
TX_42_3548_4542,False,0,
TX_42_3549_4296,False,0,
TX_42_3550_7191,False,0,
TX_42_3551_6699,False,0,
TX_42_3552_2267,False,0,
TX_42_3553_4163,False,0,
TX_42_3554_9846,False,0,
TX_42_3555_6125,False,0,
TX_42_3556_5877,False,0,
TX_42_3557_9944,False,0,
TX_42_3559_3571,False,0,
TX_42_3560_1344,False,0,
TX_42_3561_2896,False,0,
TX_42_3563_5552,False,0,
TX_42_3567_2073,False,0,
TX_42_3568_3019,False,0,
TX_42_3569_1873,False,0,
TX_42_3570_8980,False,0,
TX_42_3571_6370,False,0,
TX_42_3573_8694,False,0,
TX_42_3574_2770,False,0,
TX_42_3576_2617,False,0,
TX_42_3577_8866,False,0,
TX_42_3578_2746,False,0,
TX_42_3579_6633,False,0,
TX_42_3580_6431,True,172440,PAYMENT_STATE_DIVERGENCE
TX_42_3581_1738,False,0,
TX_42_3582_3186,False,0,
TX_42_3583_3698,False,0,
TX_42_3584_4901,False,0,
TX_42_3585_2739,False,0,
TX_42_3586_8017,False,0,
TX_42_3587_9217,False,0,
TX_42_3588_8541,False,0,
TX_42_3591_5191,False,0,
TX_42_3592_5049,False,0,
TX_42_3593_8491,False,0,
TX_42_3594_4778,False,0,
TX_42_3595_9004,False,0,
TX_42_3596_6018,False,0,
TX_42_3597_2794,False,0,
TX_42_3598_1700,False,0,
TX_42_3599_9932,True,449499,CHARGEBACK
TX_42_3600_5660,False,0,
TX_42_3601_6999,False,0,
TX_42_3602_9894,False,0,
TX_42_3604_6327,False,0,
TX_42_3605_5251,False,0,
TX_42_3606_5748,False,0,
TX_42_3607_1315,False,0,
TX_42_3608_1883,False,0,
TX_42_3609_6813,False,0,
TX_42_3610_1307,False,0,
TX_42_3611_7530,False,0,
TX_42_3612_7359,False,0,
TX_42_3614_4114,False,0,
TX_42_3615_5292,False,0,
TX_42_3616_1042,False,0,
TX_42_3617_9258,False,0,
TX_42_3618_9425,False,0,
TX_42_3620_8707,False,0,
TX_42_3622_3173,False,0,
TX_42_3623_8475,False,0,
TX_42_3624_4107,True,193738,PAYMENT_STATE_DIVERGENCE
TX_42_3625_8831,False,0,
TX_42_3626_9486,False,0,
TX_42_3627_7053,False,0,
TX_42_3628_9141,False,0,
TX_42_3629_5702,False,0,
TX_42_3632_1231,False,0,
TX_42_3634_1398,False,0,
TX_42_3635_5883,False,0,
TX_42_3636_1008,False,0,
TX_42_3637_2063,False,0,
TX_42_3638_7200,False,0,
TX_42_3639_6715,False,0,
TX_42_3640_3478,False,0,
TX_42_3641_2981,False,0,
TX_42_3642_6523,True,359070,PAYMENT_STATE_DIVERGENCE
TX_42_3643_2189,False,0,
TX_42_3644_9184,False,0,
TX_42_3645_4548,False,0,
TX_42_3646_9845,False,0,
TX_42_3647_6553,False,0,
TX_42_3648_2158,False,0,
TX_42_3649_6063,False,0,
TX_42_3650_5170,False,0,
TX_42_3652_7045,False,0,
TX_42_3653_3700,False,0,
TX_42_3654_4964,False,0,
TX_42_3655_5042,False,0,
TX_42_3656_4045,False,0,
TX_42_3657_9906,False,0,
TX_42_3658_9004,False,0,
TX_42_3659_7031,False,0,
TX_42_3660_9866,False,0,
TX_42_3661_7976,False,0,
TX_42_3662_5380,False,0,
TX_42_3663_4934,True,462179,CHARGEBACK
TX_42_3664_9897,False,0,
TX_42_3665_8549,False,0,
TX_42_3666_6296,False,0,
TX_42_3667_1510,False,0,
TX_42_3668_1723,False,0,
TX_42_3669_2065,False,0,
TX_42_3670_8405,False,0,
TX_42_3671_1600,False,0,
TX_42_3672_6568,False,0,
TX_42_3673_7201,False,0,
TX_42_3674_3945,False,0,
TX_42_3675_4883,False,0,
TX_42_3676_5100,False,0,
TX_42_3677_2418,False,0,
TX_42_3678_8143,False,0,
TX_42_3679_8183,False,0,
TX_42_3680_1895,False,0,
TX_42_3681_2260,False,0,
TX_42_3682_3892,False,0,
TX_42_3683_2650,False,0,
TX_42_3684_7311,False,0,
TX_42_3686_4932,False,0,
TX_42_3687_6846,False,0,
TX_42_3688_6012,False,0,
TX_42_3690_5877,False,0,
TX_42_3691_9361,False,0,
TX_42_3692_6672,False,0,
TX_42_3693_5026,False,0,
TX_42_3694_8553,False,0,
TX_42_3695_8901,False,0,
TX_42_3696_4105,False,0,
TX_42_3698_3894,False,0,
TX_42_3700_8201,False,0,
TX_42_3701_3801,False,0,
TX_42_3702_1857,False,0,
TX_42_3703_7793,False,0,
TX_42_3704_4396,False,0,
TX_42_3706_4107,False,0,
TX_42_3707_3558,False,0,
TX_42_3710_8436,False,0,
TX_42_3711_9967,False,0,
TX_42_3713_8689,False,0,
TX_42_3714_6550,False,0,
TX_42_3715_7358,False,0,
TX_42_3716_9779,False,0,
TX_42_3718_5373,False,0,
TX_42_3719_3583,False,0,
TX_42_3720_8006,False,0,
TX_42_3722_7437,False,0,
TX_42_3723_3839,False,0,
TX_42_3724_1249,False,0,
TX_42_3725_3592,False,0,
TX_42_3726_1703,False,0,
TX_42_3727_6512,False,0,
TX_42_3728_8210,False,0,
TX_42_3729_9466,False,0,
TX_42_3730_6201,False,0,
TX_42_3731_1084,False,0,
TX_42_3733_8258,False,0,
TX_42_3734_3511,False,0,
TX_42_3735_6674,False,0,
TX_42_3736_4563,False,0,
TX_42_3737_7944,False,0,
TX_42_3738_7966,False,0,
TX_42_3739_2352,False,0,
TX_42_3740_2249,False,0,
TX_42_3743_6499,False,0,
TX_42_3744_4473,False,0,
TX_42_3745_4725,False,0,
TX_42_3746_3367,False,0,
TX_42_3747_4378,False,0,
TX_42_3749_7493,False,0,
TX_42_3750_7464,False,0,
TX_42_3751_7145,False,0,
TX_42_3753_3307,True,152843,PAYMENT_STATE_DIVERGENCE
TX_42_3754_1644,False,0,
TX_42_3755_7755,False,0,
TX_42_3756_5905,False,0,
TX_42_3757_1527,False,0,
TX_42_3758_7555,False,0,
TX_42_3761_9599,False,0,
TX_42_3762_4410,False,0,
TX_42_3763_8614,False,0,
TX_42_3764_1185,False,0,
TX_42_3765_5694,False,0,
TX_42_3766_2098,False,0,
TX_42_3767_7581,False,0,
TX_42_3769_2460,False,0,
TX_42_3770_2369,False,0,
TX_42_3771_1372,False,0,
TX_42_3772_6763,False,0,
TX_42_3775_8939,False,0,
TX_42_3776_2266,False,0,
TX_42_3778_1679,False,0,
TX_42_3780_7968,False,0,
TX_42_3782_7846,False,0,
TX_42_3783_6833,False,0,
TX_42_3784_1462,False,0,
TX_42_3785_1317,False,0,
TX_42_3787_1414,False,0,
TX_42_3788_9161,False,0,
TX_42_3789_2244,False,0,
TX_42_3790_1725,False,0,
TX_42_3792_6190,False,0,
TX_42_3793_2399,False,0,
TX_42_3794_3269,False,0,
TX_42_3795_5165,False,0,
TX_42_3796_8583,False,0,
TX_42_3797_5309,True,148105,PAYMENT_STATE_DIVERGENCE
TX_42_3799_6772,False,0,
TX_42_3800_7621,True,131731,PAYMENT_STATE_DIVERGENCE
TX_42_3803_9024,False,0,
TX_42_3804_2672,False,0,
TX_42_3805_7369,False,0,
TX_42_3806_7031,False,0,
TX_42_3808_9994,False,0,
TX_42_3810_5864,False,0,
TX_42_3811_4218,False,0,
TX_42_3813_1678,False,0,
TX_42_3815_3767,False,0,
TX_42_3816_1309,False,0,
TX_42_3817_3218,False,0,
TX_42_3818_6840,False,0,
TX_42_3819_3935,False,0,
TX_42_3820_9305,False,0,
TX_42_3821_9314,False,0,
TX_42_3822_9067,True,100824,PAYMENT_STATE_DIVERGENCE
TX_42_3823_2766,False,0,
TX_42_3824_8397,False,0,
TX_42_3825_5855,False,0,
TX_42_3826_8513,False,0,
TX_42_3827_5722,False,0,
TX_42_3828_7694,False,0,
TX_42_3829_8009,False,0,
TX_42_3831_9996,False,0,
TX_42_3832_9073,False,0,
TX_42_3833_1130,False,0,
TX_42_3834_9845,False,0,
TX_42_3836_8734,False,0,
TX_42_3838_9516,False,0,
TX_42_3839_1676,False,0,
TX_42_3840_1303,False,0,
TX_42_3842_6336,False,0,
TX_42_3843_7937,False,0,
TX_42_3844_5889,False,0,
TX_42_3845_4079,False,0,
TX_42_3846_4783,False,0,
TX_42_3847_8460,False,0,
TX_42_3849_4104,False,0,
TX_42_3851_8741,False,0,
TX_42_3852_2381,False,0,
TX_42_3853_1813,False,0,
TX_42_3854_8216,False,0,
TX_42_3855_4521,False,0,
TX_42_3858_2006,False,0,
TX_42_3859_6235,False,0,
TX_42_3860_6256,False,0,
TX_42_3861_7982,False,0,
TX_42_3863_8731,False,0,
TX_42_3865_9526,False,0,
TX_42_3867_7386,False,0,
TX_42_3868_7306,False,0,
TX_42_3869_4374,False,0,
TX_42_3870_3095,False,0,
TX_42_3871_7216,False,0,
TX_42_3872_6899,False,0,
TX_42_3873_7948,False,0,
TX_42_3874_9830,False,0,
TX_42_3875_6666,False,0,
TX_42_3876_3102,False,0,
TX_42_3878_7883,False,0,
TX_42_3879_6660,False,0,
TX_42_3880_9083,False,0,
TX_42_3881_2830,False,0,
TX_42_3883_6808,True,104840,PAYMENT_STATE_DIVERGENCE
TX_42_3885_3624,False,0,
TX_42_3886_9207,False,0,
TX_42_3887_8814,False,0,
TX_42_3888_5827,False,0,
TX_42_3889_9041,False,0,
TX_42_3890_1314,False,0,
TX_42_3891_8971,False,0,
TX_42_3893_5572,False,0,
TX_42_3894_2908,False,0,
TX_42_3895_6590,False,0,
TX_42_3896_2740,False,0,
TX_42_3897_7173,False,0,
TX_42_3898_7588,False,0,
TX_42_3900_1601,False,0,
TX_42_3901_8478,False,0,
TX_42_3903_9824,False,0,
TX_42_3904_6587,False,0,
TX_42_3905_1228,False,0,
TX_42_3906_2177,False,0,
TX_42_3907_2613,False,0,
TX_42_3909_9756,False,0,
TX_42_3910_8447,False,0,
TX_42_3912_7728,False,0,
TX_42_3913_7210,False,0,
TX_42_3914_4296,False,0,
TX_42_3915_3307,False,0,
TX_42_3916_9111,False,0,
TX_42_3917_1872,False,0,
TX_42_3918_4784,False,0,
TX_42_3919_4339,False,0,
TX_42_3921_7788,False,0,
TX_42_3923_3927,False,0,
TX_42_3924_4083,False,0,
TX_42_3925_4520,False,0,
TX_42_3926_7518,False,0,
TX_42_3927_8344,False,0,
TX_42_3928_5427,False,0,
TX_42_3929_4960,False,0,
TX_42_3930_9597,False,0,
TX_42_3931_4971,False,0,
TX_42_3932_2226,False,0,
TX_42_3933_3173,False,0,
TX_42_3934_8903,False,0,
TX_42_3935_6140,False,0,
TX_42_3936_9833,False,0,
TX_42_3937_3110,False,0,
TX_42_3939_7867,False,0,
TX_42_3941_7343,False,0,
TX_42_3942_5074,False,0,
TX_42_3943_5807,False,0,
TX_42_3944_8621,False,0,
TX_42_3945_5083,False,0,
TX_42_3946_3593,False,0,
TX_42_3948_6878,False,0,
TX_42_3949_1104,False,0,
TX_42_3950_4806,False,0,
TX_42_3951_3388,False,0,
TX_42_3952_2336,False,0,
TX_42_3953_8866,False,0,
TX_42_3954_9303,True,109314,DUPLICATE_CAPTURE
TX_42_3955_3459,False,0,
TX_42_3957_9856,False,0,
TX_42_3958_9368,False,0,
TX_42_3959_4058,False,0,
TX_42_3960_5006,False,0,
TX_42_3962_3741,False,0,
TX_42_3963_2379,False,0,
TX_42_3964_2293,False,0,
TX_42_3965_1507,False,0,
TX_42_3966_7473,False,0,
TX_42_3968_1948,False,0,
TX_42_3969_4048,False,0,
TX_42_3971_2386,False,0,
TX_42_3972_8720,False,0,
TX_42_3973_6200,False,0,
TX_42_3974_8002,False,0,
TX_42_3977_8274,False,0,
TX_42_3978_4203,False,0,
TX_42_3979_5664,False,0,
TX_42_3981_5391,False,0,
TX_42_3982_2600,False,0,
TX_42_3983_2614,False,0,
TX_42_3985_5617,False,0,
TX_42_3986_8018,False,0,
TX_42_3987_4055,False,0,
TX_42_3988_6237,False,0,
TX_42_3989_9301,False,0,
TX_42_3990_4544,False,0,
TX_42_3991_3725,False,0,
TX_42_3993_3039,False,0,
TX_42_3997_7756,False,0,
TX_42_3998_9656,False,0,
TX_42_3999_9464,False,0,
TX_42_4000_8463,False,0,
TX_42_4003_8864,False,0,
TX_42_4004_8146,False,0,
TX_42_4005_9160,False,0,
TX_42_4006_1288,False,0,
TX_42_4007_2783,False,0,
TX_42_4008_8554,False,0,
TX_42_4009_5335,False,0,
TX_42_4010_9698,False,0,
TX_42_4011_2116,False,0,
TX_42_4012_2896,False,0,
TX_42_4014_3384,False,0,
TX_42_4015_6513,False,0,
TX_42_4018_6089,False,0,
TX_42_4019_3310,False,0,
TX_42_4020_2868,False,0,
TX_42_4021_7130,False,0,
TX_42_4023_3050,False,0,
TX_42_4024_9884,False,0,
TX_42_4025_4799,False,0,
TX_42_4027_1611,False,0,
TX_42_4028_3875,False,0,
TX_42_4029_2758,False,0,
TX_42_4031_9342,False,0,
TX_42_4033_3077,False,0,
TX_42_4034_8880,False,0,
TX_42_4035_9023,False,0,
TX_42_4036_7905,False,0,
TX_42_4037_5783,False,0,
TX_42_4038_1363,False,0,
TX_42_4039_7965,False,0,
TX_42_4040_3066,False,0,
TX_42_4042_3958,False,0,
TX_42_4043_4819,False,0,
TX_42_4044_7831,False,0,
TX_42_4045_9780,False,0,
TX_42_4046_1236,False,0,
TX_42_4047_3973,False,0,
TX_42_4048_1414,False,0,
TX_42_4049_6764,False,0,
TX_42_4050_1451,False,0,
TX_42_4053_1709,True,405695,CHARGEBACK
TX_42_4054_8957,False,0,
TX_42_4055_5317,False,0,
TX_42_4056_5392,True,335875,CHARGEBACK
TX_42_4058_3593,False,0,
TX_42_4061_3608,False,0,
TX_42_4062_3387,False,0,
TX_42_4063_5149,False,0,
TX_42_4064_8137,True,210534,CHARGEBACK
TX_42_4067_6839,True,159471,PAYMENT_STATE_DIVERGENCE
TX_42_4068_2472,False,0,
TX_42_4069_9252,False,0,
TX_42_4070_9951,False,0,
TX_42_4071_8190,False,0,
TX_42_4072_7759,False,0,
TX_42_4073_8147,False,0,
TX_42_4074_9486,False,0,
TX_42_4075_2616,False,0,
TX_42_4076_3988,False,0,
TX_42_4077_3412,False,0,
TX_42_4078_4485,False,0,
TX_42_4079_3515,False,0,
TX_42_4081_8309,False,0,
TX_42_4082_7438,False,0,
TX_42_4083_5139,False,0,
TX_42_4084_3356,False,0,
TX_42_4085_4507,False,0,
TX_42_4087_9298,False,0,
TX_42_4088_8831,False,0,
TX_42_4090_3161,False,0,
TX_42_4091_4997,False,0,
TX_42_4092_4380,False,0,
TX_42_4093_1675,False,0,
TX_42_4094_8580,False,0,
TX_42_4095_3388,False,0,
TX_42_4096_9483,False,0,
TX_42_4097_6130,False,0,
TX_42_4098_9068,False,0,
TX_42_4101_9270,False,0,
TX_42_4103_1941,False,0,
TX_42_4104_9808,False,0,
TX_42_4105_4589,False,0,
TX_42_4106_6239,False,0,
TX_42_4107_6826,False,0,
TX_42_4108_8921,False,0,
TX_42_4109_4189,False,0,
TX_42_4110_2485,False,0,
TX_42_4111_7193,False,0,
TX_42_4113_5634,False,0,
TX_42_4114_3423,False,0,
TX_42_4115_2990,False,0,
TX_42_4116_8275,False,0,
TX_42_4117_7433,False,0,
TX_42_4118_8797,False,0,
TX_42_4120_3270,False,0,
TX_42_4121_9865,False,0,
TX_42_4122_6487,False,0,
TX_42_4123_9031,False,0,
TX_42_4124_1406,False,0,
TX_42_4126_3651,False,0,
TX_42_4127_8511,False,0,
TX_42_4130_9797,False,0,
TX_42_4131_3789,False,0,
TX_42_4133_7596,False,0,
TX_42_4134_1622,False,0,
TX_42_4135_6860,False,0,
TX_42_4136_2372,False,0,
TX_42_4137_1960,False,0,
TX_42_4138_4087,False,0,
TX_42_4140_1370,False,0,
TX_42_4141_8017,False,0,
TX_42_4142_1322,False,0,
TX_42_4143_7437,False,0,
TX_42_4144_8237,False,0,
TX_42_4146_8676,False,0,
TX_42_4147_6801,False,0,
TX_42_4148_7932,False,0,
TX_42_4149_3075,False,0,
TX_42_4151_4249,False,0,
TX_42_4152_9506,False,0,
TX_42_4154_7272,False,0,
TX_42_4155_6732,False,0,
TX_42_4157_9022,False,0,
TX_42_4160_1347,False,0,
TX_42_4162_5318,False,0,
TX_42_4163_7028,False,0,
TX_42_4164_7168,False,0,
TX_42_4165_1619,False,0,
TX_42_4167_9005,False,0,
TX_42_4168_8391,False,0,
TX_42_4170_9217,False,0,
TX_42_4171_9989,False,0,
TX_42_4172_7950,False,0,
TX_42_4173_7720,True,208168,PAYMENT_STATE_DIVERGENCE
TX_42_4174_8306,False,0,
TX_42_4175_7092,False,0,
TX_42_4176_4358,False,0,
TX_42_4177_5693,False,0,
TX_42_4178_2646,False,0,
TX_42_4179_2924,False,0,
TX_42_4180_6522,False,0,
TX_42_4181_9885,False,0,
TX_42_4182_6941,False,0,
TX_42_4183_1552,False,0,
TX_42_4184_6391,False,0,
TX_42_4185_7661,False,0,
TX_42_4186_7700,False,0,
TX_42_4188_7649,False,0,
TX_42_4189_6231,False,0,
TX_42_4190_5985,False,0,
TX_42_4191_2062,False,0,
TX_42_4192_8517,False,0,
TX_42_4193_6165,False,0,
TX_42_4194_4326,False,0,
TX_42_4195_6434,False,0,
TX_42_4197_4740,False,0,
TX_42_4198_1652,False,0,
TX_42_4199_2228,False,0,
TX_42_4200_2309,False,0,
TX_42_4202_7968,False,0,
TX_42_4203_8677,False,0,
TX_42_4204_6928,False,0,
TX_42_4205_5937,False,0,
TX_42_4207_1771,False,0,
TX_42_4208_4001,False,0,
TX_42_4209_4519,True,58482,REFUND_ERROR
TX_42_4210_9166,False,0,
TX_42_4213_5311,False,0,
TX_42_4214_8281,False,0,
TX_42_4216_4194,False,0,
TX_42_4217_7584,False,0,
TX_42_4218_5154,False,0,
TX_42_4221_5985,False,0,
TX_42_4222_8189,False,0,
TX_42_4223_6508,False,0,
TX_42_4224_8543,False,0,
TX_42_4225_5105,False,0,
TX_42_4226_3281,False,0,
TX_42_4227_4109,False,0,
TX_42_4228_6243,False,0,
TX_42_4229_3052,False,0,
TX_42_4230_2537,False,0,
TX_42_4231_8454,False,0,
TX_42_4232_3333,False,0,
TX_42_4233_4329,False,0,
TX_42_4234_2940,False,0,
TX_42_4235_6274,False,0,
TX_42_4236_1786,False,0,
TX_42_4237_6156,False,0,
TX_42_4239_2564,False,0,
TX_42_4240_1508,False,0,
TX_42_4241_7567,False,0,
TX_42_4243_9062,False,0,
TX_42_4247_2455,False,0,
TX_42_4249_5657,False,0,
TX_42_4250_2603,False,0,
TX_42_4251_6072,False,0,
TX_42_4252_3860,False,0,
TX_42_4253_5667,False,0,
TX_42_4254_9711,False,0,
TX_42_4257_6039,False,0,
TX_42_4259_2643,False,0,
TX_42_4260_9057,False,0,
TX_42_4261_7609,False,0,
TX_42_4262_9261,False,0,
TX_42_4264_1556,False,0,
TX_42_4265_3082,True,166711,PAYMENT_STATE_DIVERGENCE
TX_42_4266_2868,False,0,
TX_42_4267_2976,False,0,
TX_42_4270_5811,False,0,
TX_42_4271_4075,False,0,
TX_42_4272_9976,False,0,
TX_42_4274_4700,False,0,
TX_42_4275_6918,False,0,
TX_42_4276_8764,False,0,
TX_42_4277_2194,False,0,
TX_42_4279_9059,False,0,
TX_42_4280_9849,False,0,
TX_42_4281_4435,False,0,
TX_42_4282_5868,False,0,
TX_42_4283_8231,False,0,
TX_42_4284_8002,False,0,
TX_42_4285_8269,False,0,
TX_42_4286_1166,False,0,
TX_42_4288_5828,False,0,
TX_42_4289_8947,False,0,
TX_42_4290_1168,False,0,
TX_42_4291_8351,False,0,
TX_42_4292_3181,False,0,
TX_42_4294_7434,False,0,
TX_42_4295_9919,False,0,
TX_42_4296_7648,False,0,
TX_42_4298_8146,False,0,
TX_42_4300_2925,False,0,
TX_42_4302_4856,False,0,
TX_42_4304_2468,False,0,
TX_42_4306_3978,False,0,
TX_42_4307_4559,False,0,
TX_42_4308_6279,False,0,
TX_42_4309_7490,True,191931,PAYMENT_STATE_DIVERGENCE
TX_42_4310_1979,False,0,
TX_42_4311_2222,False,0,
TX_42_4312_4184,True,210999,CHARGEBACK
TX_42_4313_2258,False,0,
TX_42_4315_6620,False,0,
TX_42_4316_7981,True,289311,PAYMENT_STATE_DIVERGENCE
TX_42_4317_3317,False,0,
TX_42_4318_9249,False,0,
TX_42_4319_7140,False,0,
TX_42_4320_2953,False,0,
TX_42_4321_8200,False,0,
TX_42_4322_1621,False,0,
TX_42_4323_9556,False,0,
TX_42_4326_7463,False,0,
TX_42_4327_7868,False,0,
TX_42_4328_7150,False,0,
TX_42_4329_3716,False,0,
TX_42_4330_2822,False,0,
TX_42_4331_7472,True,483889,PAYMENT_STATE_DIVERGENCE
TX_42_4333_4034,False,0,
TX_42_4335_4873,False,0,
TX_42_4336_5099,False,0,
TX_42_4337_5750,False,0,
TX_42_4338_5445,False,0,
TX_42_4339_6540,False,0,
TX_42_4340_4939,False,0,
TX_42_4341_4340,False,0,
TX_42_4342_6886,False,0,
TX_42_4344_6386,False,0,
TX_42_4345_3868,False,0,
TX_42_4346_7802,False,0,
TX_42_4347_3601,False,0,
TX_42_4352_7392,False,0,
TX_42_4353_9247,False,0,
TX_42_4355_1907,False,0,
TX_42_4356_6515,False,0,
TX_42_4357_4608,False,0,
TX_42_4358_8825,False,0,
TX_42_4360_7426,False,0,
TX_42_4361_4132,False,0,
TX_42_4362_5028,False,0,
TX_42_4363_6152,False,0,
TX_42_4364_4292,False,0,
TX_42_4365_5457,False,0,
TX_42_4366_8707,False,0,
TX_42_4367_9308,False,0,
TX_42_4368_4944,False,0,
TX_42_4369_4317,False,0,
TX_42_4371_7707,False,0,
TX_42_4372_7919,False,0,
TX_42_4373_1352,False,0,
TX_42_4375_7178,False,0,
TX_42_4376_7587,False,0,
TX_42_4378_1369,False,0,
TX_42_4381_1848,False,0,
TX_42_4382_3800,False,0,
TX_42_4383_9294,False,0,
TX_42_4384_6538,False,0,
TX_42_4385_4715,False,0,
TX_42_4387_1536,False,0,
TX_42_4388_7723,False,0,
TX_42_4390_2047,False,0,
TX_42_4391_2920,False,0,
TX_42_4392_3536,False,0,
TX_42_4393_7501,False,0,
TX_42_4394_5238,False,0,
TX_42_4396_4358,False,0,
TX_42_4397_1916,False,0,
TX_42_4398_3709,False,0,
TX_42_4399_1719,False,0,
TX_42_4400_2086,False,0,
TX_42_4401_9981,False,0,
TX_42_4402_6309,True,226291,PAYMENT_STATE_DIVERGENCE
TX_42_4403_2899,False,0,
TX_42_4404_3233,False,0,
TX_42_4406_5429,False,0,
TX_42_4408_6611,False,0,
TX_42_4409_8906,False,0,
TX_42_4410_3351,False,0,
TX_42_4412_4512,False,0,
TX_42_4413_1103,False,0,
TX_42_4414_8447,False,0,
TX_42_4417_8272,False,0,
TX_42_4418_4052,False,0,
TX_42_4419_4937,False,0,
TX_42_4421_4212,False,0,
TX_42_4422_6503,False,0,
TX_42_4423_5732,False,0,
TX_42_4424_4351,False,0,
TX_42_4425_5935,False,0,
TX_42_4426_9872,False,0,
TX_42_4427_4342,False,0,
TX_42_4429_3705,False,0,
TX_42_4431_8660,False,0,
TX_42_4435_3722,False,0,
TX_42_4437_8180,False,0,
TX_42_4438_9848,False,0,
TX_42_4440_4306,False,0,
TX_42_4441_2543,False,0,
TX_42_4442_2895,False,0,
TX_42_4443_3962,False,0,
TX_42_4444_5358,False,0,
TX_42_4446_6528,False,0,
TX_42_4448_7829,False,0,
TX_42_4449_4581,False,0,
TX_42_4450_2542,False,0,
TX_42_4451_9702,False,0,
TX_42_4452_8556,False,0,
TX_42_4454_6281,False,0,
TX_42_4455_4629,False,0,
TX_42_4456_7873,False,0,
TX_42_4458_8144,False,0,
TX_42_4459_4210,False,0,
TX_42_4461_1162,False,0,
TX_42_4462_7425,False,0,
TX_42_4464_5587,False,0,
TX_42_4465_2239,False,0,
TX_42_4467_9543,False,0,
TX_42_4468_7403,False,0,
TX_42_4469_1827,False,0,
TX_42_4470_7465,False,0,
TX_42_4471_1206,False,0,
TX_42_4472_6232,False,0,
TX_42_4474_2577,False,0,
TX_42_4476_9184,False,0,
TX_42_4477_7547,False,0,
TX_42_4478_9385,False,0,
TX_42_4481_8538,False,0,
TX_42_4482_9288,False,0,
TX_42_4483_4732,False,0,
TX_42_4484_7661,False,0,
TX_42_4485_4025,False,0,
TX_42_4486_8901,False,0,
TX_42_4487_1916,False,0,
TX_42_4488_6086,False,0,
TX_42_4489_4273,False,0,
TX_42_4492_5485,False,0,
TX_42_4493_4708,False,0,
TX_42_4495_4289,False,0,
TX_42_4496_4360,False,0,
TX_42_4497_7331,False,0,
TX_42_4498_4839,False,0,
TX_42_4499_9971,False,0,
TX_42_4500_3920,False,0,
TX_42_4501_3080,False,0,
TX_42_4502_6782,False,0,
TX_42_4503_7665,False,0,
TX_42_4504_2838,False,0,
TX_42_4505_4297,False,0,
TX_42_4506_7538,False,0,
TX_42_4507_3747,False,0,
TX_42_4508_3488,False,0,
TX_42_4509_2754,False,0,
TX_42_4510_8568,False,0,
TX_42_4511_4755,False,0,
TX_42_4512_9372,False,0,
TX_42_4513_9287,False,0,
TX_42_4515_2249,False,0,
TX_42_4516_4180,False,0,
TX_42_4518_8798,False,0,
TX_42_4520_4582,False,0,
TX_42_4522_9354,False,0,
TX_42_4523_9137,False,0,
TX_42_4525_7723,False,0,
TX_42_4526_9548,False,0,
TX_42_4527_7999,False,0,
TX_42_4530_9528,False,0,
TX_42_4531_8073,False,0,
TX_42_4532_2099,False,0,
TX_42_4534_8869,False,0,
TX_42_4536_3135,False,0,
TX_42_4537_9813,False,0,
TX_42_4538_8348,False,0,
TX_42_4541_8858,False,0,
TX_42_4542_6656,False,0,
TX_42_4543_7155,False,0,
TX_42_4544_1439,False,0,
TX_42_4545_7990,False,0,
TX_42_4548_4247,True,32769,PAYMENT_STATE_DIVERGENCE
TX_42_4549_5957,False,0,
TX_42_4550_9869,False,0,
TX_42_4551_3731,False,0,
TX_42_4552_6546,False,0,
TX_42_4553_4077,False,0,
TX_42_4554_8590,False,0,
TX_42_4558_1554,False,0,
TX_42_4559_4480,False,0,
TX_42_4560_7513,False,0,
TX_42_4561_8959,False,0,
TX_42_4562_8666,False,0,
TX_42_4563_8129,False,0,
TX_42_4564_2243,False,0,
TX_42_4565_2989,False,0,
TX_42_4567_1680,False,0,
TX_42_4568_9909,False,0,
TX_42_4569_5804,False,0,
TX_42_4570_8426,False,0,
TX_42_4571_8180,False,0,
TX_42_4572_6912,True,238583,REFUND_ERROR
TX_42_4574_3243,False,0,
TX_42_4575_2106,False,0,
TX_42_4576_9622,False,0,
TX_42_4577_8334,False,0,
TX_42_4578_8276,False,0,
TX_42_4579_5151,False,0,
TX_42_4581_9357,False,0,
TX_42_4582_7900,False,0,
TX_42_4583_1040,False,0,
TX_42_4584_6577,False,0,
TX_42_4585_5459,False,0,
TX_42_4586_2645,False,0,
TX_42_4587_9321,False,0,
TX_42_4588_8554,False,0,
TX_42_4589_7192,False,0,
TX_42_4590_3227,False,0,
TX_42_4592_2580,False,0,
TX_42_4593_7568,False,0,
TX_42_4594_1249,False,0,
TX_42_4595_2752,False,0,
TX_42_4596_5388,False,0,
TX_42_4597_3721,False,0,
TX_42_4598_9344,False,0,
TX_42_4600_3699,False,0,
TX_42_4601_7107,False,0,
TX_42_4602_6829,False,0,
TX_42_4605_9512,False,0,
TX_42_4606_7803,False,0,
TX_42_4607_8400,False,0,
TX_42_4608_1256,False,0,
TX_42_4612_1578,False,0,
TX_42_4613_8294,False,0,
TX_42_4614_7096,False,0,
TX_42_4615_2829,False,0,
TX_42_4616_3390,False,0,
TX_42_4617_9757,False,0,
TX_42_4621_7550,False,0,
TX_42_4622_4455,False,0,
TX_42_4624_2340,False,0,
TX_42_4625_3018,False,0,
TX_42_4626_6680,False,0,
TX_42_4628_5220,False,0,
TX_42_4629_7758,False,0,
TX_42_4631_5781,False,0,
TX_42_4632_3462,False,0,
TX_42_4633_5395,False,0,
TX_42_4634_2883,False,0,
TX_42_4635_3816,False,0,
TX_42_4636_3336,False,0,
TX_42_4637_5207,False,0,
TX_42_4638_4899,True,249167,CHARGEBACK
TX_42_4639_5554,False,0,
TX_42_4640_5874,False,0,
TX_42_4641_4583,False,0,
TX_42_4642_4618,False,0,
TX_42_4643_8889,False,0,
TX_42_4645_2220,False,0,
TX_42_4647_7353,False,0,
TX_42_4648_4399,False,0,
TX_42_4650_7153,False,0,
TX_42_4651_5211,False,0,
TX_42_4652_5673,False,0,
TX_42_4653_2195,False,0,
TX_42_4654_5053,False,0,
TX_42_4655_7679,False,0,
TX_42_4657_6718,False,0,
TX_42_4658_7659,False,0,
TX_42_4659_8590,False,0,
TX_42_4660_5888,False,0,
TX_42_4661_1058,False,0,
TX_42_4662_7732,False,0,
TX_42_4663_9531,False,0,
TX_42_4664_1806,False,0,
TX_42_4665_6417,False,0,
TX_42_4666_4724,False,0,
TX_42_4667_8835,False,0,
TX_42_4668_2519,False,0,
TX_42_4669_6870,False,0,
TX_42_4670_6664,False,0,
TX_42_4671_7638,False,0,
TX_42_4672_6338,False,0,
TX_42_4673_5833,False,0,
TX_42_4674_6640,False,0,
TX_42_4675_7793,False,0,
TX_42_4676_3562,False,0,
TX_42_4677_2187,False,0,
TX_42_4678_3036,False,0,
TX_42_4680_2185,False,0,
TX_42_4681_1801,False,0,
TX_42_4682_8780,False,0,
TX_42_4683_4884,False,0,
TX_42_4684_9842,False,0,
TX_42_4685_4451,False,0,
TX_42_4686_5973,False,0,
TX_42_4688_9784,False,0,
TX_42_4689_1155,False,0,
TX_42_4690_9307,False,0,
TX_42_4691_2773,False,0,
TX_42_4692_3754,False,0,
TX_42_4694_4366,False,0,
TX_42_4695_9124,False,0,
TX_42_4696_1791,False,0,
TX_42_4697_1219,False,0,
TX_42_4699_8752,False,0,
TX_42_4701_5982,False,0,
TX_42_4702_7501,False,0,
TX_42_4703_1382,False,0,
TX_42_4704_3404,False,0,
TX_42_4705_7668,False,0,
TX_42_4706_8463,False,0,
TX_42_4707_1708,False,0,
TX_42_4708_6035,False,0,
TX_42_4709_9888,False,0,
TX_42_4711_3187,False,0,
TX_42_4712_8315,False,0,
TX_42_4713_7962,False,0,
TX_42_4714_4886,False,0,
TX_42_4715_6694,False,0,
TX_42_4716_1692,False,0,
TX_42_4718_5502,True,290508,DUPLICATE_CAPTURE
TX_42_4719_2487,False,0,
TX_42_4720_8856,False,0,
TX_42_4721_9752,False,0,
TX_42_4722_7586,False,0,
TX_42_4723_3377,False,0,
TX_42_4724_7962,False,0,
TX_42_4725_9985,False,0,
TX_42_4726_4140,False,0,
TX_42_4727_7891,False,0,
TX_42_4728_4861,False,0,
TX_42_4729_7790,False,0,
TX_42_4731_2446,False,0,
TX_42_4732_6305,False,0,
TX_42_4733_5702,False,0,
TX_42_4734_6430,False,0,
TX_42_4736_9128,False,0,
TX_42_4737_3314,False,0,
TX_42_4738_1410,False,0,
TX_42_4739_3896,False,0,
TX_42_4740_7877,False,0,
TX_42_4742_7708,False,0,
TX_42_4743_7841,False,0,
TX_42_4744_7563,False,0,
TX_42_4745_7719,False,0,
TX_42_4747_7858,False,0,
TX_42_4748_7972,False,0,
TX_42_4750_3625,False,0,
TX_42_4751_8170,False,0,
TX_42_4753_8445,False,0,
TX_42_4754_9197,False,0,
TX_42_4755_6223,False,0,
TX_42_4757_8817,False,0,
TX_42_4758_1653,False,0,
TX_42_4759_7365,False,0,
TX_42_4760_9269,False,0,
TX_42_4761_2994,False,0,
TX_42_4762_5768,False,0,
TX_42_4763_2274,False,0,
TX_42_4764_4974,False,0,
TX_42_4766_2390,False,0,
TX_42_4767_8812,False,0,
TX_42_4768_3328,False,0,
TX_42_4770_6715,False,0,
TX_42_4771_4482,False,0,
TX_42_4773_3221,False,0,
TX_42_4774_6425,False,0,
TX_42_4775_1334,False,0,
TX_42_4776_3799,False,0,
TX_42_4778_3418,False,0,
TX_42_4779_2438,False,0,
TX_42_4780_7046,False,0,
TX_42_4781_2466,False,0,
TX_42_4782_4187,False,0,
TX_42_4783_7194,True,364580,PAYMENT_STATE_DIVERGENCE
TX_42_4785_4284,False,0,
TX_42_4787_3541,False,0,
TX_42_4788_9229,False,0,
TX_42_4789_9050,False,0,
TX_42_4790_6039,False,0,
TX_42_4792_4101,False,0,
TX_42_4793_5518,False,0,
TX_42_4794_8978,False,0,
TX_42_4795_2967,False,0,
TX_42_4796_8143,False,0,
TX_42_4797_5777,False,0,
TX_42_4798_5561,False,0,
TX_42_4800_8166,False,0,
TX_42_4801_1516,False,0,
TX_42_4802_2693,False,0,
TX_42_4803_1541,True,340538,REFUND_ERROR
TX_42_4804_6898,False,0,
TX_42_4807_9441,False,0,
TX_42_4808_2915,False,0,
TX_42_4811_4395,False,0,
TX_42_4812_5715,False,0,
TX_42_4813_3548,False,0,
TX_42_4814_3840,True,340671,REFUND_ERROR
TX_42_4815_4135,False,0,
TX_42_4816_7558,False,0,
TX_42_4818_4706,False,0,
TX_42_4819_1011,False,0,
TX_42_4820_4932,False,0,
TX_42_4821_5689,False,0,
TX_42_4822_2506,False,0,
TX_42_4823_6585,False,0,
TX_42_4824_9815,False,0,
TX_42_4825_3819,False,0,
TX_42_4827_2018,False,0,
TX_42_4828_6916,False,0,
TX_42_4830_3089,False,0,
TX_42_4832_3732,False,0,
TX_42_4833_8570,False,0,
TX_42_4834_7121,False,0,
TX_42_4835_5331,False,0,
TX_42_4836_7840,False,0,
TX_42_4837_6053,False,0,
TX_42_4838_3247,False,0,
TX_42_4839_5753,False,0,
TX_42_4840_2325,False,0,
TX_42_4843_6665,False,0,
TX_42_4844_8702,False,0,
TX_42_4846_2097,False,0,
TX_42_4848_3589,False,0,
TX_42_4849_3156,False,0,
TX_42_4850_2393,False,0,
TX_42_4852_4452,False,0,
TX_42_4853_1532,False,0,
TX_42_4854_5442,False,0,
TX_42_4855_7898,False,0,
TX_42_4856_8835,False,0,
TX_42_4857_9443,False,0,
TX_42_4858_5809,False,0,
TX_42_4860_2018,False,0,
TX_42_4861_3803,False,0,
TX_42_4862_4693,False,0,
TX_42_4863_3548,False,0,
TX_42_4864_3761,True,270438,PAYMENT_STATE_DIVERGENCE
TX_42_4866_5191,True,303525,CHARGEBACK
TX_42_4867_4104,False,0,
TX_42_4868_8602,False,0,
TX_42_4869_2796,False,0,
TX_42_4870_1310,False,0,
TX_42_4871_9508,False,0,
TX_42_4872_5474,False,0,
TX_42_4875_7655,False,0,
TX_42_4876_8926,False,0,
TX_42_4877_4119,False,0,
TX_42_4881_9787,False,0,
TX_42_4882_6660,False,0,
TX_42_4883_6766,False,0,
TX_42_4884_3962,False,0,
TX_42_4886_8950,False,0,
TX_42_4887_8043,False,0,
TX_42_4889_2977,False,0,
TX_42_4890_4893,False,0,
TX_42_4892_2848,False,0,
TX_42_4894_1935,False,0,
TX_42_4896_6977,False,0,
TX_42_4897_6781,False,0,
TX_42_4898_3877,False,0,
TX_42_4899_3568,False,0,
TX_42_4900_7349,False,0,
TX_42_4902_9223,False,0,
TX_42_4903_1152,False,0,
TX_42_4904_5547,False,0,
TX_42_4905_5100,False,0,
TX_42_4906_2443,False,0,
TX_42_4909_3597,False,0,
TX_42_4910_8504,False,0,
TX_42_4911_3559,False,0,
TX_42_4912_9729,False,0,
TX_42_4913_6211,False,0,
TX_42_4914_1761,False,0,
TX_42_4915_5518,False,0,
TX_42_4917_3543,False,0,
TX_42_4918_5841,False,0,
TX_42_4919_7787,False,0,
TX_42_4920_8161,False,0,
TX_42_4921_6659,False,0,
TX_42_4922_5413,False,0,
TX_42_4923_8098,False,0,
TX_42_4924_2258,False,0,
TX_42_4925_4309,False,0,
TX_42_4926_4568,False,0,
TX_42_4929_5751,False,0,
TX_42_4930_8932,False,0,
TX_42_4935_7311,False,0,
TX_42_4937_9876,False,0,
TX_42_4938_8580,False,0,
TX_42_4939_5074,True,412153,REFUND_ERROR
TX_42_4940_6085,False,0,
TX_42_4941_2638,False,0,
TX_42_4942_5709,False,0,
TX_42_4943_2756,False,0,
TX_42_4944_2635,False,0,
TX_42_4945_7276,False,0,
TX_42_4946_6358,False,0,
TX_42_4947_5591,False,0,
TX_42_4949_7589,False,0,
TX_42_4950_1088,False,0,
TX_42_4951_4692,False,0,
TX_42_4952_4421,False,0,
TX_42_4953_8616,False,0,
TX_42_4955_3988,False,0,
TX_42_4956_1703,False,0,
TX_42_4957_5413,False,0,
TX_42_4958_1275,False,0,
TX_42_4959_2439,False,0,
TX_42_4960_5311,False,0,
TX_42_4961_2475,False,0,
TX_42_4962_8306,False,0,
TX_42_4963_2683,False,0,
TX_42_4964_9264,False,0,
TX_42_4965_1331,False,0,
TX_42_4966_3182,False,0,
TX_42_4967_5799,False,0,
TX_42_4968_1281,False,0,
TX_42_4969_8766,False,0,
TX_42_4970_7876,False,0,
TX_42_4971_1056,False,0,
TX_42_4972_6225,False,0,
TX_42_4974_5863,False,0,
TX_42_4975_6433,False,0,
TX_42_4977_7897,False,0,
TX_42_4978_4417,False,0,
TX_42_4979_3884,False,0,
TX_42_4981_3992,False,0,
TX_42_4982_9805,False,0,
TX_42_4983_4050,False,0,
TX_42_4984_3435,False,0,
TX_42_4985_6469,False,0,
TX_42_4987_5271,False,0,
TX_42_4988_5686,False,0,
TX_42_4989_6330,False,0,
TX_42_4990_6747,False,0,
TX_42_4991_4497,False,0,
TX_42_4992_2812,False,0,
TX_42_4993_3952,False,0,
TX_42_4994_3689,False,0,
TX_42_4995_8971,False,0,
TX_42_4996_2833,False,0,
TX_42_4997_6664,False,0,
TX_42_4999_2261,False,0,
TX_42_5000_4240,False,0,
TX_42_5001_8829,False,0,
TX_42_5002_9942,False,0,
TX_42_5003_1930,True,457825,CHARGEBACK
TX_42_5004_8681,False,0,
TX_42_5008_4757,False,0,
TX_42_5009_1727,False,0,
TX_42_5010_8986,False,0,
TX_42_5011_2236,False,0,
TX_42_5012_2615,False,0,
TX_42_5014_8923,False,0,
TX_42_5015_2319,False,0,
TX_42_5016_7371,False,0,
TX_42_5017_9971,False,0,
TX_42_5018_3955,False,0,
TX_42_5019_3397,True,407635,PAYMENT_STATE_DIVERGENCE
TX_42_5020_4808,False,0,
TX_42_5021_4950,False,0,
TX_42_5022_9457,False,0,
TX_42_5023_7397,False,0,
TX_42_5024_9079,False,0,
TX_42_5025_7833,False,0,
TX_42_5026_2562,False,0,
TX_42_5027_9183,False,0,
TX_42_5028_8323,False,0,
TX_42_5029_2240,False,0,
TX_42_5030_9006,False,0,
TX_42_5032_1734,False,0,
TX_42_5033_4674,False,0,
TX_42_5035_8737,False,0,
TX_42_5036_2427,False,0,
TX_42_5038_7076,False,0,
TX_42_5039_6784,False,0,
TX_42_5041_6540,False,0,
TX_42_5042_9080,False,0,
TX_42_5043_3667,False,0,
TX_42_5045_4621,False,0,
TX_42_5046_6402,False,0,
TX_42_5047_4560,False,0,
TX_42_5048_7301,False,0,
TX_42_5050_5618,False,0,
TX_42_5052_2989,False,0,
TX_42_5053_1172,False,0,
TX_42_5054_7473,False,0,
TX_42_5055_5001,False,0,
TX_42_5057_2496,False,0,
TX_42_5058_3047,False,0,
TX_42_5059_4458,False,0,
TX_42_5061_6284,False,0,
TX_42_5062_7931,False,0,
TX_42_5064_2013,False,0,
TX_42_5066_4959,False,0,
TX_42_5067_5828,False,0,
TX_42_5068_3081,False,0,
TX_42_5069_1748,False,0,
TX_42_5071_1285,False,0,
TX_42_5072_3113,False,0,
TX_42_5073_1671,False,0,
TX_42_5074_5277,False,0,
TX_42_5075_4449,False,0,
TX_42_5076_6846,False,0,
TX_42_5077_2597,False,0,
TX_42_5078_6786,False,0,
TX_42_5079_7286,False,0,
TX_42_5080_9618,False,0,
TX_42_5081_5266,False,0,
TX_42_5082_5748,False,0,
TX_42_5084_7043,False,0,
TX_42_5086_8961,False,0,
TX_42_5087_5995,False,0,
TX_42_5088_8097,False,0,
TX_42_5089_3176,False,0,
TX_42_5090_2791,False,0,
TX_42_5093_8041,False,0,
TX_42_5094_5482,False,0,
TX_42_5095_1631,False,0,
TX_42_5096_2815,False,0,
TX_42_5097_4247,False,0,
TX_42_5098_3245,False,0,
TX_42_5100_8140,False,0,
TX_42_5101_2035,False,0,
TX_42_5102_4150,False,0,
TX_42_5103_8162,False,0,
TX_42_5104_4700,False,0,
TX_42_5105_6762,False,0,
TX_42_5106_6353,False,0,
TX_42_5108_5285,False,0,
TX_42_5109_2501,False,0,
TX_42_5110_8868,False,0,
TX_42_5111_5410,False,0,
TX_42_5113_4659,False,0,
TX_42_5114_3640,False,0,
TX_42_5115_2632,False,0,
TX_42_5116_4360,False,0,
TX_42_5117_3636,False,0,
TX_42_5119_8178,True,307053,CHARGEBACK
TX_42_5120_7628,False,0,
TX_42_5121_3428,False,0,
TX_42_5122_2073,False,0,
TX_42_5123_4146,False,0,
TX_42_5124_3520,False,0,
TX_42_5125_1476,False,0,
TX_42_5126_3288,False,0,
TX_42_5127_7121,False,0,
TX_42_5129_1001,False,0,
TX_42_5130_1914,False,0,
TX_42_5131_4238,False,0,
TX_42_5132_1635,False,0,
TX_42_5135_8553,False,0,
TX_42_5136_8261,False,0,
TX_42_5137_2237,False,0,
TX_42_5138_1962,False,0,
TX_42_5139_3508,False,0,
TX_42_5140_5430,False,0,
TX_42_5141_3392,False,0,
TX_42_5142_3825,False,0,
TX_42_5144_4041,False,0,
TX_42_5145_9214,False,0,
TX_42_5146_1523,False,0,
TX_42_5147_5035,False,0,
TX_42_5148_7122,False,0,
TX_42_5151_5466,False,0,
TX_42_5152_5255,False,0,
TX_42_5153_8913,False,0,
TX_42_5154_7929,False,0,
TX_42_5155_4019,False,0,
TX_42_5156_8099,False,0,
TX_42_5157_1415,False,0,
TX_42_5158_4359,False,0,
TX_42_5159_8695,False,0,
TX_42_5163_7684,False,0,
TX_42_5164_4110,False,0,
TX_42_5165_2101,False,0,
TX_42_5167_9120,False,0,
TX_42_5170_3124,False,0,
TX_42_5171_5876,False,0,
TX_42_5172_5651,False,0,
TX_42_5174_9134,False,0,
TX_42_5175_9564,False,0,
TX_42_5177_7413,False,0,
TX_42_5178_7456,False,0,
TX_42_5179_4102,False,0,
TX_42_5181_8369,False,0,
TX_42_5183_9886,False,0,
TX_42_5184_7279,True,513096,CHARGEBACK
TX_42_5186_8257,False,0,
TX_42_5189_9385,False,0,
TX_42_5190_6663,False,0,
TX_42_5191_7552,False,0,
TX_42_5192_9474,False,0,
TX_42_5193_4879,False,0,
TX_42_5194_6687,False,0,
TX_42_5195_8674,False,0,
TX_42_5196_5971,False,0,
TX_42_5198_3369,False,0,
TX_42_5199_4210,False,0,
TX_42_5200_7366,False,0,
TX_42_5202_4515,False,0,
TX_42_5203_6266,False,0,
TX_42_5204_3319,False,0,
TX_42_5205_4873,False,0,
TX_42_5206_2721,False,0,
TX_42_5207_5710,False,0,
TX_42_5208_8874,False,0,
TX_42_5209_3917,False,0,
TX_42_5210_8057,False,0,
TX_42_5211_9720,False,0,
TX_42_5213_3590,False,0,
TX_42_5214_8974,False,0,
TX_42_5215_8696,False,0,
TX_42_5216_5317,False,0,
TX_42_5218_6650,False,0,
TX_42_5219_8975,False,0,
TX_42_5220_4005,False,0,
TX_42_5221_8225,False,0,
TX_42_5222_9513,False,0,
TX_42_5224_4987,False,0,
TX_42_5228_2637,False,0,
TX_42_5229_4590,False,0,
TX_42_5231_6300,False,0,
TX_42_5232_8009,False,0,
TX_42_5233_3834,False,0,
TX_42_5234_1834,False,0,
TX_42_5235_5730,False,0,
TX_42_5237_9724,False,0,
TX_42_5241_1250,False,0,
TX_42_5242_1360,False,0,
TX_42_5243_6257,False,0,
TX_42_5244_5087,False,0,
TX_42_5245_7734,False,0,
TX_42_5246_2848,False,0,
TX_42_5247_3074,False,0,
TX_42_5248_6784,False,0,
TX_42_5253_4110,False,0,
TX_42_5254_3759,False,0,
TX_42_5255_9101,False,0,
TX_42_5259_5440,False,0,
TX_42_5260_6061,False,0,
TX_42_5261_2667,False,0,
TX_42_5262_1523,False,0,
TX_42_5263_8371,False,0,
TX_42_5264_2170,False,0,
TX_42_5265_9559,False,0,
TX_42_5268_3454,False,0,
TX_42_5269_1855,False,0,
TX_42_5270_8409,False,0,
TX_42_5271_9691,False,0,
TX_42_5273_4873,False,0,
TX_42_5274_8855,False,0,
TX_42_5275_8114,False,0,
TX_42_5276_4023,False,0,
TX_42_5277_1546,False,0,
TX_42_5278_3969,False,0,
TX_42_5280_2627,False,0,
TX_42_5281_1013,False,0,
TX_42_5282_3520,False,0,
TX_42_5283_2186,True,202695,PAYMENT_STATE_DIVERGENCE
TX_42_5284_6140,False,0,
TX_42_5285_8879,False,0,
TX_42_5286_4237,False,0,
TX_42_5287_6201,False,0,
TX_42_5288_4904,False,0,
TX_42_5289_3035,False,0,
TX_42_5291_4973,False,0,
TX_42_5292_9534,False,0,
TX_42_5293_3221,False,0,
TX_42_5294_3359,False,0,
TX_42_5295_3756,False,0,
TX_42_5296_1679,False,0,
TX_42_5297_8529,False,0,
TX_42_5298_7760,False,0,
TX_42_5300_5919,False,0,
TX_42_5301_5500,False,0,
TX_42_5302_2286,False,0,
TX_42_5305_5362,False,0,
TX_42_5306_2323,False,0,
TX_42_5307_6682,False,0,
TX_42_5308_9947,False,0,
TX_42_5309_7688,False,0,
TX_42_5310_9478,False,0,
TX_42_5313_9865,False,0,
TX_42_5314_4863,False,0,
TX_42_5315_6406,False,0,
TX_42_5316_1175,False,0,
TX_42_5317_5738,False,0,
TX_42_5318_2255,False,0,
TX_42_5319_8132,False,0,
TX_42_5320_4386,False,0,
TX_42_5321_4146,False,0,
TX_42_5322_5885,False,0,
TX_42_5323_6632,False,0,
TX_42_5324_9379,False,0,
TX_42_5325_8678,True,255612,CHARGEBACK
TX_42_5326_6986,False,0,
TX_42_5327_4015,False,0,
TX_42_5328_1423,False,0,
TX_42_5329_7527,False,0,
TX_42_5330_5426,False,0,
TX_42_5331_6395,False,0,
TX_42_5332_9371,False,0,
TX_42_5333_3722,False,0,
TX_42_5334_8904,False,0,
TX_42_5335_8844,False,0,
TX_42_5336_6349,False,0,
TX_42_5337_3558,False,0,
TX_42_5338_2088,False,0,
TX_42_5339_8939,False,0,
TX_42_5340_1175,False,0,
TX_42_5343_3433,False,0,
TX_42_5344_5464,False,0,
TX_42_5345_7505,False,0,
TX_42_5346_5932,False,0,
TX_42_5347_7619,False,0,
TX_42_5348_3729,False,0,
TX_42_5349_2127,False,0,
TX_42_5351_6958,False,0,
TX_42_5352_1502,False,0,
TX_42_5353_3141,False,0,
TX_42_5355_5313,False,0,
TX_42_5356_7619,False,0,
TX_42_5357_7799,False,0,
TX_42_5358_5932,False,0,
TX_42_5360_9115,False,0,
TX_42_5361_9411,False,0,
TX_42_5362_3216,False,0,
TX_42_5363_3691,False,0,
TX_42_5364_3056,False,0,
TX_42_5365_8938,False,0,
TX_42_5366_6550,False,0,
TX_42_5367_3231,False,0,
TX_42_5368_5725,False,0,
TX_42_5370_6753,False,0,
TX_42_5372_9129,False,0,
TX_42_5374_3538,False,0,
TX_42_5375_6679,False,0,
TX_42_5376_8019,False,0,
TX_42_5377_5636,False,0,
TX_42_5378_7397,False,0,
TX_42_5379_5949,False,0,
TX_42_5380_9578,False,0,
TX_42_5381_2545,False,0,
TX_42_5382_7215,False,0,
TX_42_5383_1962,False,0,
TX_42_5384_1116,False,0,
TX_42_5385_6956,False,0,
TX_42_5386_3300,False,0,
TX_42_5387_8586,False,0,
TX_42_5388_6878,False,0,
TX_42_5390_1546,False,0,
TX_42_5391_3922,False,0,
TX_42_5393_5861,False,0,
TX_42_5394_3031,False,0,
TX_42_5395_9874,False,0,
TX_42_5397_1033,False,0,
TX_42_5399_1037,False,0,
TX_42_5401_3244,False,0,
TX_42_5402_9163,False,0,
TX_42_5403_6941,False,0,
TX_42_5404_4627,False,0,
TX_42_5405_9738,False,0,
TX_42_5406_2262,False,0,
TX_42_5407_1098,False,0,
TX_42_5408_1359,False,0,
TX_42_5409_1496,False,0,
TX_42_5410_4751,False,0,
TX_42_5411_7929,False,0,
TX_42_5412_1848,False,0,
TX_42_5413_1068,False,0,
TX_42_5414_6488,False,0,
TX_42_5415_2722,False,0,
TX_42_5416_1181,False,0,
TX_42_5419_5552,False,0,
TX_42_5420_4989,False,0,
TX_42_5421_3035,False,0,
TX_42_5422_4589,False,0,
TX_42_5423_7012,False,0,
TX_42_5424_5615,False,0,
TX_42_5425_4556,False,0,
TX_42_5426_4246,False,0,
TX_42_5430_8814,False,0,
TX_42_5431_1706,False,0,
TX_42_5432_3955,False,0,
TX_42_5434_1413,False,0,
TX_42_5435_8067,False,0,
TX_42_5436_7354,False,0,
TX_42_5437_9079,False,0,
TX_42_5439_7814,False,0,
TX_42_5440_3767,False,0,
TX_42_5442_6828,False,0,
TX_42_5443_7644,False,0,
TX_42_5444_7420,False,0,
TX_42_5445_9217,False,0,
TX_42_5446_5768,False,0,
TX_42_5447_6926,False,0,
TX_42_5448_8239,False,0,
TX_42_5449_6057,False,0,
TX_42_5450_1607,False,0,
TX_42_5451_1227,False,0,
TX_42_5452_2483,False,0,
TX_42_5453_5984,False,0,
TX_42_5454_8918,True,391069,PAYMENT_STATE_DIVERGENCE
TX_42_5455_2017,False,0,
TX_42_5456_8213,False,0,
TX_42_5457_5050,False,0,
TX_42_5459_7079,False,0,
TX_42_5460_2404,False,0,
TX_42_5461_2266,False,0,
TX_42_5462_9859,False,0,
TX_42_5463_1798,False,0,
TX_42_5465_9350,False,0,
TX_42_5466_4965,False,0,
TX_42_5467_7291,False,0,
TX_42_5468_9464,False,0,
TX_42_5469_5718,False,0,
TX_42_5470_7332,False,0,
TX_42_5471_3120,False,0,
TX_42_5478_1946,False,0,
TX_42_5481_1860,False,0,
TX_42_5482_5996,False,0,
TX_42_5483_7861,False,0,
TX_42_5484_3989,False,0,
TX_42_5485_6804,False,0,
TX_42_5486_2723,False,0,
TX_42_5487_4880,False,0,
TX_42_5488_2263,False,0,
TX_42_5489_3121,False,0,
TX_42_5490_7903,False,0,
TX_42_5491_7139,False,0,
TX_42_5493_9246,False,0,
TX_42_5494_8267,False,0,
TX_42_5495_3610,False,0,
TX_42_5496_7141,False,0,
TX_42_5497_8981,False,0,
TX_42_5500_4642,False,0,
TX_42_5501_9590,False,0,
TX_42_5503_9945,False,0,
TX_42_5504_7984,False,0,
TX_42_5505_8573,False,0,
TX_42_5506_3241,False,0,
TX_42_5507_6466,False,0,
TX_42_5509_9703,False,0,
TX_42_5510_8416,False,0,
TX_42_5511_7061,False,0,
TX_42_5513_4275,False,0,
TX_42_5514_8726,False,0,
TX_42_5515_7839,False,0,
TX_42_5517_1249,False,0,
TX_42_5519_5347,False,0,
TX_42_5520_6268,False,0,
TX_42_5521_8677,False,0,
TX_42_5522_7892,False,0,
TX_42_5523_3416,False,0,
TX_42_5526_6577,False,0,
TX_42_5528_4007,False,0,
TX_42_5529_1485,False,0,
TX_42_5531_9948,False,0,
TX_42_5532_7688,False,0,
TX_42_5533_1456,False,0,
TX_42_5534_6777,False,0,
TX_42_5535_4667,False,0,
TX_42_5536_5312,False,0,
TX_42_5537_9825,False,0,
TX_42_5538_2243,False,0,
TX_42_5539_7494,False,0,
TX_42_5540_7133,False,0,
TX_42_5541_9597,False,0,
TX_42_5542_7492,False,0,
TX_42_5545_5597,False,0,
TX_42_5546_1402,False,0,
TX_42_5547_7350,False,0,
TX_42_5548_9385,False,0,
TX_42_5549_2907,False,0,
TX_42_5550_2852,False,0,
TX_42_5551_9192,False,0,
TX_42_5552_7123,False,0,
TX_42_5554_8588,False,0,
TX_42_5555_5203,False,0,
TX_42_5556_6547,False,0,
TX_42_5558_5089,False,0,
TX_42_5561_2983,False,0,
TX_42_5562_1325,False,0,
TX_42_5563_8654,False,0,
TX_42_5564_7136,False,0,
TX_42_5565_5802,False,0,
TX_42_5566_5072,False,0,
TX_42_5567_4760,False,0,
TX_42_5569_4076,False,0,
TX_42_5570_2178,False,0,
TX_42_5571_2906,False,0,
TX_42_5572_1385,False,0,
TX_42_5573_6087,False,0,
TX_42_5575_3731,False,0,
TX_42_5576_4721,False,0,
TX_42_5577_8020,False,0,
TX_42_5578_1788,False,0,
TX_42_5579_1492,False,0,
TX_42_5581_5974,True,300291,PAYMENT_STATE_DIVERGENCE
TX_42_5582_3468,False,0,
TX_42_5583_3139,False,0,
TX_42_5584_6831,False,0,
TX_42_5585_3997,False,0,
TX_42_5588_3519,False,0,
TX_42_5589_6624,False,0,
TX_42_5590_7416,False,0,
TX_42_5592_4646,False,0,
TX_42_5594_8646,False,0,
TX_42_5596_9199,False,0,
TX_42_5597_2078,False,0,
TX_42_5598_2653,False,0,
TX_42_5600_3161,False,0,
TX_42_5601_1458,False,0,
TX_42_5603_7973,False,0,
TX_42_5604_2355,False,0,
TX_42_5605_9934,True,280889,PAYMENT_STATE_DIVERGENCE
TX_42_5607_9744,False,0,
TX_42_5608_9218,False,0,
TX_42_5609_8800,False,0,
TX_42_5610_5261,False,0,
TX_42_5611_6993,False,0,
TX_42_5612_9362,False,0,
TX_42_5613_6351,False,0,
TX_42_5614_7518,False,0,
TX_42_5615_5957,False,0,
TX_42_5616_2964,False,0,
TX_42_5617_3815,False,0,
TX_42_5619_4983,False,0,
TX_42_5620_2603,False,0,
TX_42_5621_8217,False,0,
TX_42_5622_5562,False,0,
TX_42_5623_3439,False,0,
TX_42_5624_1697,False,0,
TX_42_5625_2234,True,221164,PAYMENT_STATE_DIVERGENCE
TX_42_5626_4484,False,0,
TX_42_5627_9534,False,0,
TX_42_5628_9228,False,0,
TX_42_5629_5327,False,0,
TX_42_5631_7048,False,0,
TX_42_5632_7205,False,0,
TX_42_5633_4092,False,0,
TX_42_5634_3035,False,0,
TX_42_5635_8451,False,0,
TX_42_5636_7594,False,0,
TX_42_5637_8479,False,0,
TX_42_5639_4790,False,0,
TX_42_5640_7130,False,0,
TX_42_5642_4370,False,0,
TX_42_5644_9833,False,0,
TX_42_5645_9038,False,0,
TX_42_5647_6830,False,0,
TX_42_5648_5730,False,0,
TX_42_5649_3817,False,0,
TX_42_5651_6549,False,0,
TX_42_5652_9109,False,0,
TX_42_5653_6054,False,0,
TX_42_5654_7490,False,0,
TX_42_5656_4883,False,0,
TX_42_5658_5363,False,0,
TX_42_5659_1437,False,0,
TX_42_5660_4917,False,0,
TX_42_5661_3634,False,0,
TX_42_5662_6725,False,0,
TX_42_5665_3097,False,0,
TX_42_5666_5440,False,0,
TX_42_5667_3040,False,0,
TX_42_5668_2223,False,0,
TX_42_5669_3850,False,0,
TX_42_5670_6524,False,0,
TX_42_5671_2731,False,0,
TX_42_5672_9791,False,0,
TX_42_5673_7127,False,0,
TX_42_5674_2880,False,0,
TX_42_5675_5489,False,0,
TX_42_5677_5460,False,0,
TX_42_5678_5806,False,0,
TX_42_5680_7425,False,0,
TX_42_5681_3048,False,0,
TX_42_5682_9081,False,0,
TX_42_5683_6888,False,0,
TX_42_5684_1556,False,0,
TX_42_5685_3784,False,0,
TX_42_5686_6654,False,0,
TX_42_5687_9355,False,0,
TX_42_5689_7907,False,0,
TX_42_5690_6396,False,0,
TX_42_5691_5296,False,0,
TX_42_5692_3592,False,0,
TX_42_5693_5191,False,0,
TX_42_5696_6996,False,0,
TX_42_5698_5457,False,0,
TX_42_5699_3650,False,0,
TX_42_5700_6270,True,124466,PAYMENT_STATE_DIVERGENCE
TX_42_5702_1762,False,0,
TX_42_5703_9910,False,0,
TX_42_5704_3204,False,0,
TX_42_5705_2882,False,0,
TX_42_5706_3838,False,0,
TX_42_5707_9343,False,0,
TX_42_5708_5873,False,0,
TX_42_5710_6185,False,0,
TX_42_5711_6041,False,0,
TX_42_5713_8561,False,0,
TX_42_5714_6748,False,0,
TX_42_5716_9421,False,0,
TX_42_5717_4295,False,0,
TX_42_5718_8702,False,0,
TX_42_5721_7153,False,0,
TX_42_5722_3537,False,0,
TX_42_5723_5929,False,0,
TX_42_5724_3360,False,0,
TX_42_5725_2155,False,0,
TX_42_5726_2606,False,0,
TX_42_5729_9827,False,0,
TX_42_5730_6599,False,0,
TX_42_5733_7814,False,0,
TX_42_5734_1385,True,427058,CHARGEBACK
TX_42_5735_3111,False,0,
TX_42_5736_8773,False,0,
TX_42_5737_4121,False,0,
TX_42_5738_7962,False,0,
TX_42_5740_4414,False,0,
TX_42_5741_3569,False,0,
TX_42_5742_8003,False,0,
TX_42_5743_1023,False,0,
TX_42_5745_3206,False,0,
TX_42_5746_4062,False,0,
TX_42_5747_2115,False,0,
TX_42_5748_8669,False,0,
TX_42_5749_3916,False,0,
TX_42_5750_1646,False,0,
TX_42_5755_9025,False,0,
TX_42_5756_3035,False,0,
TX_42_5757_4680,False,0,
TX_42_5758_1023,False,0,
TX_42_5762_4790,False,0,
TX_42_5763_6124,False,0,
TX_42_5764_2246,False,0,
TX_42_5765_9183,False,0,
TX_42_5766_2245,False,0,
TX_42_5767_2089,False,0,
TX_42_5768_8642,False,0,
TX_42_5769_4855,False,0,
TX_42_5770_3545,False,0,
TX_42_5773_8049,False,0,
TX_42_5774_5953,False,0,
TX_42_5775_8359,False,0,
TX_42_5776_7518,False,0,
TX_42_5777_2887,False,0,
TX_42_5778_9580,False,0,
TX_42_5779_5894,False,0,
TX_42_5780_9107,False,0,
TX_42_5781_6299,False,0,
TX_42_5782_8809,False,0,
TX_42_5783_9199,False,0,
TX_42_5785_5142,False,0,
TX_42_5786_2810,False,0,
TX_42_5787_9117,False,0,
TX_42_5788_7371,False,0,
TX_42_5789_7371,False,0,
TX_42_5790_7083,False,0,
TX_42_5791_8184,False,0,
TX_42_5792_5891,False,0,
TX_42_5793_6623,False,0,
TX_42_5794_1710,False,0,
TX_42_5796_6758,False,0,
TX_42_5797_1053,False,0,
TX_42_5798_2824,False,0,
TX_42_5799_1783,False,0,
TX_42_5800_2601,False,0,
TX_42_5802_7358,False,0,
TX_42_5804_6942,False,0,
TX_42_5805_4034,False,0,
TX_42_5806_3755,False,0,
TX_42_5808_9385,False,0,
TX_42_5809_8025,False,0,
TX_42_5810_5959,False,0,
TX_42_5811_6252,False,0,
TX_42_5812_7194,False,0,
TX_42_5813_3294,False,0,
TX_42_5814_2248,False,0,
TX_42_5815_2473,False,0,
TX_42_5817_2599,False,0,
TX_42_5819_4316,False,0,
TX_42_5820_2984,False,0,
TX_42_5821_6364,False,0,
TX_42_5822_5202,False,0,
TX_42_5825_7886,False,0,
TX_42_5826_4399,False,0,
TX_42_5827_2894,False,0,
TX_42_5828_9471,False,0,
TX_42_5829_3070,False,0,
TX_42_5830_7113,False,0,
TX_42_5831_3522,False,0,
TX_42_5832_8298,False,0,
TX_42_5833_7739,False,0,
TX_42_5834_8733,False,0,
TX_42_5835_9513,False,0,
TX_42_5836_5520,False,0,
TX_42_5837_8184,False,0,
TX_42_5838_2539,False,0,
TX_42_5839_5955,False,0,
TX_42_5840_8025,False,0,
TX_42_5841_1910,False,0,
TX_42_5842_2507,False,0,
TX_42_5843_1609,False,0,
TX_42_5844_1718,False,0,
TX_42_5845_6731,False,0,
TX_42_5847_1366,False,0,
TX_42_5848_8229,False,0,
TX_42_5850_2975,False,0,
TX_42_5851_9947,False,0,
TX_42_5853_8449,False,0,
TX_42_5854_6413,False,0,
TX_42_5856_3810,False,0,
TX_42_5857_3167,False,0,
TX_42_5858_5221,False,0,
TX_42_5859_7981,False,0,
TX_42_5861_1076,True,238192,PAYMENT_STATE_DIVERGENCE
TX_42_5862_7243,False,0,
TX_42_5863_6267,False,0,
TX_42_5864_7977,False,0,
TX_42_5865_4989,False,0,
TX_42_5866_7236,False,0,
TX_42_5868_9975,True,197254,PAYMENT_STATE_DIVERGENCE
TX_42_5870_7055,False,0,
TX_42_5871_4426,False,0,
TX_42_5873_6638,False,0,
TX_42_5874_6732,False,0,
TX_42_5875_4360,False,0,
TX_42_5876_3300,False,0,
TX_42_5877_2390,False,0,
TX_42_5879_2801,False,0,
TX_42_5880_2052,False,0,
TX_42_5881_8506,False,0,
TX_42_5882_6938,False,0,
TX_42_5883_4034,False,0,
TX_42_5884_8813,False,0,
TX_42_5888_4779,False,0,
TX_42_5889_2218,False,0,
TX_42_5890_8925,False,0,
TX_42_5892_1210,False,0,
TX_42_5893_2378,False,0,
TX_42_5896_9353,False,0,
TX_42_5898_9640,False,0,
TX_42_5899_1884,False,0,
TX_42_5900_9618,False,0,
TX_42_5901_8232,False,0,
TX_42_5902_7109,False,0,
TX_42_5903_4928,False,0,
TX_42_5905_9505,False,0,
TX_42_5906_4050,False,0,
TX_42_5909_2705,False,0,
TX_42_5910_6966,False,0,
TX_42_5911_6400,False,0,
TX_42_5912_3364,False,0,
TX_42_5913_1292,False,0,
TX_42_5914_4178,False,0,
TX_42_5915_2840,False,0,
TX_42_5916_9997,False,0,
TX_42_5917_7091,False,0,
TX_42_5918_5611,False,0,
TX_42_5919_5148,False,0,
TX_42_5920_9963,False,0,
TX_42_5921_1732,False,0,
TX_42_5922_9321,True,285225,CHARGEBACK
TX_42_5923_7697,False,0,
TX_42_5924_4653,False,0,
TX_42_5925_2218,False,0,
TX_42_5926_7591,False,0,
TX_42_5927_8928,False,0,
TX_42_5928_1961,False,0,
TX_42_5929_3284,False,0,
TX_42_5930_6126,False,0,
TX_42_5931_9914,False,0,
TX_42_5932_4795,False,0,
TX_42_5934_4085,False,0,
TX_42_5935_9630,False,0,
TX_42_5936_8594,False,0,
TX_42_5938_3567,False,0,
TX_42_5939_7933,False,0,
TX_42_5940_9057,False,0,
TX_42_5941_8965,False,0,
TX_42_5942_9918,False,0,
TX_42_5943_8042,False,0,
TX_42_5944_2178,False,0,
TX_42_5945_3613,False,0,
TX_42_5946_7220,False,0,
TX_42_5948_2086,False,0,
TX_42_5949_4717,False,0,
TX_42_5950_9459,False,0,
TX_42_5951_6182,False,0,
TX_42_5953_5793,False,0,
TX_42_5955_5619,False,0,
TX_42_5957_4363,False,0,
TX_42_5959_4924,False,0,
TX_42_5960_9583,True,562054,CHARGEBACK
TX_42_5961_1724,False,0,
TX_42_5962_2959,False,0,
TX_42_5963_4164,False,0,
TX_42_5964_6917,False,0,
TX_42_5965_6545,False,0,
TX_42_5966_7008,False,0,
TX_42_5967_4827,False,0,
TX_42_5968_1805,False,0,
TX_42_5969_1028,False,0,
TX_42_5970_4969,False,0,
TX_42_5971_9707,False,0,
TX_42_5974_3731,False,0,
TX_42_5975_7899,False,0,
TX_42_5976_4078,False,0,
TX_42_5978_3321,False,0,
TX_42_5979_9508,False,0,
TX_42_5980_3838,False,0,
TX_42_5981_6628,False,0,
TX_42_5983_9532,False,0,
TX_42_5985_7153,False,0,
TX_42_5986_1623,False,0,
TX_42_5987_4659,False,0,
TX_42_5988_8111,False,0,
TX_42_5989_3418,False,0,
TX_42_5990_7175,False,0,
TX_42_5993_6440,False,0,
TX_42_5994_6743,False,0,
TX_42_5995_2011,False,0,
TX_42_5996_5786,False,0,
TX_42_5997_2368,False,0,
TX_42_5999_4366,False,0,
TX_42_6000_7729,True,211940,PAYMENT_STATE_DIVERGENCE
TX_42_6001_4442,False,0,
TX_42_6002_8520,False,0,
TX_42_6004_5038,False,0,
TX_42_6005_6964,False,0,
TX_42_6007_1959,False,0,
TX_42_6008_1268,False,0,
TX_42_6009_8117,False,0,
TX_42_6011_5708,False,0,
TX_42_6013_9703,False,0,
TX_42_6014_8022,False,0,
TX_42_6015_9345,False,0,
TX_42_6016_4980,False,0,
TX_42_6019_9234,False,0,
TX_42_6020_3994,False,0,
TX_42_6021_3295,False,0,
TX_42_6022_1946,False,0,
TX_42_6023_2455,False,0,
TX_42_6024_3750,False,0,
TX_42_6025_7234,False,0,
TX_42_6026_1470,False,0,
TX_42_6027_5228,False,0,
TX_42_6028_8145,True,418540,CHARGEBACK
TX_42_6031_9342,False,0,
TX_42_6032_4588,True,194107,PAYMENT_STATE_DIVERGENCE
TX_42_6033_5687,False,0,
TX_42_6034_1689,False,0,
TX_42_6035_7211,False,0,
TX_42_6036_1769,False,0,
TX_42_6039_3572,False,0,
TX_42_6040_5629,False,0,
TX_42_6041_2691,False,0,
TX_42_6042_5652,False,0,
TX_42_6043_8880,False,0,
TX_42_6044_6404,False,0,
TX_42_6046_4699,False,0,
TX_42_6047_5220,False,0,
TX_42_6048_2250,False,0,
TX_42_6049_4429,True,339130,DUPLICATE_CAPTURE
TX_42_6050_7140,False,0,
TX_42_6051_2341,False,0,
TX_42_6054_3013,False,0,
TX_42_6055_1532,False,0,
TX_42_6056_2309,False,0,
TX_42_6057_5664,False,0,
TX_42_6059_4495,False,0,
TX_42_6061_9941,False,0,
TX_42_6063_1080,False,0,
TX_42_6064_3688,False,0,
TX_42_6066_8353,False,0,
TX_42_6067_1913,False,0,
TX_42_6068_9091,False,0,
TX_42_6069_1590,False,0,
TX_42_6071_6941,False,0,
TX_42_6072_3856,False,0,
TX_42_6073_1225,False,0,
TX_42_6074_8531,False,0,
TX_42_6076_5126,False,0,
TX_42_6077_3690,False,0,
TX_42_6078_7133,False,0,
TX_42_6079_5152,False,0,
TX_42_6080_8113,False,0,
TX_42_6081_9489,False,0,
TX_42_6083_6042,False,0,
TX_42_6084_5516,False,0,
TX_42_6085_2806,False,0,
TX_42_6086_4827,False,0,
TX_42_6087_8566,False,0,
TX_42_6088_5529,False,0,
TX_42_6089_3849,False,0,
TX_42_6090_8023,False,0,
TX_42_6091_6259,False,0,
TX_42_6092_3674,False,0,
TX_42_6093_5323,False,0,
TX_42_6094_7332,False,0,
TX_42_6095_4538,False,0,
TX_42_6096_3090,False,0,
TX_42_6098_3820,False,0,
TX_42_6100_6652,False,0,
TX_42_6101_2416,False,0,
TX_42_6102_5497,False,0,
TX_42_6103_2294,False,0,
TX_42_6104_6252,False,0,
TX_42_6105_6432,False,0,
TX_42_6106_8691,False,0,
TX_42_6107_7523,False,0,
TX_42_6108_8951,False,0,
TX_42_6109_4186,False,0,
TX_42_6111_8549,False,0,
TX_42_6115_3847,False,0,
TX_42_6116_9920,False,0,
TX_42_6118_8470,False,0,
TX_42_6119_5762,False,0,
TX_42_6121_7595,False,0,
TX_42_6123_3258,False,0,
TX_42_6125_1354,False,0,
TX_42_6126_7306,False,0,
TX_42_6127_5596,False,0,
TX_42_6128_3144,False,0,
TX_42_6129_9995,False,0,
TX_42_6130_2487,False,0,
TX_42_6131_5234,False,0,
TX_42_6132_5018,False,0,
TX_42_6134_2175,False,0,
TX_42_6135_8021,False,0,
TX_42_6136_5052,True,375015,CHARGEBACK
TX_42_6138_9812,False,0,
TX_42_6139_4590,False,0,
TX_42_6140_2830,False,0,
TX_42_6142_9873,False,0,
TX_42_6143_1714,False,0,
TX_42_6144_2373,False,0,
TX_42_6145_9424,False,0,
TX_42_6147_7752,False,0,
TX_42_6148_7924,False,0,
TX_42_6149_7432,False,0,
TX_42_6150_2460,True,326808,CHARGEBACK
TX_42_6151_9630,False,0,
TX_42_6152_8751,False,0,
TX_42_6153_5299,False,0,
TX_42_6154_8984,False,0,
TX_42_6155_7564,False,0,
TX_42_6156_1036,False,0,
TX_42_6157_5821,True,360718,REFUND_ERROR
TX_42_6158_7163,False,0,
TX_42_6159_9147,False,0,
TX_42_6162_3102,False,0,
TX_42_6163_8669,False,0,
TX_42_6164_3644,False,0,
TX_42_6165_8616,False,0,
TX_42_6166_7326,True,323411,REFUND_ERROR
TX_42_6167_1945,False,0,
TX_42_6168_3131,False,0,
TX_42_6169_5184,False,0,
TX_42_6170_4420,False,0,
TX_42_6171_6190,False,0,
TX_42_6172_2226,False,0,
TX_42_6174_1599,False,0,
TX_42_6175_4522,False,0,
TX_42_6176_5095,False,0,
TX_42_6177_8922,False,0,
TX_42_6178_4660,False,0,
TX_42_6179_4279,False,0,
TX_42_6181_1166,False,0,
TX_42_6182_5217,False,0,
TX_42_6183_7176,False,0,
TX_42_6185_3039,False,0,
TX_42_6187_4634,False,0,
TX_42_6188_4258,False,0,
TX_42_6189_6514,False,0,
TX_42_6191_6458,False,0,
TX_42_6192_1414,False,0,
TX_42_6193_9472,False,0,
TX_42_6194_6186,False,0,
TX_42_6195_7478,False,0,
TX_42_6196_8082,False,0,
TX_42_6199_2457,False,0,
TX_42_6200_7127,False,0,
TX_42_6201_4578,False,0,
TX_42_6202_3170,False,0,
TX_42_6203_2245,False,0,
TX_42_6204_6845,False,0,
TX_42_6205_1072,False,0,
TX_42_6207_2258,False,0,
TX_42_6208_5750,False,0,
TX_42_6209_7458,False,0,
TX_42_6210_9881,False,0,
TX_42_6211_3349,False,0,
TX_42_6214_1455,False,0,
TX_42_6215_4878,False,0,
TX_42_6217_2902,False,0,
TX_42_6218_7846,False,0,
TX_42_6220_8970,False,0,
TX_42_6221_7875,False,0,
TX_42_6222_8260,False,0,
TX_42_6223_2317,False,0,
TX_42_6224_1500,False,0,
TX_42_6226_6101,False,0,
TX_42_6227_4372,False,0,
TX_42_6228_5427,False,0,
TX_42_6232_4369,False,0,
TX_42_6234_4639,False,0,
TX_42_6235_3560,False,0,
TX_42_6236_2029,False,0,
TX_42_6237_5590,False,0,
TX_42_6239_4622,False,0,
TX_42_6240_2346,False,0,
TX_42_6241_6017,False,0,
TX_42_6242_7395,False,0,
TX_42_6243_6132,True,548594,CHARGEBACK
TX_42_6244_9988,False,0,
TX_42_6245_7138,False,0,
TX_42_6246_6616,False,0,
TX_42_6247_4703,False,0,
TX_42_6248_7024,False,0,
TX_42_6250_5345,False,0,
TX_42_6251_3435,False,0,
TX_42_6252_7046,False,0,
TX_42_6254_5325,False,0,
TX_42_6256_9117,False,0,
TX_42_6257_2660,False,0,
TX_42_6259_8996,False,0,
TX_42_6260_1307,False,0,
TX_42_6261_7149,False,0,
TX_42_6263_4638,False,0,
TX_42_6264_1073,False,0,
TX_42_6265_5880,False,0,
TX_42_6266_2527,False,0,
TX_42_6267_8312,False,0,
TX_42_6268_4910,False,0,
TX_42_6269_4912,False,0,
TX_42_6271_5947,False,0,
TX_42_6272_9287,False,0,
TX_42_6273_4411,False,0,
TX_42_6274_4157,False,0,
TX_42_6275_8425,False,0,
TX_42_6277_7528,False,0,
TX_42_6278_1878,False,0,
TX_42_6279_3689,False,0,
TX_42_6281_1266,True,481453,CHARGEBACK
TX_42_6282_7507,False,0,
TX_42_6283_9905,False,0,
TX_42_6284_1383,False,0,
TX_42_6285_3217,False,0,
TX_42_6286_9834,False,0,
TX_42_6289_1532,False,0,
TX_42_6290_5828,False,0,
TX_42_6291_3324,False,0,
TX_42_6293_5282,False,0,
TX_42_6294_1853,False,0,
TX_42_6296_2815,False,0,
TX_42_6297_8283,False,0,
TX_42_6298_1568,False,0,
TX_42_6299_1187,False,0,
TX_42_6300_2937,False,0,
TX_42_6301_1644,False,0,
TX_42_6302_9386,False,0,
TX_42_6303_2024,False,0,
TX_42_6304_1428,False,0,
TX_42_6305_7241,False,0,
TX_42_6306_3224,False,0,
TX_42_6307_1681,False,0,
TX_42_6308_4014,False,0,
TX_42_6309_1340,False,0,
TX_42_6310_9990,False,0,
TX_42_6311_6048,False,0,
TX_42_6312_2173,False,0,
TX_42_6313_4493,False,0,
TX_42_6316_7387,False,0,
TX_42_6317_4120,False,0,
TX_42_6318_8964,False,0,
TX_42_6319_9672,False,0,
TX_42_6320_1404,False,0,
TX_42_6321_4287,False,0,
TX_42_6322_3982,False,0,
TX_42_6325_2432,False,0,
TX_42_6326_1610,False,0,
TX_42_6327_9922,False,0,
TX_42_6328_8516,False,0,
TX_42_6329_5959,False,0,
TX_42_6330_5960,False,0,
TX_42_6331_7947,False,0,
TX_42_6332_9478,False,0,
TX_42_6336_5769,False,0,
TX_42_6337_3722,False,0,
TX_42_6338_5177,False,0,
TX_42_6340_2196,False,0,
TX_42_6341_9604,False,0,
TX_42_6342_6931,True,198953,PAYMENT_STATE_DIVERGENCE
TX_42_6343_9305,False,0,
TX_42_6345_9170,False,0,
TX_42_6346_9181,True,119420,REFUND_ERROR
TX_42_6349_6277,False,0,
TX_42_6350_8614,False,0,
TX_42_6351_9240,False,0,
TX_42_6352_8641,False,0,
TX_42_6353_9462,False,0,
TX_42_6354_7112,False,0,
TX_42_6355_2516,False,0,
TX_42_6356_2186,False,0,
TX_42_6357_6334,False,0,
TX_42_6358_9513,False,0,
TX_42_6359_8351,False,0,
TX_42_6360_6598,False,0,
TX_42_6361_2490,False,0,
TX_42_6362_2747,False,0,
TX_42_6363_2688,False,0,
TX_42_6369_5793,False,0,
TX_42_6370_9880,False,0,
TX_42_6371_6600,False,0,
TX_42_6373_9356,False,0,
TX_42_6374_4907,False,0,
TX_42_6375_1961,False,0,
TX_42_6376_3925,False,0,
TX_42_6377_6532,False,0,
TX_42_6379_2526,False,0,
TX_42_6380_7490,False,0,
TX_42_6381_9857,True,329683,PAYMENT_STATE_DIVERGENCE
TX_42_6382_5081,False,0,
TX_42_6383_2896,False,0,
TX_42_6384_3050,False,0,
TX_42_6386_5820,False,0,
TX_42_6388_9574,False,0,
TX_42_6389_6586,False,0,
TX_42_6391_6916,False,0,
TX_42_6393_2701,False,0,
TX_42_6394_6818,False,0,
TX_42_6395_3681,False,0,
TX_42_6396_1778,False,0,
TX_42_6397_3777,False,0,
TX_42_6398_9185,False,0,
TX_42_6399_1301,False,0,
TX_42_6400_7004,False,0,
TX_42_6401_4412,False,0,
TX_42_6402_9010,False,0,
TX_42_6403_9749,False,0,
TX_42_6404_8910,False,0,
TX_42_6405_5475,False,0,
TX_42_6406_6975,False,0,
TX_42_6407_1446,False,0,
TX_42_6409_5389,False,0,
TX_42_6411_3188,False,0,
TX_42_6412_6724,False,0,
TX_42_6414_8482,False,0,
TX_42_6415_2989,False,0,
TX_42_6416_9674,False,0,
TX_42_6417_1381,False,0,
TX_42_6419_7451,True,256074,PAYMENT_STATE_DIVERGENCE
TX_42_6420_4830,False,0,
TX_42_6421_7489,False,0,
TX_42_6423_9751,False,0,
TX_42_6425_3730,False,0,
TX_42_6426_5600,False,0,
TX_42_6427_6770,False,0,
TX_42_6429_9850,False,0,
TX_42_6430_3201,False,0,
TX_42_6432_8459,False,0,
TX_42_6433_8257,False,0,
TX_42_6434_6065,False,0,
TX_42_6436_3518,False,0,
TX_42_6437_1662,False,0,
TX_42_6438_3589,False,0,
TX_42_6439_2501,False,0,
TX_42_6440_4617,False,0,
TX_42_6441_4980,False,0,
TX_42_6442_1956,False,0,
TX_42_6443_1612,False,0,
TX_42_6444_4937,False,0,
TX_42_6446_7461,False,0,
TX_42_6447_5659,False,0,
TX_42_6448_4849,False,0,
TX_42_6449_4666,False,0,
TX_42_6451_4378,False,0,
TX_42_6452_5308,False,0,
TX_42_6453_5845,False,0,
TX_42_6454_7412,False,0,
TX_42_6455_3122,False,0,
TX_42_6458_7566,False,0,
TX_42_6459_3945,False,0,
TX_42_6460_5031,False,0,
TX_42_6461_4828,False,0,
TX_42_6462_2361,True,436730,PAYMENT_STATE_DIVERGENCE
TX_42_6464_5179,False,0,
TX_42_6465_2914,False,0,
TX_42_6466_7509,False,0,
TX_42_6467_9923,False,0,
TX_42_6468_1609,False,0,
TX_42_6469_9571,False,0,
TX_42_6471_9588,False,0,
TX_42_6472_4375,False,0,
TX_42_6473_9212,False,0,
TX_42_6474_3808,False,0,
TX_42_6475_8177,False,0,
TX_42_6476_6486,False,0,
TX_42_6477_9965,False,0,
TX_42_6478_7643,False,0,
TX_42_6479_6555,False,0,
TX_42_6480_5563,False,0,
TX_42_6482_3820,False,0,
TX_42_6483_3263,False,0,
TX_42_6486_9457,False,0,
TX_42_6487_5571,False,0,
TX_42_6488_7632,False,0,
TX_42_6489_5303,False,0,
TX_42_6490_2681,False,0,
TX_42_6491_5544,False,0,
TX_42_6492_6045,False,0,
TX_42_6493_3672,False,0,
TX_42_6494_5004,False,0,
TX_42_6495_8148,False,0,
TX_42_6496_7397,False,0,
TX_42_6497_2719,False,0,
TX_42_6498_3676,False,0,
TX_42_6499_4858,False,0,
TX_42_6501_4985,False,0,
TX_42_6502_8764,False,0,
TX_42_6503_1463,False,0,
TX_42_6504_5911,False,0,
TX_42_6505_8308,False,0,
TX_42_6506_9637,False,0,
TX_42_6507_3123,False,0,
TX_42_6508_8539,False,0,
TX_42_6509_9676,False,0,
TX_42_6510_1839,False,0,
TX_42_6511_3152,False,0,
TX_42_6512_1554,False,0,
TX_42_6513_9599,False,0,
TX_42_6514_8531,False,0,
TX_42_6515_5056,False,0,
TX_42_6516_7429,False,0,
TX_42_6517_3364,False,0,
TX_42_6519_1746,False,0,
TX_42_6520_4214,False,0,
TX_42_6522_8841,False,0,
TX_42_6524_7241,False,0,
TX_42_6525_8207,False,0,
TX_42_6527_1711,False,0,
TX_42_6528_2035,False,0,
TX_42_6529_3593,False,0,
TX_42_6530_1942,False,0,
TX_42_6531_4888,False,0,
TX_42_6532_1548,False,0,
TX_42_6533_7593,False,0,
TX_42_6534_9143,False,0,
TX_42_6535_7074,False,0,
TX_42_6536_2808,False,0,
TX_42_6537_6314,False,0,
TX_42_6538_4989,False,0,
TX_42_6540_9615,False,0,
TX_42_6541_3191,False,0,
TX_42_6542_3176,False,0,
TX_42_6543_4845,False,0,
TX_42_6544_9305,False,0,
TX_42_6546_6632,False,0,
TX_42_6547_7069,False,0,
TX_42_6548_8217,False,0,
TX_42_6549_7746,False,0,
TX_42_6550_5396,False,0,
TX_42_6551_9392,False,0,
TX_42_6552_3607,False,0,
TX_42_6553_1753,False,0,
TX_42_6554_6896,True,308687,PAYMENT_STATE_DIVERGENCE
TX_42_6555_7228,False,0,
TX_42_6557_3191,False,0,
TX_42_6558_1998,False,0,
TX_42_6561_6396,False,0,
TX_42_6562_8631,False,0,
TX_42_6563_9700,False,0,
TX_42_6564_9065,False,0,
TX_42_6565_3556,False,0,
TX_42_6566_6052,False,0,
TX_42_6567_9465,False,0,
TX_42_6568_9136,False,0,
TX_42_6569_2498,False,0,
TX_42_6571_1212,False,0,
TX_42_6572_8430,False,0,
TX_42_6573_9918,False,0,
TX_42_6574_5711,False,0,
TX_42_6575_6976,False,0,
TX_42_6576_8757,False,0,
TX_42_6577_1667,False,0,
TX_42_6578_9960,False,0,
TX_42_6583_8831,False,0,
TX_42_6584_1495,False,0,
TX_42_6585_4401,False,0,
TX_42_6586_1464,False,0,
TX_42_6587_9625,False,0,
TX_42_6588_3490,False,0,
TX_42_6589_8731,False,0,
TX_42_6590_7695,False,0,
TX_42_6591_8356,False,0,
TX_42_6592_2463,False,0,
TX_42_6593_9509,False,0,
TX_42_6594_3127,False,0,
TX_42_6595_4657,False,0,
TX_42_6596_7946,False,0,
TX_42_6597_2502,False,0,
TX_42_6598_2677,False,0,
TX_42_6599_4539,False,0,
TX_42_6600_6383,False,0,
TX_42_6601_5790,False,0,
TX_42_6602_9008,False,0,
TX_42_6603_9810,False,0,
TX_42_6604_6327,False,0,
TX_42_6605_6222,False,0,
TX_42_6606_3362,False,0,
TX_42_6608_9689,False,0,
TX_42_6610_4973,False,0,
TX_42_6612_6010,False,0,
TX_42_6614_5333,False,0,
TX_42_6617_1030,False,0,
TX_42_6618_2501,False,0,
TX_42_6619_8889,False,0,
TX_42_6620_3086,True,384877,CHARGEBACK
TX_42_6621_2336,False,0,
TX_42_6623_6485,False,0,
TX_42_6624_5464,False,0,
TX_42_6625_9878,True,127855,PAYMENT_STATE_DIVERGENCE
TX_42_6626_3447,False,0,
TX_42_6627_2697,False,0,
TX_42_6628_8418,False,0,
TX_42_6629_3013,False,0,
TX_42_6630_4049,False,0,
TX_42_6631_1909,False,0,
TX_42_6632_8569,False,0,
TX_42_6634_9794,False,0,
TX_42_6635_9836,False,0,
TX_42_6636_5561,False,0,
TX_42_6637_1263,False,0,
TX_42_6638_8958,False,0,
TX_42_6639_5422,False,0,
TX_42_6640_6661,False,0,
TX_42_6641_7966,False,0,
TX_42_6642_1590,False,0,
TX_42_6643_4263,False,0,
TX_42_6644_8374,False,0,
TX_42_6646_7134,False,0,
TX_42_6648_8863,False,0,
TX_42_6649_1965,True,209484,PAYMENT_STATE_DIVERGENCE
TX_42_6651_4008,False,0,
TX_42_6652_9490,False,0,
TX_42_6657_2205,False,0,
TX_42_6658_5144,False,0,
TX_42_6659_6557,False,0,
TX_42_6660_4419,False,0,
TX_42_6662_7361,False,0,
TX_42_6663_5116,False,0,
TX_42_6664_9357,False,0,
TX_42_6665_2139,False,0,
TX_42_6666_3228,False,0,
TX_42_6667_9657,True,414327,CHARGEBACK
TX_42_6668_2217,False,0,
TX_42_6669_1726,False,0,
TX_42_6670_2665,False,0,
TX_42_6671_5311,False,0,
TX_42_6672_3055,False,0,
TX_42_6673_1730,False,0,
TX_42_6674_8942,False,0,
TX_42_6675_9757,False,0,
TX_42_6676_1970,False,0,
TX_42_6677_4155,False,0,
TX_42_6678_3824,False,0,
TX_42_6679_5164,False,0,
TX_42_6680_2201,False,0,
TX_42_6682_9356,False,0,
TX_42_6683_1761,False,0,
TX_42_6684_4720,False,0,
TX_42_6685_9023,False,0,
TX_42_6686_8922,False,0,
TX_42_6687_5892,False,0,
TX_42_6688_9460,False,0,
TX_42_6689_3252,False,0,
TX_42_6690_9595,False,0,
TX_42_6691_2641,False,0,
TX_42_6692_8487,False,0,
TX_42_6693_2703,False,0,
TX_42_6694_6638,False,0,
TX_42_6695_6431,False,0,
TX_42_6696_5916,False,0,
TX_42_6698_4795,False,0,
TX_42_6699_8598,False,0,
TX_42_6700_9890,False,0,
TX_42_6701_7134,False,0,
TX_42_6703_1673,False,0,
TX_42_6705_6954,False,0,
TX_42_6706_6990,False,0,
TX_42_6707_4227,False,0,
TX_42_6710_7442,False,0,
TX_42_6711_9075,False,0,
TX_42_6712_7567,False,0,
TX_42_6713_1407,False,0,
TX_42_6714_5089,False,0,
TX_42_6716_5600,False,0,
TX_42_6717_8147,False,0,
TX_42_6718_1427,False,0,
TX_42_6719_3068,False,0,
TX_42_6722_9404,False,0,
TX_42_6724_4598,False,0,
TX_42_6725_1519,False,0,
TX_42_6726_7283,False,0,
TX_42_6727_6969,False,0,
TX_42_6728_1374,False,0,
TX_42_6730_2840,False,0,
TX_42_6732_6945,False,0,
TX_42_6733_8237,False,0,
TX_42_6734_8181,False,0,
TX_42_6735_4063,False,0,
TX_42_6736_2400,False,0,
TX_42_6737_6695,True,141599,PAYMENT_STATE_DIVERGENCE
TX_42_6738_9043,False,0,
TX_42_6739_1034,False,0,
TX_42_6741_8169,False,0,
TX_42_6742_5733,False,0,
TX_42_6743_5854,False,0,
TX_42_6744_2183,False,0,
TX_42_6745_1502,False,0,
TX_42_6746_4412,False,0,
TX_42_6747_9320,False,0,
TX_42_6749_3884,False,0,
TX_42_6750_2214,False,0,
TX_42_6751_9255,False,0,
TX_42_6752_4848,False,0,
TX_42_6753_9951,False,0,
TX_42_6755_5235,False,0,
TX_42_6756_2979,False,0,
TX_42_6757_3137,False,0,
TX_42_6759_8740,False,0,
TX_42_6765_4345,False,0,
TX_42_6766_2124,False,0,
TX_42_6767_4104,False,0,
TX_42_6769_9492,True,509981,PAYMENT_STATE_DIVERGENCE
TX_42_6770_8116,False,0,
TX_42_6771_1651,False,0,
TX_42_6772_2865,False,0,
TX_42_6774_2662,False,0,
TX_42_6775_7502,False,0,
TX_42_6776_9800,False,0,
TX_42_6777_1494,False,0,
TX_42_6778_5249,False,0,
TX_42_6780_1615,False,0,
TX_42_6781_7055,False,0,
TX_42_6782_5828,False,0,
TX_42_6783_3661,False,0,
TX_42_6784_5579,False,0,
TX_42_6785_6451,False,0,
TX_42_6787_8545,False,0,
TX_42_6788_9605,False,0,
TX_42_6789_5319,False,0,
TX_42_6790_5945,False,0,
TX_42_6792_9502,False,0,
TX_42_6793_4979,False,0,
TX_42_6795_8154,False,0,
TX_42_6796_6018,False,0,
TX_42_6797_6277,False,0,
TX_42_6798_4303,False,0,
TX_42_6799_2996,False,0,
TX_42_6800_1626,False,0,
TX_42_6801_2164,False,0,
TX_42_6804_3209,False,0,
TX_42_6805_2982,False,0,
TX_42_6806_4827,False,0,
TX_42_6807_6956,False,0,
TX_42_6808_3825,False,0,
TX_42_6809_8284,False,0,
TX_42_6810_8562,False,0,
TX_42_6811_9735,False,0,
TX_42_6812_8562,False,0,
TX_42_6813_5575,False,0,
TX_42_6814_1114,False,0,
TX_42_6815_9464,False,0,
TX_42_6816_5520,False,0,
TX_42_6817_3914,False,0,
TX_42_6818_3699,False,0,
TX_42_6819_9381,False,0,
TX_42_6820_7424,False,0,
TX_42_6821_5000,False,0,
TX_42_6822_9502,False,0,
TX_42_6823_2838,False,0,
TX_42_6824_3558,False,0,
TX_42_6826_9315,False,0,
TX_42_6828_3700,False,0,
TX_42_6830_5960,False,0,
TX_42_6831_5178,False,0,
TX_42_6832_5080,False,0,
TX_42_6833_5922,False,0,
TX_42_6834_6704,False,0,
TX_42_6835_3740,False,0,
TX_42_6836_6113,False,0,
TX_42_6837_8726,False,0,
TX_42_6838_9759,False,0,
TX_42_6840_2114,False,0,
TX_42_6842_2209,False,0,
TX_42_6843_9554,True,60406,REFUND_ERROR
TX_42_6844_5728,False,0,
TX_42_6845_3701,False,0,
TX_42_6846_1833,False,0,
TX_42_6847_4773,False,0,
TX_42_6848_3602,False,0,
TX_42_6849_5371,False,0,
TX_42_6850_2574,False,0,
TX_42_6851_2903,False,0,
TX_42_6852_4304,False,0,
TX_42_6854_8225,False,0,
TX_42_6855_1182,False,0,
TX_42_6856_6488,False,0,
TX_42_6857_9330,False,0,
TX_42_6858_9256,False,0,
TX_42_6859_1455,False,0,
TX_42_6863_9539,False,0,
TX_42_6864_4646,False,0,
TX_42_6865_3469,False,0,
TX_42_6866_5666,False,0,
TX_42_6867_1647,False,0,
TX_42_6868_2346,False,0,
TX_42_6869_7978,False,0,
TX_42_6870_6807,False,0,
TX_42_6871_8294,False,0,
TX_42_6872_8550,False,0,
TX_42_6873_4574,False,0,
TX_42_6875_2281,False,0,
TX_42_6877_9452,False,0,
TX_42_6878_1372,False,0,
TX_42_6880_1285,False,0,
TX_42_6881_9076,False,0,
TX_42_6882_6601,False,0,
TX_42_6883_2677,False,0,
TX_42_6884_7713,False,0,
TX_42_6885_2323,False,0,
TX_42_6886_1091,False,0,
TX_42_6887_3077,False,0,
TX_42_6888_3634,True,135064,REFUND_ERROR
TX_42_6889_6041,False,0,
TX_42_6890_3211,False,0,
TX_42_6891_6946,False,0,
TX_42_6893_9620,False,0,
TX_42_6894_4011,False,0,
TX_42_6895_7605,False,0,
TX_42_6897_8233,False,0,
TX_42_6898_9071,False,0,
TX_42_6899_5842,False,0,
TX_42_6900_7719,False,0,
TX_42_6901_7709,False,0,
TX_42_6903_3217,False,0,
TX_42_6904_4270,False,0,
TX_42_6905_2874,False,0,
TX_42_6906_8983,False,0,
TX_42_6907_5029,False,0,
TX_42_6908_1176,False,0,
TX_42_6909_7863,False,0,
TX_42_6910_1226,False,0,
TX_42_6911_4594,False,0,
TX_42_6912_9718,False,0,
TX_42_6913_6545,False,0,
TX_42_6914_6711,False,0,
TX_42_6915_5670,False,0,
TX_42_6916_6462,False,0,
TX_42_6917_4942,False,0,
TX_42_6918_8382,False,0,
TX_42_6919_6629,False,0,
TX_42_6920_3192,False,0,
TX_42_6922_3144,False,0,
TX_42_6923_3521,False,0,
TX_42_6924_4551,False,0,
TX_42_6925_4213,False,0,
TX_42_6926_8189,False,0,
TX_42_6927_7936,False,0,
TX_42_6930_5800,True,342737,CHARGEBACK
TX_42_6931_6168,False,0,
TX_42_6932_1117,False,0,
TX_42_6933_1412,False,0,
TX_42_6934_3868,False,0,
TX_42_6935_5197,False,0,
TX_42_6936_8731,False,0,
TX_42_6938_9229,False,0,
TX_42_6939_5971,False,0,
TX_42_6941_5638,False,0,
TX_42_6942_2162,False,0,
TX_42_6943_1380,False,0,
TX_42_6944_1441,False,0,
TX_42_6946_2624,False,0,
TX_42_6947_2542,False,0,
TX_42_6948_9416,False,0,
TX_42_6949_2625,False,0,
TX_42_6950_6664,False,0,
TX_42_6955_6390,False,0,
TX_42_6956_8362,False,0,
TX_42_6958_4494,False,0,
TX_42_6960_9313,False,0,
TX_42_6961_6906,False,0,
TX_42_6962_7352,False,0,
TX_42_6963_2097,False,0,
TX_42_6964_3336,False,0,
TX_42_6965_8244,False,0,
TX_42_6966_8393,False,0,
TX_42_6967_9551,False,0,
TX_42_6969_3413,False,0,
TX_42_6970_2225,False,0,
TX_42_6971_4366,False,0,
TX_42_6974_7961,False,0,
TX_42_6975_3044,False,0,
TX_42_6976_7062,False,0,
TX_42_6978_4048,False,0,
TX_42_6980_7266,False,0,
TX_42_6982_5653,False,0,
TX_42_6984_5072,False,0,
TX_42_6985_6546,False,0,
TX_42_6986_6284,False,0,
TX_42_6987_7368,False,0,
TX_42_6989_9819,False,0,
TX_42_6990_7480,False,0,
TX_42_6991_6361,False,0,
TX_42_6992_2482,False,0,
TX_42_6994_1152,False,0,
TX_42_6995_1471,False,0,
TX_42_6997_3972,False,0,
TX_42_6998_2481,False,0,
TX_42_6999_6155,False,0,
TX_42_7000_8276,False,0,
TX_42_7001_4486,False,0,
TX_42_7002_1024,False,0,
TX_42_7003_9071,False,0,
TX_42_7004_7779,False,0,
TX_42_7005_6255,False,0,
TX_42_7006_1937,False,0,
TX_42_7007_7772,False,0,
TX_42_7008_7809,False,0,
TX_42_7009_1161,False,0,
TX_42_7010_4508,True,340480,PAYMENT_STATE_DIVERGENCE
TX_42_7011_9039,False,0,
TX_42_7013_1740,False,0,
TX_42_7014_1734,False,0,
TX_42_7015_3384,False,0,
TX_42_7016_9051,False,0,
TX_42_7018_3062,False,0,
TX_42_7019_5143,False,0,
TX_42_7020_7221,False,0,
TX_42_7021_8316,False,0,
TX_42_7022_1381,False,0,
TX_42_7023_9850,False,0,
TX_42_7024_5934,False,0,
TX_42_7025_3034,False,0,
TX_42_7026_3790,False,0,
TX_42_7028_3530,False,0,
TX_42_7029_1997,False,0,
TX_42_7030_9260,False,0,
TX_42_7031_5456,False,0,
TX_42_7032_6840,False,0,
TX_42_7033_1519,False,0,
TX_42_7034_1671,False,0,
TX_42_7035_4836,False,0,
TX_42_7036_6225,False,0,
TX_42_7037_8995,False,0,
TX_42_7038_7216,False,0,
TX_42_7039_8256,False,0,
TX_42_7040_4638,False,0,
TX_42_7042_9641,False,0,
TX_42_7043_9554,False,0,
TX_42_7045_7754,False,0,
TX_42_7046_5047,False,0,
TX_42_7048_7406,False,0,
TX_42_7053_2426,True,395868,PAYMENT_STATE_DIVERGENCE
TX_42_7055_8413,False,0,
TX_42_7056_7064,False,0,
TX_42_7057_9440,False,0,
TX_42_7058_2459,False,0,
TX_42_7059_3808,False,0,
TX_42_7060_4518,False,0,
TX_42_7061_8552,False,0,
TX_42_7062_4936,False,0,
TX_42_7063_3203,False,0,
TX_42_7064_1025,False,0,
TX_42_7065_2019,False,0,
TX_42_7066_8730,False,0,
TX_42_7067_6149,False,0,
TX_42_7068_4220,False,0,
TX_42_7069_2915,False,0,
TX_42_7070_6213,False,0,
TX_42_7071_1695,False,0,
TX_42_7072_3912,True,178798,PAYMENT_STATE_DIVERGENCE
TX_42_7073_6050,False,0,
TX_42_7074_5175,False,0,
TX_42_7075_7998,False,0,
TX_42_7078_5640,False,0,
TX_42_7079_6329,False,0,
TX_42_7080_2734,False,0,
TX_42_7081_2893,False,0,
TX_42_7082_7781,False,0,
TX_42_7084_5739,False,0,
TX_42_7085_5007,False,0,
TX_42_7086_6958,False,0,
TX_42_7088_7645,False,0,
TX_42_7089_3373,False,0,
TX_42_7090_3774,False,0,
TX_42_7091_4478,False,0,
TX_42_7092_9313,False,0,
TX_42_7093_2161,False,0,
TX_42_7094_2190,False,0,
TX_42_7095_2718,False,0,
TX_42_7096_6796,True,128166,PAYMENT_STATE_DIVERGENCE
TX_42_7097_5377,False,0,
TX_42_7098_7051,False,0,
TX_42_7099_4204,False,0,
TX_42_7101_4818,False,0,
TX_42_7102_1848,False,0,
TX_42_7103_7490,False,0,
TX_42_7104_6543,False,0,
TX_42_7106_4562,False,0,
TX_42_7107_1421,False,0,
TX_42_7108_3469,False,0,
TX_42_7109_2981,False,0,
TX_42_7111_7490,False,0,
TX_42_7113_7117,False,0,
TX_42_7114_7570,False,0,
TX_42_7115_6517,False,0,
TX_42_7117_4701,False,0,
TX_42_7120_9613,False,0,
TX_42_7122_6972,False,0,
TX_42_7124_8256,False,0,
TX_42_7125_2050,False,0,
TX_42_7127_9167,False,0,
TX_42_7128_8696,False,0,
TX_42_7129_3025,False,0,
TX_42_7130_5658,False,0,
TX_42_7131_1286,False,0,
TX_42_7134_8125,False,0,
TX_42_7136_4146,False,0,
TX_42_7137_9554,False,0,
TX_42_7139_5172,False,0,
TX_42_7140_5666,False,0,
TX_42_7141_4280,False,0,
TX_42_7143_8360,False,0,
TX_42_7144_3301,False,0,
TX_42_7145_3691,False,0,
TX_42_7146_3313,False,0,
TX_42_7147_6217,False,0,
TX_42_7148_6020,False,0,
TX_42_7149_6232,False,0,
TX_42_7151_9353,False,0,
TX_42_7152_9489,False,0,
TX_42_7153_5830,False,0,
TX_42_7155_4537,False,0,
TX_42_7156_6231,False,0,
TX_42_7158_1508,False,0,
TX_42_7159_9317,False,0,
TX_42_7160_2681,False,0,
TX_42_7161_1722,False,0,
TX_42_7162_3209,False,0,
TX_42_7163_8122,False,0,
TX_42_7164_3648,False,0,
TX_42_7165_3953,True,381334,PAYMENT_STATE_DIVERGENCE
TX_42_7166_2866,False,0,
TX_42_7167_5538,False,0,
TX_42_7168_1457,False,0,
TX_42_7169_9530,False,0,
TX_42_7172_6179,False,0,
TX_42_7173_2095,False,0,
TX_42_7174_7603,False,0,
TX_42_7175_5499,False,0,
TX_42_7176_2227,False,0,
TX_42_7177_6338,False,0,
TX_42_7179_3658,False,0,
TX_42_7181_5824,False,0,
TX_42_7182_2692,False,0,
TX_42_7183_8719,False,0,
TX_42_7184_7042,False,0,
TX_42_7187_8506,False,0,
TX_42_7188_1204,False,0,
TX_42_7189_8959,False,0,
TX_42_7190_5993,False,0,
TX_42_7191_7823,True,417357,CHARGEBACK
TX_42_7193_3855,False,0,
TX_42_7194_5115,False,0,
TX_42_7195_1045,False,0,
TX_42_7196_1659,False,0,
TX_42_7197_2384,False,0,
TX_42_7199_2345,False,0,
TX_42_7201_5689,False,0,
TX_42_7202_9069,False,0,
TX_42_7203_7555,False,0,
TX_42_7205_4309,False,0,
TX_42_7206_6886,True,416334,PAYMENT_STATE_DIVERGENCE
TX_42_7207_5018,False,0,
TX_42_7208_5333,False,0,
TX_42_7209_7685,False,0,
TX_42_7210_9077,False,0,
TX_42_7211_4566,False,0,
TX_42_7212_9620,False,0,
TX_42_7213_6686,False,0,
TX_42_7216_3564,False,0,
TX_42_7218_7038,False,0,
TX_42_7219_3103,False,0,
TX_42_7220_7322,False,0,
TX_42_7221_3112,False,0,
TX_42_7222_8266,False,0,
TX_42_7223_7337,False,0,
TX_42_7224_9305,False,0,
TX_42_7225_3404,False,0,
TX_42_7227_6419,False,0,
TX_42_7228_9792,False,0,
TX_42_7229_3596,False,0,
TX_42_7230_6462,False,0,
TX_42_7231_9514,False,0,
TX_42_7232_9497,False,0,
TX_42_7233_5184,False,0,
TX_42_7234_2180,False,0,
TX_42_7236_5256,False,0,
TX_42_7237_5306,False,0,
TX_42_7238_7699,False,0,
TX_42_7240_8721,False,0,
TX_42_7241_9811,False,0,
TX_42_7243_9476,False,0,
TX_42_7244_1901,False,0,
TX_42_7245_9435,False,0,
TX_42_7248_4166,False,0,
TX_42_7249_4020,False,0,
TX_42_7251_3136,False,0,
TX_42_7252_6297,False,0,
TX_42_7253_3061,False,0,
TX_42_7254_7895,False,0,
TX_42_7255_4217,False,0,
TX_42_7256_9412,False,0,
TX_42_7257_9960,False,0,
TX_42_7258_5343,False,0,
TX_42_7259_7897,False,0,
TX_42_7260_4026,False,0,
TX_42_7262_8086,False,0,
TX_42_7264_3486,False,0,
TX_42_7265_5030,False,0,
TX_42_7267_2825,False,0,
TX_42_7269_1152,False,0,
TX_42_7270_6485,False,0,
TX_42_7271_7617,False,0,
TX_42_7272_1450,False,0,
TX_42_7273_3575,False,0,
TX_42_7274_7333,False,0,
TX_42_7277_8778,False,0,
TX_42_7278_5013,False,0,
TX_42_7279_9928,False,0,
TX_42_7280_3166,False,0,
TX_42_7282_9954,False,0,
TX_42_7283_3878,False,0,
TX_42_7284_6689,False,0,
TX_42_7285_1328,False,0,
TX_42_7286_1331,False,0,
TX_42_7287_2875,True,389780,CHARGEBACK
TX_42_7288_3747,False,0,
TX_42_7289_8575,False,0,
TX_42_7290_6370,False,0,
TX_42_7291_6293,False,0,
TX_42_7292_9909,False,0,
TX_42_7293_9867,False,0,
TX_42_7294_6463,False,0,
TX_42_7295_3473,False,0,
TX_42_7298_3536,False,0,
TX_42_7299_8170,False,0,
TX_42_7300_6364,False,0,
TX_42_7301_5907,False,0,
TX_42_7302_4573,False,0,
TX_42_7303_5459,False,0,
TX_42_7305_5859,False,0,
TX_42_7306_7920,False,0,
TX_42_7307_5125,False,0,
TX_42_7308_9682,False,0,
TX_42_7309_9273,False,0,
TX_42_7310_9055,False,0,
TX_42_7311_6734,False,0,
TX_42_7313_4573,False,0,
TX_42_7314_2411,False,0,
TX_42_7315_1153,False,0,
TX_42_7316_5971,False,0,
TX_42_7317_1664,False,0,
TX_42_7318_6720,False,0,
TX_42_7319_6660,False,0,
TX_42_7320_1446,False,0,
TX_42_7321_8270,False,0,
TX_42_7322_1815,False,0,
TX_42_7323_7867,False,0,
TX_42_7325_5513,False,0,
TX_42_7326_8878,False,0,
TX_42_7327_1557,False,0,
TX_42_7328_2470,False,0,
TX_42_7330_7705,False,0,
TX_42_7331_5442,False,0,
TX_42_7332_7133,False,0,
TX_42_7334_3825,False,0,
TX_42_7335_8496,False,0,
TX_42_7336_2916,False,0,
TX_42_7337_7207,False,0,
TX_42_7338_8074,False,0,
TX_42_7339_5940,False,0,
TX_42_7340_1451,False,0,
TX_42_7341_5141,False,0,
TX_42_7342_7541,False,0,
TX_42_7344_2519,False,0,
TX_42_7345_7737,False,0,
TX_42_7346_1567,False,0,
TX_42_7348_8654,False,0,
TX_42_7350_2097,False,0,
TX_42_7351_6016,False,0,
TX_42_7352_6337,False,0,
TX_42_7353_3607,False,0,
TX_42_7354_7513,False,0,
TX_42_7355_3727,False,0,
TX_42_7356_4226,False,0,
TX_42_7358_3331,False,0,
TX_42_7359_6577,False,0,
TX_42_7360_3217,False,0,
TX_42_7362_7128,False,0,
TX_42_7363_9030,False,0,
TX_42_7364_5890,False,0,
TX_42_7365_6429,False,0,
TX_42_7366_1043,False,0,
TX_42_7367_7084,False,0,
TX_42_7368_5887,False,0,
TX_42_7369_3015,False,0,
TX_42_7372_6566,False,0,
TX_42_7373_8594,False,0,
TX_42_7374_8184,True,260801,DUPLICATE_CAPTURE
TX_42_7375_7447,False,0,
TX_42_7376_1762,False,0,
TX_42_7377_1039,False,0,
TX_42_7378_2441,False,0,
TX_42_7380_7758,False,0,
TX_42_7381_9906,False,0,
TX_42_7382_2737,False,0,
TX_42_7385_8686,False,0,
TX_42_7386_1073,False,0,
TX_42_7387_2428,False,0,
TX_42_7388_3827,False,0,
TX_42_7389_9195,False,0,
TX_42_7390_4134,False,0,
TX_42_7391_4038,False,0,
TX_42_7392_7460,False,0,
TX_42_7395_4369,False,0,
TX_42_7397_3381,True,339640,PAYMENT_STATE_DIVERGENCE
TX_42_7398_5824,False,0,
TX_42_7399_6269,False,0,
TX_42_7400_3481,False,0,
TX_42_7401_5832,False,0,
TX_42_7402_6206,False,0,
TX_42_7403_3108,False,0,
TX_42_7405_6708,False,0,
TX_42_7406_6390,False,0,
TX_42_7407_3184,False,0,
TX_42_7409_5167,False,0,
TX_42_7410_3213,False,0,
TX_42_7411_2779,False,0,
TX_42_7413_1753,False,0,
TX_42_7415_4190,False,0,
TX_42_7416_2574,False,0,
TX_42_7417_3117,False,0,
TX_42_7418_4010,False,0,
TX_42_7420_5942,False,0,
TX_42_7421_6403,False,0,
TX_42_7422_8983,False,0,
TX_42_7423_8571,False,0,
TX_42_7424_4541,False,0,
TX_42_7425_6126,False,0,
TX_42_7426_1864,True,193475,DUPLICATE_CAPTURE
TX_42_7427_4620,False,0,
TX_42_7428_3155,True,428659,PAYMENT_STATE_DIVERGENCE
TX_42_7429_2733,False,0,
TX_42_7431_4504,False,0,
TX_42_7432_6798,False,0,
TX_42_7433_2158,False,0,
TX_42_7435_7055,False,0,
TX_42_7437_5237,False,0,
TX_42_7438_7675,False,0,
TX_42_7439_3003,False,0,
TX_42_7441_8894,False,0,
TX_42_7444_9789,False,0,
TX_42_7446_5997,False,0,
TX_42_7447_4263,False,0,
TX_42_7448_6792,False,0,
TX_42_7449_3285,False,0,
TX_42_7451_9263,False,0,
TX_42_7452_1029,False,0,
TX_42_7453_3847,True,525492,PAYMENT_STATE_DIVERGENCE
TX_42_7454_2669,False,0,
TX_42_7455_8054,False,0,
TX_42_7457_8977,False,0,
TX_42_7459_1563,False,0,
TX_42_7460_6580,False,0,
TX_42_7463_3664,False,0,
TX_42_7465_7872,False,0,
TX_42_7466_2164,False,0,
TX_42_7469_9737,False,0,
TX_42_7470_7339,False,0,
TX_42_7471_5216,False,0,
TX_42_7473_5669,False,0,
TX_42_7474_4741,False,0,
TX_42_7475_6779,False,0,
TX_42_7476_7108,False,0,
TX_42_7477_3492,False,0,
TX_42_7478_4727,False,0,
TX_42_7480_3879,False,0,
TX_42_7481_7562,False,0,
TX_42_7482_9519,False,0,
TX_42_7483_5692,False,0,
TX_42_7485_5122,False,0,
TX_42_7487_5692,False,0,
TX_42_7489_2982,False,0,
TX_42_7490_3899,False,0,
TX_42_7491_8799,False,0,
TX_42_7492_5667,False,0,
TX_42_7493_4806,False,0,
TX_42_7494_4325,False,0,
TX_42_7495_5655,False,0,
TX_42_7496_5853,False,0,
TX_42_7498_3880,False,0,
TX_42_7501_3915,False,0,
TX_42_7503_5828,False,0,
TX_42_7504_9309,True,274472,REFUND_ERROR
TX_42_7505_9878,False,0,
TX_42_7506_8702,False,0,
TX_42_7508_6671,False,0,
TX_42_7509_4339,False,0,
TX_42_7510_3348,False,0,
TX_42_7511_9836,False,0,
TX_42_7512_8892,False,0,
TX_42_7513_7357,False,0,
TX_42_7514_4795,False,0,
TX_42_7516_6477,False,0,
TX_42_7517_6962,False,0,
TX_42_7518_8275,False,0,
TX_42_7519_8106,False,0,
TX_42_7521_8451,False,0,
TX_42_7522_4748,False,0,
TX_42_7523_7815,False,0,
TX_42_7525_4165,False,0,
TX_42_7526_5027,True,245276,CHARGEBACK
TX_42_7530_6839,False,0,
TX_42_7531_1995,False,0,
TX_42_7532_5278,False,0,
TX_42_7533_3345,False,0,
TX_42_7534_9261,False,0,
TX_42_7536_3433,False,0,
TX_42_7537_4286,False,0,
TX_42_7538_9472,False,0,
TX_42_7539_3106,False,0,
TX_42_7540_1804,False,0,
TX_42_7541_2235,False,0,
TX_42_7542_6945,False,0,
TX_42_7543_5667,False,0,
TX_42_7544_4837,False,0,
TX_42_7545_5275,False,0,
TX_42_7546_3587,False,0,
TX_42_7547_9021,False,0,
TX_42_7548_2347,False,0,
TX_42_7550_6343,False,0,
TX_42_7551_8522,False,0,
TX_42_7553_3342,False,0,
TX_42_7554_8901,False,0,
TX_42_7555_6460,False,0,
TX_42_7558_1727,False,0,
TX_42_7559_7061,False,0,
TX_42_7560_4376,False,0,
TX_42_7561_8979,False,0,
TX_42_7562_9020,False,0,
TX_42_7565_7832,False,0,
TX_42_7566_7414,False,0,
TX_42_7567_8418,False,0,
TX_42_7569_8253,False,0,
TX_42_7571_2306,False,0,
TX_42_7572_6417,False,0,
TX_42_7573_5016,False,0,
TX_42_7574_9445,False,0,
TX_42_7576_6118,False,0,
TX_42_7577_9932,False,0,
TX_42_7578_6678,False,0,
TX_42_7579_7129,False,0,
TX_42_7580_7564,False,0,
TX_42_7582_6801,False,0,
TX_42_7583_1303,False,0,
TX_42_7584_8839,False,0,
TX_42_7586_2876,False,0,
TX_42_7587_8276,False,0,
TX_42_7588_3522,False,0,
TX_42_7589_9219,False,0,
TX_42_7590_5381,False,0,
TX_42_7591_2278,False,0,
TX_42_7592_9583,False,0,
TX_42_7594_4488,False,0,
TX_42_7595_3387,True,224591,PAYMENT_STATE_DIVERGENCE
TX_42_7596_9261,False,0,
TX_42_7597_3974,False,0,
TX_42_7598_2807,False,0,
TX_42_7600_2932,False,0,
TX_42_7601_3604,False,0,
TX_42_7602_9537,False,0,
TX_42_7603_2764,False,0,
TX_42_7604_7231,False,0,
TX_42_7605_6659,False,0,
TX_42_7607_3561,False,0,
TX_42_7608_1347,False,0,
TX_42_7609_7032,False,0,
TX_42_7610_1191,False,0,
TX_42_7611_1007,False,0,
TX_42_7613_2791,False,0,
TX_42_7614_6610,False,0,
TX_42_7616_3833,False,0,
TX_42_7617_9020,False,0,
TX_42_7618_6805,False,0,
TX_42_7619_6992,False,0,
TX_42_7620_8905,False,0,
TX_42_7621_1458,False,0,
TX_42_7622_1253,False,0,
TX_42_7623_7977,False,0,
TX_42_7624_7347,False,0,
TX_42_7625_1726,False,0,
TX_42_7626_4612,False,0,
TX_42_7628_9865,False,0,
TX_42_7629_5946,False,0,
TX_42_7630_9185,False,0,
TX_42_7632_7869,False,0,
TX_42_7633_5178,False,0,
TX_42_7634_2339,False,0,
TX_42_7635_5459,False,0,
TX_42_7637_7498,False,0,
TX_42_7638_6448,False,0,
TX_42_7639_6410,False,0,
TX_42_7640_6625,False,0,
TX_42_7641_2047,False,0,
TX_42_7642_8462,False,0,
TX_42_7643_7160,False,0,
TX_42_7644_3581,False,0,
TX_42_7645_3787,False,0,
TX_42_7646_9966,False,0,
TX_42_7647_9006,False,0,
TX_42_7648_2199,False,0,
TX_42_7649_7472,False,0,
TX_42_7651_7082,False,0,
TX_42_7652_2092,False,0,
TX_42_7653_3536,False,0,
TX_42_7654_7631,False,0,
TX_42_7655_8156,False,0,
TX_42_7658_7883,False,0,
TX_42_7659_9333,False,0,
TX_42_7662_4449,False,0,
TX_42_7663_2315,False,0,
TX_42_7664_6160,False,0,
TX_42_7666_2064,False,0,
TX_42_7667_6497,False,0,
TX_42_7669_6954,False,0,
TX_42_7670_4114,False,0,
TX_42_7672_6961,False,0,
TX_42_7673_3994,False,0,
TX_42_7674_1409,False,0,
TX_42_7675_1355,False,0,
TX_42_7676_5204,False,0,
TX_42_7677_2670,False,0,
TX_42_7678_1464,False,0,
TX_42_7681_7609,False,0,
TX_42_7682_1672,False,0,
TX_42_7683_3899,False,0,
TX_42_7685_6998,False,0,
TX_42_7687_9791,False,0,
TX_42_7688_4764,False,0,
TX_42_7689_1260,False,0,
TX_42_7690_2003,False,0,
TX_42_7693_6798,False,0,
TX_42_7694_6396,False,0,
TX_42_7695_7101,False,0,
TX_42_7696_9236,False,0,
TX_42_7697_9686,False,0,
TX_42_7698_7445,False,0,
TX_42_7699_1201,False,0,
TX_42_7700_4775,False,0,
TX_42_7701_3938,False,0,
TX_42_7702_8272,False,0,
TX_42_7703_3904,False,0,
TX_42_7704_4711,False,0,
TX_42_7705_4053,False,0,
TX_42_7706_7422,False,0,
TX_42_7707_7262,False,0,
TX_42_7708_8012,False,0,
TX_42_7709_3339,False,0,
TX_42_7711_6349,False,0,
TX_42_7712_1786,False,0,
TX_42_7713_5302,False,0,
TX_42_7715_6226,False,0,
TX_42_7716_2045,False,0,
TX_42_7718_1596,False,0,
TX_42_7719_1197,False,0,
TX_42_7722_8255,False,0,
TX_42_7724_6681,False,0,
TX_42_7726_2051,False,0,
TX_42_7727_2855,False,0,
TX_42_7728_5637,False,0,
TX_42_7729_1184,False,0,
TX_42_7730_2659,False,0,
TX_42_7732_9912,False,0,
TX_42_7733_2180,False,0,
TX_42_7734_8484,False,0,
TX_42_7736_7535,False,0,
TX_42_7737_2504,False,0,
TX_42_7739_5528,False,0,
TX_42_7740_7547,False,0,
TX_42_7741_6925,False,0,
TX_42_7743_2290,False,0,
TX_42_7744_9055,True,434616,PAYMENT_STATE_DIVERGENCE
TX_42_7745_7723,False,0,
TX_42_7747_1253,False,0,
TX_42_7750_7591,False,0,
TX_42_7751_9669,False,0,
TX_42_7752_3448,False,0,
TX_42_7753_4706,False,0,
TX_42_7754_8814,False,0,
TX_42_7755_3087,False,0,
TX_42_7756_1564,False,0,
TX_42_7757_3348,False,0,
TX_42_7759_3591,False,0,
TX_42_7760_7868,True,373679,PAYMENT_STATE_DIVERGENCE
TX_42_7761_1411,False,0,
TX_42_7763_3109,False,0,
TX_42_7764_9991,False,0,
TX_42_7765_2500,False,0,
TX_42_7766_3758,False,0,
TX_42_7767_2931,True,366618,PAYMENT_STATE_DIVERGENCE
TX_42_7768_7408,False,0,
TX_42_7772_9703,False,0,
TX_42_7773_9032,False,0,
TX_42_7774_4797,False,0,
TX_42_7775_5405,False,0,
TX_42_7776_8156,False,0,
TX_42_7777_4344,False,0,
TX_42_7778_6822,False,0,
TX_42_7779_6895,False,0,
TX_42_7780_6326,False,0,
TX_42_7782_7976,False,0,
TX_42_7783_5823,False,0,
TX_42_7784_9846,False,0,
TX_42_7786_6815,False,0,
TX_42_7787_2057,False,0,
TX_42_7788_6790,False,0,
TX_42_7790_6661,False,0,
TX_42_7791_3842,False,0,
TX_42_7793_6706,False,0,
TX_42_7795_9547,False,0,
TX_42_7796_9857,False,0,
TX_42_7799_2480,False,0,
TX_42_7802_4411,False,0,
TX_42_7803_5120,False,0,
TX_42_7804_9034,False,0,
TX_42_7805_7625,False,0,
TX_42_7807_8855,False,0,
TX_42_7809_2322,False,0,
TX_42_7810_9721,False,0,
TX_42_7811_7541,False,0,
TX_42_7812_1547,False,0,
TX_42_7814_1822,False,0,
TX_42_7815_2031,False,0,
TX_42_7816_7781,False,0,
TX_42_7817_2994,False,0,
TX_42_7819_8867,True,156028,PAYMENT_STATE_DIVERGENCE
TX_42_7820_5988,False,0,
TX_42_7821_7179,False,0,
TX_42_7822_7000,False,0,
TX_42_7823_5641,False,0,
TX_42_7824_6271,False,0,
TX_42_7825_9488,False,0,
TX_42_7826_6061,False,0,
TX_42_7828_5846,False,0,
TX_42_7829_3531,False,0,
TX_42_7830_4049,False,0,
TX_42_7831_7548,False,0,
TX_42_7832_1045,False,0,
TX_42_7833_9978,False,0,
TX_42_7834_2807,False,0,
TX_42_7836_7715,False,0,
TX_42_7837_9815,False,0,
TX_42_7838_9860,False,0,
TX_42_7839_7668,False,0,
TX_42_7841_5134,False,0,
TX_42_7842_4734,False,0,
TX_42_7843_1563,False,0,
TX_42_7844_3757,False,0,
TX_42_7845_8086,False,0,
TX_42_7846_5966,False,0,
TX_42_7847_4685,False,0,
TX_42_7848_3811,False,0,
TX_42_7849_8289,False,0,
TX_42_7850_3301,False,0,
TX_42_7851_9472,False,0,
TX_42_7852_4175,False,0,
TX_42_7853_8368,False,0,
TX_42_7855_4584,False,0,
TX_42_7857_8791,False,0,
TX_42_7858_2819,False,0,
TX_42_7859_4643,False,0,
TX_42_7862_5334,False,0,
TX_42_7865_8389,False,0,
TX_42_7867_6074,False,0,
TX_42_7868_6188,False,0,
TX_42_7870_4089,False,0,
TX_42_7871_4684,False,0,
TX_42_7872_2138,False,0,
TX_42_7873_9261,False,0,
TX_42_7874_3985,False,0,
TX_42_7876_6752,False,0,
TX_42_7877_6235,False,0,
TX_42_7878_1925,False,0,
TX_42_7879_7176,False,0,
TX_42_7881_6527,False,0,
TX_42_7882_3486,False,0,
TX_42_7884_9952,False,0,
TX_42_7885_4026,False,0,
TX_42_7886_5888,False,0,
TX_42_7887_6645,False,0,
TX_42_7888_4327,False,0,
TX_42_7889_2220,False,0,
TX_42_7892_8419,False,0,
TX_42_7893_1204,False,0,
TX_42_7894_6625,False,0,
TX_42_7895_1170,False,0,
TX_42_7897_5916,False,0,
TX_42_7898_6123,False,0,
TX_42_7899_5179,False,0,
TX_42_7901_7564,False,0,
TX_42_7905_9228,False,0,
TX_42_7906_6633,False,0,
TX_42_7907_7062,False,0,
TX_42_7908_7524,True,152708,REFUND_ERROR
TX_42_7909_5763,False,0,
TX_42_7910_2415,False,0,
TX_42_7911_8576,False,0,
TX_42_7912_3199,False,0,
TX_42_7913_1217,False,0,
TX_42_7914_2618,False,0,
TX_42_7915_9572,False,0,
TX_42_7916_6633,False,0,
TX_42_7917_8345,False,0,
TX_42_7918_2158,True,343093,CHARGEBACK
TX_42_7919_1015,False,0,
TX_42_7920_3065,False,0,
TX_42_7921_6256,False,0,
TX_42_7923_3881,False,0,
TX_42_7924_9444,False,0,
TX_42_7925_2312,False,0,
TX_42_7926_8209,False,0,
TX_42_7927_2696,False,0,
TX_42_7928_2879,False,0,
TX_42_7929_3247,False,0,
TX_42_7931_2753,False,0,
TX_42_7932_8335,False,0,
TX_42_7933_8782,False,0,
TX_42_7934_7201,False,0,
TX_42_7935_6156,False,0,
TX_42_7937_3083,False,0,
TX_42_7938_8730,False,0,
TX_42_7940_1714,False,0,
TX_42_7942_5608,False,0,
TX_42_7943_8960,False,0,
TX_42_7944_6772,False,0,
TX_42_7945_7713,True,379763,PAYMENT_STATE_DIVERGENCE
TX_42_7946_5288,False,0,
TX_42_7948_5561,True,557191,PAYMENT_STATE_DIVERGENCE
TX_42_7949_9248,False,0,
TX_42_7950_3279,False,0,
TX_42_7951_6772,False,0,
TX_42_7952_5372,False,0,
TX_42_7954_4346,False,0,
TX_42_7955_9168,False,0,
TX_42_7957_5186,False,0,
TX_42_7958_3357,False,0,
TX_42_7960_1090,False,0,
TX_42_7961_9863,False,0,
TX_42_7962_3794,False,0,
TX_42_7964_2268,False,0,
TX_42_7965_2283,False,0,
TX_42_7966_4118,False,0,
TX_42_7967_3033,False,0,
TX_42_7968_4244,False,0,
TX_42_7969_5544,False,0,
TX_42_7970_7192,False,0,
TX_42_7971_4891,False,0,
TX_42_7972_5677,False,0,
TX_42_7974_2181,False,0,
TX_42_7975_5879,False,0,
TX_42_7976_7826,False,0,
TX_42_7977_9579,False,0,
TX_42_7978_1520,False,0,
TX_42_7979_7133,False,0,
TX_42_7980_5955,False,0,
TX_42_7982_9008,False,0,
TX_42_7983_4427,False,0,
TX_42_7984_6987,False,0,
TX_42_7985_3073,False,0,
TX_42_7987_1086,False,0,
TX_42_7988_6025,False,0,
TX_42_7989_9929,False,0,
TX_42_7990_5822,False,0,
TX_42_7991_3454,False,0,
TX_42_7992_2394,False,0,
TX_42_7993_4934,False,0,
TX_42_7996_9694,False,0,
TX_42_7997_4857,False,0,
TX_42_7998_8765,False,0,
TX_42_7999_5085,False,0,
TX_42_8000_4764,False,0,
TX_42_8001_3344,False,0,
TX_42_8002_1817,True,331007,CHARGEBACK
TX_42_8003_9541,False,0,
TX_42_8004_1766,False,0,
TX_42_8005_1853,False,0,
TX_42_8006_6681,False,0,
TX_42_8008_7570,False,0,
TX_42_8009_2786,False,0,
TX_42_8010_3802,False,0,
TX_42_8011_9842,False,0,
TX_42_8012_5451,False,0,
TX_42_8013_5480,False,0,
TX_42_8014_8827,False,0,
TX_42_8015_1191,False,0,
TX_42_8016_8128,False,0,
TX_42_8017_1624,False,0,
TX_42_8018_6185,False,0,
TX_42_8019_5827,False,0,
TX_42_8020_3290,False,0,
TX_42_8021_2676,False,0,
TX_42_8022_2146,False,0,
TX_42_8023_3046,False,0,
TX_42_8024_8775,False,0,
TX_42_8025_1866,False,0,
TX_42_8026_4348,False,0,
TX_42_8027_7772,False,0,
TX_42_8028_6979,False,0,
TX_42_8029_5384,False,0,
TX_42_8030_4440,False,0,
TX_42_8032_6069,False,0,
TX_42_8033_4358,False,0,
TX_42_8034_3687,False,0,
TX_42_8035_1863,False,0,
TX_42_8038_3952,False,0,
TX_42_8039_6430,False,0,
TX_42_8040_7522,False,0,
TX_42_8042_8938,False,0,
TX_42_8043_7331,False,0,
TX_42_8044_6533,False,0,
TX_42_8045_4219,False,0,
TX_42_8046_3607,False,0,
TX_42_8047_1440,False,0,
TX_42_8049_1044,False,0,
TX_42_8050_7176,True,238552,PAYMENT_STATE_DIVERGENCE
TX_42_8051_9709,False,0,
TX_42_8052_3155,False,0,
TX_42_8053_4019,False,0,
TX_42_8054_4147,False,0,
TX_42_8056_2711,True,209933,CHARGEBACK
TX_42_8057_2524,False,0,
TX_42_8058_7538,False,0,
TX_42_8059_2162,False,0,
TX_42_8060_7624,False,0,
TX_42_8062_8732,False,0,
TX_42_8064_5070,False,0,
TX_42_8065_6094,False,0,
TX_42_8066_9946,False,0,
TX_42_8067_8253,False,0,
TX_42_8068_4440,False,0,
TX_42_8069_5652,False,0,
TX_42_8070_3916,False,0,
TX_42_8071_8256,False,0,
TX_42_8072_9116,False,0,
TX_42_8073_7441,False,0,
TX_42_8074_8069,False,0,
TX_42_8076_5992,False,0,
TX_42_8077_1762,False,0,
TX_42_8079_3715,False,0,
TX_42_8080_4446,False,0,
TX_42_8081_5365,False,0,
TX_42_8082_6286,False,0,
TX_42_8084_4676,False,0,
TX_42_8085_8641,False,0,
TX_42_8086_6314,False,0,
TX_42_8087_7964,False,0,
TX_42_8088_5777,True,111489,REFUND_ERROR
TX_42_8090_6378,False,0,
TX_42_8091_3566,False,0,
TX_42_8092_8031,False,0,
TX_42_8093_3651,False,0,
TX_42_8095_9217,False,0,
TX_42_8096_3964,False,0,
TX_42_8097_1856,True,397240,PAYMENT_STATE_DIVERGENCE
TX_42_8098_4108,False,0,
TX_42_8099_8930,False,0,
TX_42_8101_2148,False,0,
TX_42_8102_3604,False,0,
TX_42_8103_6150,False,0,
TX_42_8104_1235,False,0,
TX_42_8105_6250,False,0,
TX_42_8108_8545,False,0,
TX_42_8109_2356,False,0,
TX_42_8110_2131,False,0,
TX_42_8111_7479,False,0,
TX_42_8112_7459,False,0,
TX_42_8113_6373,False,0,
TX_42_8114_2316,False,0,
TX_42_8115_3517,True,302457,REFUND_ERROR
TX_42_8116_8521,True,389401,CHARGEBACK
TX_42_8117_6918,False,0,
TX_42_8118_5103,False,0,
TX_42_8119_6120,False,0,
TX_42_8120_5870,False,0,
TX_42_8121_9163,False,0,
TX_42_8122_7990,False,0,
TX_42_8124_1741,False,0,
TX_42_8126_1391,False,0,
TX_42_8127_4643,False,0,
TX_42_8128_4598,False,0,
TX_42_8129_1379,False,0,
TX_42_8130_1923,False,0,
TX_42_8131_5436,False,0,
TX_42_8133_9116,False,0,
TX_42_8134_1978,False,0,
TX_42_8136_5815,False,0,
TX_42_8137_8149,True,120775,PAYMENT_STATE_DIVERGENCE
TX_42_8138_2095,False,0,
TX_42_8139_8512,False,0,
TX_42_8140_9719,False,0,
TX_42_8141_6333,False,0,
TX_42_8143_2180,False,0,
TX_42_8145_2610,False,0,
TX_42_8146_1542,False,0,
TX_42_8147_4900,False,0,
TX_42_8148_8307,False,0,
TX_42_8149_7681,False,0,
TX_42_8150_3142,False,0,
TX_42_8151_5954,False,0,
TX_42_8152_9298,False,0,
TX_42_8153_1878,False,0,
TX_42_8156_2351,False,0,
TX_42_8157_4604,False,0,
TX_42_8158_1974,False,0,
TX_42_8159_2335,False,0,
TX_42_8160_8695,False,0,
TX_42_8161_9539,False,0,
TX_42_8162_1976,False,0,
TX_42_8166_5835,False,0,
TX_42_8167_9141,False,0,
TX_42_8169_1522,False,0,
TX_42_8170_1802,False,0,
TX_42_8171_5304,False,0,
TX_42_8172_7885,False,0,
TX_42_8173_3652,False,0,
TX_42_8174_5607,False,0,
TX_42_8175_4305,False,0,
TX_42_8176_3130,False,0,
TX_42_8177_1311,False,0,
TX_42_8178_3793,False,0,
TX_42_8179_6813,False,0,
TX_42_8181_1239,False,0,
TX_42_8182_6689,False,0,
TX_42_8183_9647,False,0,
TX_42_8184_4540,False,0,
TX_42_8185_8269,False,0,
TX_42_8186_5210,False,0,
TX_42_8187_6037,False,0,
TX_42_8188_6658,False,0,
TX_42_8189_3924,False,0,
TX_42_8190_9994,False,0,
TX_42_8194_8298,False,0,
TX_42_8197_9526,False,0,
TX_42_8198_1564,False,0,
TX_42_8202_7276,False,0,
TX_42_8203_8372,False,0,
TX_42_8204_4547,False,0,
TX_42_8205_3531,False,0,
TX_42_8206_2834,False,0,
TX_42_8207_6313,False,0,
TX_42_8208_2175,False,0,
TX_42_8210_2298,False,0,
TX_42_8211_5676,False,0,
TX_42_8213_1991,False,0,
TX_42_8214_3554,False,0,
TX_42_8215_1909,False,0,
TX_42_8216_6903,False,0,
TX_42_8217_5484,False,0,
TX_42_8218_7813,False,0,
TX_42_8219_1985,False,0,
TX_42_8220_3092,False,0,
TX_42_8223_7962,False,0,
TX_42_8224_7577,False,0,
TX_42_8225_8037,True,437039,CHARGEBACK
TX_42_8226_6530,False,0,
TX_42_8229_8701,False,0,
TX_42_8230_1786,False,0,
TX_42_8231_7935,False,0,
TX_42_8232_7947,False,0,
TX_42_8234_6207,False,0,
TX_42_8235_8835,False,0,
TX_42_8236_8111,False,0,
TX_42_8237_9890,False,0,
TX_42_8238_7174,False,0,
TX_42_8239_3679,False,0,
TX_42_8241_3398,False,0,
TX_42_8242_4824,False,0,
TX_42_8243_9255,False,0,
TX_42_8244_5674,False,0,
TX_42_8245_4291,False,0,
TX_42_8247_5058,False,0,
TX_42_8248_4293,False,0,
TX_42_8249_5346,False,0,
TX_42_8251_6632,False,0,
TX_42_8252_1656,False,0,
TX_42_8253_4191,False,0,
TX_42_8254_6420,False,0,
TX_42_8255_4837,False,0,
TX_42_8256_2877,False,0,
TX_42_8257_4355,False,0,
TX_42_8258_9789,False,0,
TX_42_8259_5928,False,0,
TX_42_8260_2720,False,0,
TX_42_8261_2755,False,0,
TX_42_8262_3558,False,0,
TX_42_8264_7214,False,0,
TX_42_8265_3315,False,0,
TX_42_8267_7659,False,0,
TX_42_8268_4132,False,0,
TX_42_8270_2894,False,0,
TX_42_8271_2949,False,0,
TX_42_8273_2931,False,0,
TX_42_8274_7757,False,0,
TX_42_8275_1876,False,0,
TX_42_8276_5825,False,0,
TX_42_8278_3434,False,0,
TX_42_8280_8380,False,0,
TX_42_8281_2898,False,0,
TX_42_8282_9040,False,0,
TX_42_8284_1059,False,0,
TX_42_8285_4993,False,0,
TX_42_8286_6967,False,0,
TX_42_8287_4082,False,0,
TX_42_8289_7442,False,0,
TX_42_8290_7481,False,0,
TX_42_8291_7815,False,0,
TX_42_8292_7132,False,0,
TX_42_8293_3134,False,0,
TX_42_8294_2447,False,0,
TX_42_8295_4452,False,0,
TX_42_8296_6472,False,0,
TX_42_8297_7601,False,0,
TX_42_8298_2826,False,0,
TX_42_8299_6187,False,0,
TX_42_8300_7252,False,0,
TX_42_8301_9739,False,0,
TX_42_8302_2741,False,0,
TX_42_8304_8880,False,0,
TX_42_8305_2077,False,0,
TX_42_8306_5860,False,0,
TX_42_8307_5560,False,0,
TX_42_8309_5096,False,0,
TX_42_8310_2184,False,0,
TX_42_8311_4511,False,0,
TX_42_8312_5828,False,0,
TX_42_8313_4527,False,0,
TX_42_8315_5791,False,0,
TX_42_8316_6492,False,0,
TX_42_8317_4850,False,0,
TX_42_8318_2713,False,0,
TX_42_8319_1055,False,0,
TX_42_8320_8323,False,0,
TX_42_8321_8875,False,0,
TX_42_8322_1347,False,0,
TX_42_8323_9269,True,81071,PAYMENT_STATE_DIVERGENCE
TX_42_8324_6594,False,0,
TX_42_8325_4024,False,0,
TX_42_8326_3110,False,0,
TX_42_8327_3501,False,0,
TX_42_8328_5580,False,0,
TX_42_8329_1851,False,0,
TX_42_8330_2749,False,0,
TX_42_8331_9563,False,0,
TX_42_8332_5676,False,0,
TX_42_8333_3166,False,0,
TX_42_8335_4717,False,0,
TX_42_8336_1776,False,0,
TX_42_8338_2628,False,0,
TX_42_8339_2715,False,0,
TX_42_8340_4759,False,0,
TX_42_8341_4628,False,0,
TX_42_8342_6656,False,0,
TX_42_8343_9606,False,0,
TX_42_8344_2535,False,0,
TX_42_8345_5094,False,0,
TX_42_8346_9552,False,0,
TX_42_8347_8423,False,0,
TX_42_8348_2721,False,0,
TX_42_8349_1304,True,428459,PAYMENT_STATE_DIVERGENCE
TX_42_8350_5553,False,0,
TX_42_8351_7103,False,0,
TX_42_8352_4090,False,0,
TX_42_8353_1375,True,63361,PAYMENT_STATE_DIVERGENCE
TX_42_8354_8302,False,0,
TX_42_8355_5780,False,0,
TX_42_8357_6240,False,0,
TX_42_8358_7108,False,0,
TX_42_8360_2256,False,0,
TX_42_8361_5958,False,0,
TX_42_8363_3517,False,0,
TX_42_8365_3749,False,0,
TX_42_8366_9984,False,0,
TX_42_8367_9547,False,0,
TX_42_8370_7828,False,0,
TX_42_8371_8290,False,0,
TX_42_8372_7557,False,0,
TX_42_8373_3169,False,0,
TX_42_8374_4239,False,0,
TX_42_8375_9568,False,0,
TX_42_8376_5369,False,0,
TX_42_8378_6723,False,0,
TX_42_8379_9049,False,0,
TX_42_8381_1609,False,0,
TX_42_8384_8505,False,0,
TX_42_8385_5950,False,0,
TX_42_8387_8036,False,0,
TX_42_8388_2343,False,0,
TX_42_8389_2632,False,0,
TX_42_8392_6250,False,0,
TX_42_8393_1798,False,0,
TX_42_8394_6074,False,0,
TX_42_8397_7164,False,0,
TX_42_8398_6947,False,0,
TX_42_8399_8967,False,0,
TX_42_8401_7842,False,0,
TX_42_8403_9676,False,0,
TX_42_8404_7508,False,0,
TX_42_8405_6137,False,0,
TX_42_8406_2625,False,0,
TX_42_8407_4520,False,0,
TX_42_8408_8099,False,0,
TX_42_8409_2145,False,0,
TX_42_8410_9699,False,0,
TX_42_8411_6726,False,0,
TX_42_8412_3409,False,0,
TX_42_8413_8444,False,0,
TX_42_8414_5012,False,0,
TX_42_8415_2189,False,0,
TX_42_8416_7820,False,0,
TX_42_8417_6913,False,0,
TX_42_8418_2529,False,0,
TX_42_8419_4296,False,0,
TX_42_8422_8040,False,0,
TX_42_8423_1863,True,380163,PAYMENT_STATE_DIVERGENCE
TX_42_8424_8440,False,0,
TX_42_8425_8045,False,0,
TX_42_8426_7035,False,0,
TX_42_8427_3762,False,0,
TX_42_8428_6109,False,0,
TX_42_8429_4811,False,0,
TX_42_8430_3492,False,0,
TX_42_8432_8016,False,0,
TX_42_8433_3149,False,0,
TX_42_8434_8476,False,0,
TX_42_8435_9759,False,0,
TX_42_8436_2861,False,0,
TX_42_8437_7646,False,0,
TX_42_8439_7471,False,0,
TX_42_8440_4601,False,0,
TX_42_8442_3590,False,0,
TX_42_8443_3521,False,0,
TX_42_8444_8542,False,0,
TX_42_8445_3683,False,0,
TX_42_8446_1149,False,0,
TX_42_8448_8962,False,0,
TX_42_8449_3530,False,0,
TX_42_8450_5595,False,0,
TX_42_8451_5155,False,0,
TX_42_8454_5436,False,0,
TX_42_8455_8379,False,0,
TX_42_8456_3990,False,0,
TX_42_8457_1849,False,0,
TX_42_8459_3882,False,0,
TX_42_8460_1706,False,0,
TX_42_8461_3350,False,0,
TX_42_8462_9800,False,0,
TX_42_8464_5766,False,0,
TX_42_8465_3622,False,0,
TX_42_8466_6468,False,0,
TX_42_8467_1301,False,0,
TX_42_8468_8399,False,0,
TX_42_8469_6246,False,0,
TX_42_8470_9092,False,0,
TX_42_8471_2556,False,0,
TX_42_8472_1852,True,110393,PAYMENT_STATE_DIVERGENCE
TX_42_8475_7522,False,0,
TX_42_8476_9917,False,0,
TX_42_8478_6489,False,0,
TX_42_8480_3639,False,0,
TX_42_8481_5241,False,0,
TX_42_8482_2041,False,0,
TX_42_8483_6437,False,0,
TX_42_8484_1232,False,0,
TX_42_8485_1436,False,0,
TX_42_8486_1601,False,0,
TX_42_8487_6328,True,268095,PAYMENT_STATE_DIVERGENCE
TX_42_8488_4559,False,0,
TX_42_8489_9139,False,0,
TX_42_8490_3734,False,0,
TX_42_8491_5272,False,0,
TX_42_8492_5930,False,0,
TX_42_8494_3350,False,0,
TX_42_8495_2621,False,0,
TX_42_8496_5578,False,0,
TX_42_8497_2650,False,0,
TX_42_8498_9495,False,0,
TX_42_8499_3888,False,0,
TX_42_8500_5952,False,0,
TX_42_8501_7136,False,0,
TX_42_8503_1543,False,0,
TX_42_8504_7148,False,0,
TX_42_8505_3129,False,0,
TX_42_8506_6491,False,0,
TX_42_8507_1860,False,0,
TX_42_8510_6344,False,0,
TX_42_8511_9459,False,0,
TX_42_8512_3221,False,0,
TX_42_8513_6752,False,0,
TX_42_8514_6863,False,0,
TX_42_8515_8068,True,351434,PAYMENT_STATE_DIVERGENCE
TX_42_8516_7685,False,0,
TX_42_8518_5153,False,0,
TX_42_8519_8792,False,0,
TX_42_8520_6716,False,0,
TX_42_8521_1659,False,0,
TX_42_8524_4876,False,0,
TX_42_8525_1663,False,0,
TX_42_8527_6642,False,0,
TX_42_8528_1601,False,0,
TX_42_8529_5843,False,0,
TX_42_8530_6354,False,0,
TX_42_8533_7826,False,0,
TX_42_8534_5707,False,0,
TX_42_8535_5203,False,0,
TX_42_8536_8984,False,0,
TX_42_8537_9042,False,0,
TX_42_8538_2229,True,105393,PAYMENT_STATE_DIVERGENCE
TX_42_8539_5848,False,0,
TX_42_8540_3651,False,0,
TX_42_8541_3359,False,0,
TX_42_8542_2484,False,0,
TX_42_8543_1673,False,0,
TX_42_8544_5989,False,0,
TX_42_8545_7937,False,0,
TX_42_8546_1933,False,0,
TX_42_8548_1250,False,0,
TX_42_8549_3908,False,0,
TX_42_8550_7801,False,0,
TX_42_8551_5060,False,0,
TX_42_8554_5985,False,0,
TX_42_8555_8719,False,0,
TX_42_8556_6650,False,0,
TX_42_8558_2360,False,0,
TX_42_8559_7869,False,0,
TX_42_8560_1150,False,0,
TX_42_8561_6515,False,0,
TX_42_8562_2704,False,0,
TX_42_8563_5628,False,0,
TX_42_8564_9290,False,0,
TX_42_8565_9223,False,0,
TX_42_8566_1197,False,0,
TX_42_8567_7405,False,0,
TX_42_8568_3037,False,0,
TX_42_8569_6010,False,0,
TX_42_8571_3912,False,0,
TX_42_8573_2211,False,0,
TX_42_8575_8824,False,0,
TX_42_8576_4125,False,0,
TX_42_8577_8820,False,0,
TX_42_8578_6036,False,0,
TX_42_8579_9592,False,0,
TX_42_8581_6108,False,0,
TX_42_8582_4231,False,0,
TX_42_8583_4168,False,0,
TX_42_8584_6714,False,0,
TX_42_8586_4186,False,0,
TX_42_8587_7239,False,0,
TX_42_8588_8700,False,0,
TX_42_8589_9635,False,0,
TX_42_8590_4549,False,0,
TX_42_8591_9762,False,0,
TX_42_8592_9875,False,0,
TX_42_8594_2279,False,0,
TX_42_8595_1341,False,0,
TX_42_8596_2304,False,0,
TX_42_8597_7346,False,0,
TX_42_8598_1574,False,0,
TX_42_8599_7513,False,0,
TX_42_8600_7093,False,0,
TX_42_8601_6249,False,0,
TX_42_8602_5166,False,0,
TX_42_8603_8416,False,0,
TX_42_8605_1371,False,0,
TX_42_8606_3513,False,0,
TX_42_8607_7043,False,0,
TX_42_8608_8218,False,0,
TX_42_8609_7723,False,0,
TX_42_8610_1875,False,0,
TX_42_8612_6297,False,0,
TX_42_8613_1585,False,0,
TX_42_8614_7925,False,0,
TX_42_8615_6310,False,0,
TX_42_8616_5517,False,0,
TX_42_8618_1188,False,0,
TX_42_8619_6340,True,79605,REFUND_ERROR
TX_42_8621_2391,False,0,
TX_42_8622_2108,False,0,
TX_42_8623_1452,False,0,
TX_42_8624_7936,False,0,
TX_42_8625_7877,False,0,
TX_42_8626_7626,False,0,
TX_42_8627_2530,False,0,
TX_42_8628_7711,False,0,
TX_42_8629_9360,False,0,
TX_42_8630_9962,False,0,
TX_42_8632_8204,False,0,
TX_42_8633_4564,False,0,
TX_42_8634_4487,False,0,
TX_42_8635_6567,False,0,
TX_42_8636_3861,False,0,
TX_42_8637_3080,False,0,
TX_42_8638_8960,False,0,
TX_42_8640_2453,False,0,
TX_42_8642_7024,False,0,
TX_42_8643_5231,False,0,
TX_42_8644_6800,False,0,
TX_42_8647_3871,False,0,
TX_42_8648_3877,False,0,
TX_42_8649_7749,False,0,
TX_42_8650_8481,False,0,
TX_42_8651_6238,False,0,
TX_42_8653_6297,False,0,
TX_42_8654_5915,False,0,
TX_42_8655_3838,False,0,
TX_42_8657_6432,False,0,
TX_42_8658_7243,False,0,
TX_42_8659_2212,False,0,
TX_42_8662_5741,False,0,
TX_42_8663_6701,False,0,
TX_42_8664_3658,False,0,
TX_42_8666_3577,False,0,
TX_42_8667_8401,False,0,
TX_42_8668_3319,False,0,
TX_42_8669_1505,False,0,
TX_42_8670_1267,False,0,
TX_42_8671_6683,False,0,
TX_42_8672_9559,False,0,
TX_42_8673_6116,False,0,
TX_42_8674_4720,False,0,
TX_42_8675_8541,False,0,
TX_42_8676_2894,False,0,
TX_42_8677_5463,False,0,
TX_42_8678_4829,False,0,
TX_42_8679_5722,False,0,
TX_42_8680_1089,False,0,
TX_42_8681_5203,False,0,
TX_42_8682_6258,False,0,
TX_42_8684_9907,True,54462,REFUND_ERROR
TX_42_8685_2068,False,0,
TX_42_8686_8945,False,0,
TX_42_8687_7435,False,0,
TX_42_8689_7552,False,0,
TX_42_8691_6013,False,0,
TX_42_8692_4126,False,0,
TX_42_8693_3755,False,0,
TX_42_8694_1217,False,0,
TX_42_8695_1248,False,0,
TX_42_8696_8240,False,0,
TX_42_8697_9244,False,0,
TX_42_8699_4116,False,0,
TX_42_8701_8573,False,0,
TX_42_8702_8961,False,0,
TX_42_8703_8655,False,0,
TX_42_8704_8610,False,0,
TX_42_8705_2782,False,0,
TX_42_8706_2699,False,0,
TX_42_8707_9167,False,0,
TX_42_8709_5839,False,0,
TX_42_8710_5655,False,0,
TX_42_8711_3471,False,0,
TX_42_8713_5476,False,0,
TX_42_8714_6807,False,0,
TX_42_8715_5278,False,0,
TX_42_8716_9420,False,0,
TX_42_8718_3312,False,0,
TX_42_8719_4173,False,0,
TX_42_8720_8116,False,0,
TX_42_8722_4807,False,0,
TX_42_8723_6007,False,0,
TX_42_8724_3356,False,0,
TX_42_8727_5700,False,0,
TX_42_8728_9839,False,0,
TX_42_8729_5340,False,0,
TX_42_8730_9381,False,0,
TX_42_8732_5226,False,0,
TX_42_8733_9663,False,0,
TX_42_8734_3668,False,0,
TX_42_8735_6543,False,0,
TX_42_8736_5786,True,221189,PAYMENT_STATE_DIVERGENCE
TX_42_8737_7621,True,301387,CHARGEBACK
TX_42_8739_4621,False,0,
TX_42_8740_8873,False,0,
TX_42_8741_8737,False,0,
TX_42_8742_7200,False,0,
TX_42_8743_8802,False,0,
TX_42_8744_8450,False,0,
TX_42_8745_4445,False,0,
TX_42_8746_7015,False,0,
TX_42_8747_2909,False,0,
TX_42_8749_8863,False,0,
TX_42_8751_2242,False,0,
TX_42_8752_7562,False,0,
TX_42_8753_3362,False,0,
TX_42_8756_1954,False,0,
TX_42_8757_6329,False,0,
TX_42_8761_3844,False,0,
TX_42_8762_4599,False,0,
TX_42_8763_6380,False,0,
TX_42_8764_1584,False,0,
TX_42_8765_7868,False,0,
TX_42_8766_4522,False,0,
TX_42_8767_4932,False,0,
TX_42_8768_7888,False,0,
TX_42_8770_3198,False,0,
TX_42_8771_7623,False,0,
TX_42_8772_4679,False,0,
TX_42_8774_4687,False,0,
TX_42_8776_1354,False,0,
TX_42_8778_6000,False,0,
TX_42_8780_5837,False,0,
TX_42_8781_2091,False,0,
TX_42_8782_8585,False,0,
TX_42_8783_4188,False,0,
TX_42_8784_7564,False,0,
TX_42_8785_8438,False,0,
TX_42_8786_3479,False,0,
TX_42_8787_1641,False,0,
TX_42_8788_8783,False,0,
TX_42_8789_4454,False,0,
TX_42_8793_3562,False,0,
TX_42_8794_5575,False,0,
TX_42_8795_9091,False,0,
TX_42_8796_6347,False,0,
TX_42_8797_2422,False,0,
TX_42_8798_1640,False,0,
TX_42_8799_2379,False,0,
TX_42_8800_1470,False,0,
TX_42_8802_5326,False,0,
TX_42_8803_1049,False,0,
TX_42_8804_2453,False,0,
TX_42_8805_1965,False,0,
TX_42_8806_5257,False,0,
TX_42_8807_2836,False,0,
TX_42_8808_8759,False,0,
TX_42_8809_2438,False,0,
TX_42_8810_5771,False,0,
TX_42_8811_4949,False,0,
TX_42_8812_9960,False,0,
TX_42_8813_5629,False,0,
TX_42_8814_5458,False,0,
TX_42_8815_4894,False,0,
TX_42_8816_5820,False,0,
TX_42_8817_7885,False,0,
TX_42_8818_8540,False,0,
TX_42_8819_7598,False,0,
TX_42_8820_9395,False,0,
TX_42_8821_6864,False,0,
TX_42_8822_5543,False,0,
TX_42_8823_2337,False,0,
TX_42_8824_9661,False,0,
TX_42_8826_3463,False,0,
TX_42_8827_2558,False,0,
TX_42_8828_3613,False,0,
TX_42_8829_2879,False,0,
TX_42_8830_6080,False,0,
TX_42_8832_1102,False,0,
TX_42_8835_8907,False,0,
TX_42_8836_3477,False,0,
TX_42_8837_2314,False,0,
TX_42_8838_1270,False,0,
TX_42_8839_6075,False,0,
TX_42_8840_4177,False,0,
TX_42_8842_1029,False,0,
TX_42_8843_3100,False,0,
TX_42_8844_3808,False,0,
TX_42_8845_7185,False,0,
TX_42_8847_5905,False,0,
TX_42_8848_3710,False,0,
TX_42_8849_2293,False,0,
TX_42_8850_4159,False,0,
TX_42_8851_7756,False,0,
TX_42_8852_3281,False,0,
TX_42_8853_3211,False,0,
TX_42_8854_9869,False,0,
TX_42_8855_6389,False,0,
TX_42_8857_9631,False,0,
TX_42_8858_5542,False,0,
TX_42_8859_2244,False,0,
TX_42_8860_5860,False,0,
TX_42_8861_9937,False,0,
TX_42_8862_6298,False,0,
TX_42_8863_7409,False,0,
TX_42_8864_4480,False,0,
TX_42_8867_8621,False,0,
TX_42_8868_1276,False,0,
TX_42_8871_8715,False,0,
TX_42_8872_1997,False,0,
TX_42_8873_8469,False,0,
TX_42_8875_7955,False,0,
TX_42_8876_2253,False,0,
TX_42_8877_2836,False,0,
TX_42_8878_4570,False,0,
TX_42_8879_6094,False,0,
TX_42_8880_2777,False,0,
TX_42_8881_7259,False,0,
TX_42_8882_7864,False,0,
TX_42_8884_6918,False,0,
TX_42_8885_5821,True,228885,CHARGEBACK
TX_42_8886_7657,False,0,
TX_42_8887_3189,False,0,
TX_42_8888_5736,False,0,
TX_42_8889_8650,False,0,
TX_42_8890_6635,False,0,
TX_42_8891_4275,False,0,
TX_42_8895_8254,False,0,
TX_42_8896_1626,False,0,
TX_42_8897_4162,False,0,
TX_42_8898_3905,False,0,
TX_42_8899_2154,False,0,
TX_42_8900_2846,False,0,
TX_42_8901_5110,False,0,
TX_42_8902_9683,False,0,
TX_42_8903_4902,False,0,
TX_42_8904_9180,False,0,
TX_42_8905_6065,False,0,
TX_42_8908_5635,False,0,
TX_42_8910_1798,False,0,
TX_42_8912_3919,False,0,
TX_42_8913_5793,False,0,
TX_42_8914_7439,False,0,
TX_42_8916_3310,False,0,
TX_42_8917_2595,False,0,
TX_42_8918_7738,False,0,
TX_42_8919_9633,False,0,
TX_42_8921_6957,False,0,
TX_42_8922_4864,False,0,
TX_42_8923_9617,False,0,
TX_42_8924_9490,False,0,
TX_42_8926_9996,False,0,
TX_42_8927_2278,False,0,
TX_42_8928_7798,False,0,
TX_42_8930_6680,False,0,
TX_42_8931_7972,False,0,
TX_42_8932_4825,False,0,
TX_42_8933_8704,False,0,
TX_42_8935_7431,False,0,
TX_42_8936_7414,False,0,
TX_42_8937_3727,False,0,
TX_42_8938_9289,False,0,
TX_42_8939_2355,False,0,
TX_42_8940_6326,False,0,
TX_42_8943_4969,False,0,
TX_42_8944_7966,False,0,
TX_42_8945_4900,False,0,
TX_42_8946_5194,False,0,
TX_42_8947_7266,False,0,
TX_42_8948_7975,False,0,
TX_42_8949_2666,False,0,
TX_42_8950_4550,False,0,
TX_42_8951_9545,False,0,
TX_42_8952_9597,False,0,
TX_42_8953_6067,True,534990,CHARGEBACK
TX_42_8954_7395,False,0,
TX_42_8955_4244,False,0,
TX_42_8956_9526,False,0,
TX_42_8957_4231,False,0,
TX_42_8958_6400,False,0,
TX_42_8959_6620,False,0,
TX_42_8960_2831,False,0,
TX_42_8961_5737,False,0,
TX_42_8962_4332,False,0,
TX_42_8963_6220,False,0,
TX_42_8964_4746,False,0,
TX_42_8966_3584,False,0,
TX_42_8967_4857,False,0,
TX_42_8968_1698,False,0,
TX_42_8969_9963,False,0,
TX_42_8970_4899,False,0,
TX_42_8971_2145,False,0,
TX_42_8973_9759,True,73679,PAYMENT_STATE_DIVERGENCE
TX_42_8974_7200,False,0,
TX_42_8975_8238,False,0,
TX_42_8977_5455,False,0,
TX_42_8979_7836,False,0,
TX_42_8980_4395,False,0,
TX_42_8981_4047,False,0,
TX_42_8983_5216,False,0,
TX_42_8984_6479,False,0,
TX_42_8985_2461,False,0,
TX_42_8986_5681,False,0,
TX_42_8987_2100,False,0,
TX_42_8988_9929,False,0,
TX_42_8989_2547,False,0,
TX_42_8990_4773,False,0,
TX_42_8991_1066,False,0,
TX_42_8993_9254,False,0,
TX_42_8994_8784,False,0,
TX_42_8995_7858,False,0,
TX_42_8996_2260,False,0,
TX_42_8997_3817,False,0,
TX_42_8998_4763,False,0,
TX_42_8999_5481,False,0,
TX_42_9001_5107,False,0,
TX_42_9002_4113,False,0,
TX_42_9004_6727,False,0,
TX_42_9005_6560,False,0,
TX_42_9006_2122,False,0,
TX_42_9007_3930,False,0,
TX_42_9008_8971,False,0,
TX_42_9009_2566,False,0,
TX_42_9010_1068,False,0,
TX_42_9011_7252,False,0,
TX_42_9012_1315,False,0,
TX_42_9013_4438,False,0,
TX_42_9014_9780,False,0,
TX_42_9015_3410,False,0,
TX_42_9016_2896,False,0,
TX_42_9017_3891,False,0,
TX_42_9018_5207,False,0,
TX_42_9019_2599,False,0,
TX_42_9020_5362,False,0,
TX_42_9023_3711,False,0,
TX_42_9025_7448,False,0,
TX_42_9026_7801,False,0,
TX_42_9027_9151,False,0,
TX_42_9028_8591,False,0,
TX_42_9029_1500,False,0,
TX_42_9030_8943,False,0,
TX_42_9031_2358,False,0,
TX_42_9032_2222,False,0,
TX_42_9033_8493,False,0,
TX_42_9034_7671,False,0,
TX_42_9038_3010,False,0,
TX_42_9039_2639,False,0,
TX_42_9041_6733,False,0,
TX_42_9042_2733,False,0,
TX_42_9043_3688,False,0,
TX_42_9045_1545,False,0,
TX_42_9046_7942,False,0,
TX_42_9047_5663,False,0,
TX_42_9048_3357,False,0,
TX_42_9049_5813,False,0,
TX_42_9050_9851,True,472931,CHARGEBACK
TX_42_9051_1467,False,0,
TX_42_9053_6882,False,0,
TX_42_9054_9676,True,394712,PAYMENT_STATE_DIVERGENCE
TX_42_9056_6722,False,0,
TX_42_9057_2269,False,0,
TX_42_9058_4052,False,0,
TX_42_9059_9296,False,0,
TX_42_9061_2822,False,0,
TX_42_9062_4521,False,0,
TX_42_9064_1576,False,0,
TX_42_9065_1716,False,0,
TX_42_9066_1593,False,0,
TX_42_9067_6766,False,0,
TX_42_9068_1420,False,0,
TX_42_9069_2178,False,0,
TX_42_9071_8712,False,0,
TX_42_9072_9708,False,0,
TX_42_9074_2936,False,0,
TX_42_9075_2660,False,0,
TX_42_9076_6099,False,0,
TX_42_9077_5116,False,0,
TX_42_9079_3286,False,0,
TX_42_9080_9481,True,109838,PAYMENT_STATE_DIVERGENCE
TX_42_9082_1658,False,0,
TX_42_9084_6608,False,0,
TX_42_9085_9204,False,0,
TX_42_9086_1447,False,0,
TX_42_9087_3542,False,0,
TX_42_9089_7132,False,0,
TX_42_9090_4300,True,188631,PAYMENT_STATE_DIVERGENCE
TX_42_9092_2434,False,0,
TX_42_9093_7701,False,0,
TX_42_9094_4282,False,0,
TX_42_9095_8157,False,0,
TX_42_9096_1752,True,170338,PAYMENT_STATE_DIVERGENCE
TX_42_9097_6570,True,332123,CHARGEBACK
TX_42_9098_7707,False,0,
TX_42_9099_1742,False,0,
TX_42_9100_3450,False,0,
TX_42_9101_1259,False,0,
TX_42_9103_4465,False,0,
TX_42_9105_2192,False,0,
TX_42_9106_6640,False,0,
TX_42_9107_9738,False,0,
TX_42_9108_1662,False,0,
TX_42_9109_3279,False,0,
TX_42_9110_5846,False,0,
TX_42_9111_1299,False,0,
TX_42_9112_6336,False,0,
TX_42_9113_8355,False,0,
TX_42_9114_6794,False,0,
TX_42_9115_1511,False,0,
TX_42_9116_5616,False,0,
TX_42_9117_6253,False,0,
TX_42_9118_5926,False,0,
TX_42_9120_7089,False,0,
TX_42_9121_7920,True,266707,PAYMENT_STATE_DIVERGENCE
TX_42_9123_2269,False,0,
TX_42_9125_4587,False,0,
TX_42_9127_2247,False,0,
TX_42_9129_2750,False,0,
TX_42_9130_8780,False,0,
TX_42_9131_7581,False,0,
TX_42_9132_1480,False,0,
TX_42_9133_4916,False,0,
TX_42_9134_4816,False,0,
TX_42_9135_3491,False,0,
TX_42_9136_8929,False,0,
TX_42_9137_6336,False,0,
TX_42_9138_9359,False,0,
TX_42_9141_6103,False,0,
TX_42_9142_2855,False,0,
TX_42_9143_9327,False,0,
TX_42_9144_6615,False,0,
TX_42_9145_7971,False,0,
TX_42_9146_6322,False,0,
TX_42_9147_7143,False,0,
TX_42_9148_2667,False,0,
TX_42_9149_8232,False,0,
TX_42_9150_4932,False,0,
TX_42_9151_5414,False,0,
TX_42_9152_8273,False,0,
TX_42_9154_2646,False,0,
TX_42_9157_9163,False,0,
TX_42_9158_3031,False,0,
TX_42_9159_4277,False,0,
TX_42_9162_6442,False,0,
TX_42_9163_3754,False,0,
TX_42_9164_8473,False,0,
TX_42_9165_6250,False,0,
TX_42_9166_6112,False,0,
TX_42_9168_6983,False,0,
TX_42_9169_5344,False,0,
TX_42_9170_1807,False,0,
TX_42_9171_5674,False,0,
TX_42_9172_3840,False,0,
TX_42_9173_7877,False,0,
TX_42_9174_1164,False,0,
TX_42_9175_3486,False,0,
TX_42_9176_2970,False,0,
TX_42_9178_8703,False,0,
TX_42_9179_5820,False,0,
TX_42_9180_9552,False,0,
TX_42_9181_9421,False,0,
TX_42_9182_1438,False,0,
TX_42_9185_8303,False,0,
TX_42_9186_9974,False,0,
TX_42_9187_5674,False,0,
TX_42_9188_6032,False,0,
TX_42_9189_5626,False,0,
TX_42_9190_2416,False,0,
TX_42_9191_8161,False,0,
TX_42_9192_9463,False,0,
TX_42_9193_9520,False,0,
TX_42_9194_5239,False,0,
TX_42_9195_4046,False,0,
TX_42_9196_9857,False,0,
TX_42_9197_1298,False,0,
TX_42_9198_9987,False,0,
TX_42_9199_6322,False,0,
TX_42_9200_1617,False,0,
TX_42_9202_7196,False,0,
TX_42_9203_3960,False,0,
TX_42_9204_2213,False,0,
TX_42_9205_9905,False,0,
TX_42_9207_3116,False,0,
TX_42_9208_8529,False,0,
TX_42_9209_1676,False,0,
TX_42_9211_7156,False,0,
TX_42_9212_5857,False,0,
TX_42_9213_7872,False,0,
TX_42_9214_8005,True,181592,PAYMENT_STATE_DIVERGENCE
TX_42_9215_5448,False,0,
TX_42_9216_5937,False,0,
TX_42_9217_2409,False,0,
TX_42_9218_6486,False,0,
TX_42_9219_7935,False,0,
TX_42_9222_5262,False,0,
TX_42_9223_3742,False,0,
TX_42_9224_2508,False,0,
TX_42_9225_6231,False,0,
TX_42_9227_9295,False,0,
TX_42_9228_8208,False,0,
TX_42_9229_7961,False,0,
TX_42_9230_5042,False,0,
TX_42_9231_8818,False,0,
TX_42_9232_6707,False,0,
TX_42_9233_4245,True,517614,PAYMENT_STATE_DIVERGENCE
TX_42_9234_5620,False,0,
TX_42_9235_3724,False,0,
TX_42_9236_8468,False,0,
TX_42_9237_4217,False,0,
TX_42_9238_1532,False,0,
TX_42_9240_3178,False,0,
TX_42_9241_4193,False,0,
TX_42_9242_8844,False,0,
TX_42_9243_3675,False,0,
TX_42_9244_7744,False,0,
TX_42_9245_8039,False,0,
TX_42_9247_6498,False,0,
TX_42_9248_5149,False,0,
TX_42_9250_6717,False,0,
TX_42_9253_7105,False,0,
TX_42_9254_8693,False,0,
TX_42_9255_4034,False,0,
TX_42_9256_3253,False,0,
TX_42_9257_9340,False,0,
TX_42_9258_5937,False,0,
TX_42_9259_6287,False,0,
TX_42_9260_6702,False,0,
TX_42_9261_1804,False,0,
TX_42_9262_1534,True,382111,CHARGEBACK
TX_42_9263_6739,False,0,
TX_42_9264_1893,False,0,
TX_42_9266_8402,False,0,
TX_42_9267_1248,False,0,
TX_42_9268_3559,False,0,
TX_42_9269_5611,False,0,
TX_42_9270_4703,False,0,
TX_42_9271_9700,False,0,
TX_42_9272_3864,False,0,
TX_42_9273_2087,False,0,
TX_42_9276_1689,False,0,
TX_42_9277_3112,False,0,
TX_42_9279_9619,False,0,
TX_42_9280_5190,False,0,
TX_42_9281_9617,True,190802,PAYMENT_STATE_DIVERGENCE
TX_42_9282_7145,False,0,
TX_42_9283_3117,False,0,
TX_42_9284_5187,False,0,
TX_42_9285_5334,False,0,
TX_42_9286_1256,False,0,
TX_42_9287_5624,False,0,
TX_42_9289_3438,True,106103,PAYMENT_STATE_DIVERGENCE
TX_42_9290_5266,False,0,
TX_42_9291_4767,False,0,
TX_42_9292_9837,False,0,
TX_42_9293_1437,False,0,
TX_42_9294_1235,False,0,
TX_42_9295_2293,False,0,
TX_42_9298_5666,False,0,
TX_42_9299_2220,False,0,
TX_42_9300_9758,False,0,
TX_42_9302_8598,False,0,
TX_42_9303_2660,True,258656,CHARGEBACK
TX_42_9305_6364,False,0,
TX_42_9306_3606,False,0,
TX_42_9307_3891,False,0,
TX_42_9308_9691,False,0,
TX_42_9309_6953,False,0,
TX_42_9310_5024,False,0,
TX_42_9311_2794,False,0,
TX_42_9312_7659,False,0,
TX_42_9313_8863,False,0,
TX_42_9314_4202,False,0,
TX_42_9315_6512,False,0,
TX_42_9316_5713,False,0,
TX_42_9317_7543,False,0,
TX_42_9318_1548,False,0,
TX_42_9319_5891,False,0,
TX_42_9320_7910,False,0,
TX_42_9322_5437,False,0,
TX_42_9324_7687,False,0,
TX_42_9325_1340,False,0,
TX_42_9327_1729,False,0,
TX_42_9330_9644,False,0,
TX_42_9331_3346,False,0,
TX_42_9332_4835,False,0,
TX_42_9334_8790,False,0,
TX_42_9335_8486,False,0,
TX_42_9336_1189,False,0,
TX_42_9337_8768,False,0,
TX_42_9338_1922,False,0,
TX_42_9339_4985,False,0,
TX_42_9340_8840,False,0,
TX_42_9341_9909,False,0,
TX_42_9342_8297,False,0,
TX_42_9344_1948,False,0,
TX_42_9345_1132,False,0,
TX_42_9348_4032,False,0,
TX_42_9349_2079,False,0,
TX_42_9350_1557,False,0,
TX_42_9352_8186,False,0,
TX_42_9353_2010,False,0,
TX_42_9354_5213,False,0,
TX_42_9355_7592,False,0,
TX_42_9356_5056,False,0,
TX_42_9357_4671,False,0,
TX_42_9358_8428,False,0,
TX_42_9359_7764,False,0,
TX_42_9360_9584,False,0,
TX_42_9361_8888,False,0,
TX_42_9363_2728,False,0,
TX_42_9364_1236,False,0,
TX_42_9365_6300,False,0,
TX_42_9366_5845,False,0,
TX_42_9368_8242,False,0,
TX_42_9369_2829,False,0,
TX_42_9370_6955,False,0,
TX_42_9371_3751,False,0,
TX_42_9372_1542,False,0,
TX_42_9373_6491,False,0,
TX_42_9374_5155,False,0,
TX_42_9375_3587,False,0,
TX_42_9377_6978,False,0,
TX_42_9378_4164,False,0,
TX_42_9379_2061,False,0,
TX_42_9380_4097,False,0,
TX_42_9381_6194,False,0,
TX_42_9382_8188,True,351963,CHARGEBACK
TX_42_9383_2397,False,0,
TX_42_9385_3591,True,183191,REFUND_ERROR
TX_42_9386_9186,False,0,
TX_42_9387_9571,False,0,
TX_42_9388_2046,False,0,
TX_42_9389_3114,False,0,
TX_42_9392_6010,False,0,
TX_42_9393_1459,True,293559,REFUND_ERROR
TX_42_9394_6586,False,0,
TX_42_9395_7710,False,0,
TX_42_9396_5072,False,0,
TX_42_9397_1082,False,0,
TX_42_9398_6279,False,0,
TX_42_9399_7004,False,0,
TX_42_9404_3112,False,0,
TX_42_9405_3085,False,0,
TX_42_9406_3521,False,0,
TX_42_9407_1122,False,0,
TX_42_9408_8145,False,0,
TX_42_9409_6454,False,0,
TX_42_9410_4981,False,0,
TX_42_9411_6548,False,0,
TX_42_9412_5215,False,0,
TX_42_9414_1588,False,0,
TX_42_9415_7258,False,0,
TX_42_9417_5308,False,0,
TX_42_9418_7228,False,0,
TX_42_9419_3270,False,0,
TX_42_9420_5599,False,0,
TX_42_9421_4292,False,0,
TX_42_9423_8059,False,0,
TX_42_9425_7510,False,0,
TX_42_9426_9356,False,0,
TX_42_9428_6079,False,0,
TX_42_9431_5025,False,0,
TX_42_9432_2978,False,0,
TX_42_9433_1645,False,0,
TX_42_9434_6835,False,0,
TX_42_9435_9320,False,0,
TX_42_9436_7413,False,0,
TX_42_9437_5316,False,0,
TX_42_9438_4135,False,0,
TX_42_9439_6772,False,0,
TX_42_9440_5375,False,0,
TX_42_9441_5074,False,0,
TX_42_9442_7608,False,0,
TX_42_9443_5629,False,0,
TX_42_9444_4404,True,214345,CHARGEBACK
TX_42_9445_7202,False,0,
TX_42_9446_3508,False,0,
TX_42_9447_1736,False,0,
TX_42_9448_2374,False,0,
TX_42_9449_6021,False,0,
TX_42_9450_4443,False,0,
TX_42_9452_8057,False,0,
TX_42_9453_9855,False,0,
TX_42_9454_5935,False,0,
TX_42_9455_9217,False,0,
TX_42_9456_1952,False,0,
TX_42_9459_4416,False,0,
TX_42_9460_3481,False,0,
TX_42_9462_1618,False,0,
TX_42_9463_6341,False,0,
TX_42_9464_2317,False,0,
TX_42_9465_9576,False,0,
TX_42_9466_1938,False,0,
TX_42_9467_3049,False,0,
TX_42_9468_6155,False,0,
TX_42_9469_7747,False,0,
TX_42_9470_4812,False,0,
TX_42_9471_2550,False,0,
TX_42_9472_8002,False,0,
TX_42_9473_6525,False,0,
TX_42_9474_2847,False,0,
TX_42_9475_5272,False,0,
TX_42_9476_1802,False,0,
TX_42_9477_9168,False,0,
TX_42_9478_1346,False,0,
TX_42_9479_5139,True,203281,CHARGEBACK
TX_42_9480_4894,False,0,
TX_42_9481_3490,False,0,
TX_42_9482_9814,False,0,
TX_42_9483_4016,False,0,
TX_42_9484_1729,False,0,
TX_42_9485_3156,False,0,
TX_42_9486_3877,False,0,
TX_42_9487_2544,False,0,
TX_42_9488_1570,False,0,
TX_42_9489_3966,False,0,
TX_42_9490_3817,False,0,
TX_42_9491_1576,False,0,
TX_42_9492_4918,False,0,
TX_42_9493_3080,False,0,
TX_42_9494_8411,False,0,
TX_42_9495_6737,False,0,
TX_42_9496_4599,False,0,
TX_42_9497_7849,False,0,
TX_42_9498_7943,False,0,
TX_42_9499_7525,False,0,
TX_42_9500_3479,False,0,
TX_42_9501_2917,False,0,
TX_42_9502_2912,False,0,
TX_42_9504_1712,False,0,
TX_42_9505_7502,False,0,
TX_42_9507_6870,False,0,
TX_42_9508_5272,False,0,
TX_42_9509_6523,False,0,
TX_42_9511_7397,False,0,
TX_42_9512_1294,False,0,
TX_42_9515_7992,False,0,
TX_42_9516_9855,False,0,
TX_42_9517_2976,False,0,
TX_42_9520_2073,False,0,
TX_42_9521_3311,False,0,
TX_42_9523_8942,False,0,
TX_42_9524_6293,False,0,
TX_42_9525_9593,False,0,
TX_42_9526_9437,False,0,
TX_42_9527_9830,False,0,
TX_42_9528_7713,False,0,
TX_42_9529_5962,False,0,
TX_42_9532_2291,False,0,
TX_42_9533_9765,False,0,
TX_42_9534_6741,False,0,
TX_42_9535_2284,True,517262,PAYMENT_STATE_DIVERGENCE
TX_42_9536_4210,False,0,
TX_42_9537_9867,False,0,
TX_42_9538_8857,False,0,
TX_42_9539_6502,False,0,
TX_42_9540_6687,False,0,
TX_42_9542_9026,False,0,
TX_42_9543_1420,False,0,
TX_42_9545_3226,False,0,
TX_42_9546_8840,False,0,
TX_42_9547_1418,False,0,
TX_42_9548_7342,False,0,
TX_42_9549_2299,False,0,
TX_42_9550_2993,False,0,
TX_42_9551_9757,False,0,
TX_42_9552_4299,False,0,
TX_42_9553_4197,False,0,
TX_42_9554_1252,False,0,
TX_42_9555_4795,False,0,
TX_42_9556_3984,False,0,
TX_42_9557_9230,False,0,
TX_42_9558_7360,False,0,
TX_42_9559_9706,False,0,
TX_42_9560_5188,False,0,
TX_42_9561_9335,False,0,
TX_42_9562_5804,False,0,
TX_42_9563_7540,False,0,
TX_42_9565_1991,False,0,
TX_42_9566_1804,False,0,
TX_42_9567_5750,False,0,
TX_42_9569_7610,False,0,
TX_42_9570_8806,False,0,
TX_42_9571_4497,False,0,
TX_42_9572_1748,False,0,
TX_42_9573_7872,False,0,
TX_42_9574_4869,False,0,
TX_42_9575_2754,False,0,
TX_42_9576_8379,False,0,
TX_42_9577_4341,False,0,
TX_42_9578_9853,False,0,
TX_42_9579_5098,False,0,
TX_42_9580_7796,False,0,
TX_42_9582_6442,False,0,
TX_42_9583_9364,False,0,
TX_42_9585_8034,False,0,
TX_42_9586_9015,False,0,
TX_42_9587_7239,False,0,
TX_42_9588_9436,False,0,
TX_42_9589_9021,False,0,
TX_42_9591_1082,False,0,
TX_42_9593_4870,False,0,
TX_42_9594_3774,False,0,
TX_42_9595_7397,False,0,
TX_42_9596_1199,False,0,
TX_42_9597_2283,False,0,
TX_42_9598_2439,False,0,
TX_42_9601_4687,False,0,
TX_42_9602_4877,False,0,
TX_42_9603_7943,False,0,
TX_42_9604_2053,False,0,
TX_42_9605_1706,False,0,
TX_42_9606_6085,False,0,
TX_42_9607_9871,False,0,
TX_42_9608_7570,False,0,
TX_42_9609_9116,False,0,
TX_42_9610_1832,False,0,
TX_42_9611_8489,False,0,
TX_42_9612_1059,False,0,
TX_42_9613_6206,False,0,
TX_42_9614_6365,False,0,
TX_42_9615_9728,False,0,
TX_42_9616_5691,False,0,
TX_42_9617_5050,False,0,
TX_42_9621_3286,False,0,
TX_42_9622_4318,False,0,
TX_42_9624_3385,False,0,
TX_42_9625_6797,False,0,
TX_42_9626_9463,False,0,
TX_42_9628_9932,False,0,
TX_42_9629_4605,False,0,
TX_42_9630_2083,False,0,
TX_42_9631_3054,False,0,
TX_42_9632_8222,False,0,
TX_42_9633_3503,True,471751,PAYMENT_STATE_DIVERGENCE
TX_42_9634_6588,False,0,
TX_42_9635_8693,False,0,
TX_42_9636_2285,False,0,
TX_42_9637_8222,False,0,
TX_42_9638_5100,False,0,
TX_42_9639_9900,False,0,
TX_42_9640_2425,False,0,
TX_42_9641_1014,False,0,
TX_42_9642_2730,False,0,
TX_42_9643_2153,False,0,
TX_42_9644_3773,False,0,
TX_42_9645_7633,False,0,
TX_42_9646_1834,False,0,
TX_42_9647_4487,False,0,
TX_42_9649_9622,False,0,
TX_42_9650_8786,False,0,
TX_42_9651_3348,False,0,
TX_42_9652_4831,False,0,
TX_42_9653_6101,False,0,
TX_42_9654_9194,False,0,
TX_42_9655_9243,False,0,
TX_42_9656_2668,False,0,
TX_42_9657_8143,False,0,
TX_42_9658_7773,False,0,
TX_42_9659_7721,False,0,
TX_42_9660_1209,False,0,
TX_42_9661_4809,False,0,
TX_42_9662_4610,False,0,
TX_42_9664_4214,False,0,
TX_42_9665_3618,False,0,
TX_42_9666_9902,False,0,
TX_42_9667_2973,False,0,
TX_42_9668_4425,True,260675,PAYMENT_STATE_DIVERGENCE
TX_42_9669_1936,False,0,
TX_42_9673_8996,False,0,
TX_42_9674_4875,False,0,
TX_42_9675_8191,False,0,
TX_42_9676_7879,False,0,
TX_42_9677_2436,False,0,
TX_42_9678_5282,False,0,
TX_42_9679_8612,False,0,
TX_42_9681_2603,False,0,
TX_42_9682_7065,False,0,
TX_42_9683_9899,True,657910,CHARGEBACK
TX_42_9686_9973,False,0,
TX_42_9687_8254,True,64566,REFUND_ERROR
TX_42_9688_9521,False,0,
TX_42_9689_4883,False,0,
TX_42_9691_4794,False,0,
TX_42_9692_8624,False,0,
TX_42_9693_5213,False,0,
TX_42_9694_8219,False,0,
TX_42_9695_7436,False,0,
TX_42_9696_7223,False,0,
TX_42_9697_2874,False,0,
TX_42_9699_6225,False,0,
TX_42_9700_8393,False,0,
TX_42_9701_2937,False,0,
TX_42_9703_2218,False,0,
TX_42_9704_8893,False,0,
TX_42_9705_1475,False,0,
TX_42_9706_5863,False,0,
TX_42_9708_1503,False,0,
TX_42_9709_9940,False,0,
TX_42_9710_5188,False,0,
TX_42_9712_9811,False,0,
TX_42_9713_5475,True,190649,PAYMENT_STATE_DIVERGENCE
TX_42_9714_5585,False,0,
TX_42_9715_7743,False,0,
TX_42_9716_3882,False,0,
TX_42_9717_2090,False,0,
TX_42_9718_2109,False,0,
TX_42_9719_4343,False,0,
TX_42_9720_4257,False,0,
TX_42_9721_7865,False,0,
TX_42_9722_2066,False,0,
TX_42_9723_2504,False,0,
TX_42_9724_2617,False,0,
TX_42_9725_7449,False,0,
TX_42_9726_8286,False,0,
TX_42_9727_9243,False,0,
TX_42_9728_7659,False,0,
TX_42_9729_8988,False,0,
TX_42_9731_5098,False,0,
TX_42_9732_7020,False,0,
TX_42_9733_9657,False,0,
TX_42_9734_9008,False,0,
TX_42_9735_8655,False,0,
TX_42_9736_9758,False,0,
TX_42_9738_4344,False,0,
TX_42_9740_3865,False,0,
TX_42_9741_6325,False,0,
TX_42_9742_2210,False,0,
TX_42_9743_4014,False,0,
TX_42_9745_4543,True,320406,PAYMENT_STATE_DIVERGENCE
TX_42_9746_5124,False,0,
TX_42_9748_8273,False,0,
TX_42_9749_7303,False,0,
TX_42_9750_2995,False,0,
TX_42_9751_8365,False,0,
TX_42_9752_2996,False,0,
TX_42_9753_1636,False,0,
TX_42_9754_2057,False,0,
TX_42_9755_9057,False,0,
TX_42_9756_9253,False,0,
TX_42_9757_7558,False,0,
TX_42_9758_2998,False,0,
TX_42_9759_6591,False,0,
TX_42_9760_8964,False,0,
TX_42_9761_1775,False,0,
TX_42_9762_4300,True,397068,CHARGEBACK
TX_42_9763_7329,False,0,
TX_42_9764_7184,False,0,
TX_42_9765_1361,False,0,
TX_42_9767_4197,False,0,
TX_42_9768_4818,False,0,
TX_42_9769_6001,False,0,
TX_42_9770_8692,False,0,
TX_42_9771_3532,False,0,
TX_42_9773_1332,True,262979,PAYMENT_STATE_DIVERGENCE
TX_42_9774_4524,False,0,
TX_42_9775_7012,False,0,
TX_42_9777_8554,False,0,
TX_42_9779_9115,False,0,
TX_42_9780_9326,False,0,
TX_42_9781_3603,False,0,
TX_42_9782_3140,False,0,
TX_42_9783_6097,False,0,
TX_42_9784_9824,False,0,
TX_42_9785_4472,False,0,
TX_42_9786_9822,False,0,
TX_42_9787_1992,False,0,
TX_42_9789_9779,False,0,
TX_42_9790_7715,False,0,
TX_42_9791_5950,False,0,
TX_42_9792_3733,False,0,
TX_42_9794_5798,False,0,
TX_42_9795_6105,False,0,
TX_42_9796_9829,False,0,
TX_42_9797_3994,False,0,
TX_42_9798_7031,False,0,
TX_42_9799_8994,False,0,
TX_42_9800_7147,False,0,
TX_42_9801_8507,False,0,
TX_42_9802_4755,False,0,
TX_42_9803_1150,False,0,
TX_42_9804_4336,False,0,
TX_42_9805_3254,False,0,
TX_42_9806_3059,False,0,
TX_42_9807_8957,False,0,
TX_42_9808_6493,False,0,
TX_42_9809_8704,False,0,
TX_42_9810_1901,False,0,
TX_42_9812_5195,False,0,
TX_42_9813_5147,False,0,
TX_42_9814_6868,False,0,
TX_42_9815_2802,False,0,
TX_42_9816_5281,True,123859,PAYMENT_STATE_DIVERGENCE
TX_42_9817_6319,False,0,
TX_42_9818_4125,False,0,
TX_42_9819_7075,False,0,
TX_42_9820_5240,False,0,
TX_42_9821_5835,False,0,
TX_42_9822_2270,False,0,
TX_42_9823_8089,False,0,
TX_42_9824_8310,False,0,
TX_42_9825_5869,False,0,
TX_42_9826_7100,False,0,
TX_42_9827_2475,False,0,
TX_42_9828_3841,False,0,
TX_42_9829_9887,False,0,
TX_42_9830_8994,False,0,
TX_42_9831_6043,False,0,
TX_42_9832_3934,False,0,
TX_42_9833_7931,False,0,
TX_42_9834_2164,False,0,
TX_42_9835_8115,False,0,
TX_42_9836_9257,False,0,
TX_42_9837_5574,False,0,
TX_42_9838_9354,False,0,
TX_42_9839_2401,False,0,
TX_42_9840_8735,False,0,
TX_42_9841_2497,False,0,
TX_42_9842_5023,False,0,
TX_42_9844_9278,False,0,
TX_42_9845_2901,False,0,
TX_42_9849_5268,False,0,
TX_42_9850_9026,False,0,
TX_42_9851_7604,False,0,
TX_42_9853_9266,False,0,
TX_42_9854_8823,False,0,
TX_42_9855_6597,False,0,
TX_42_9856_5596,False,0,
TX_42_9857_2317,False,0,
TX_42_9859_2979,False,0,
TX_42_9860_6087,False,0,
TX_42_9861_5228,False,0,
TX_42_9862_9089,False,0,
TX_42_9864_9886,False,0,
TX_42_9865_7067,False,0,
TX_42_9866_3063,False,0,
TX_42_9867_7904,False,0,
TX_42_9868_4624,False,0,
TX_42_9869_9461,False,0,
TX_42_9870_7590,False,0,
TX_42_9871_8687,False,0,
TX_42_9872_7923,False,0,
TX_42_9873_3439,False,0,
TX_42_9874_3318,False,0,
TX_42_9876_1584,False,0,
TX_42_9878_9260,False,0,
TX_42_9879_7215,False,0,
TX_42_9880_2408,False,0,
TX_42_9881_7517,False,0,
TX_42_9882_6914,False,0,
TX_42_9883_5009,False,0,
TX_42_9884_7565,False,0,
TX_42_9885_4347,False,0,
TX_42_9886_4330,False,0,
TX_42_9887_5764,False,0,
TX_42_9889_1668,False,0,
TX_42_9890_2598,False,0,
TX_42_9891_3566,False,0,
TX_42_9892_5681,False,0,
TX_42_9893_7318,False,0,
TX_42_9894_3648,False,0,
TX_42_9895_2774,False,0,
TX_42_9896_5490,False,0,
TX_42_9897_1169,False,0,
TX_42_9898_6234,False,0,
TX_42_9899_7304,False,0,
TX_42_9900_4229,False,0,
TX_42_9901_5696,False,0,
TX_42_9902_2933,False,0,
TX_42_9903_2849,False,0,
TX_42_9904_7677,False,0,
TX_42_9905_3572,False,0,
TX_42_9907_2774,False,0,
TX_42_9908_9910,False,0,
TX_42_9909_8882,False,0,
TX_42_9910_9107,False,0,
TX_42_9911_7048,False,0,
TX_42_9912_3533,False,0,
TX_42_9913_8445,False,0,
TX_42_9915_6204,False,0,
TX_42_9916_2903,False,0,
TX_42_9917_6417,False,0,
TX_42_9919_4919,False,0,
TX_42_9921_4120,False,0,
TX_42_9923_7507,False,0,
TX_42_9924_3886,False,0,
TX_42_9925_6579,False,0,
TX_42_9926_4975,False,0,
TX_42_9927_7868,False,0,
TX_42_9928_3084,False,0,
TX_42_9929_3240,False,0,
TX_42_9930_4357,False,0,
TX_42_9931_4179,False,0,
TX_42_9932_1288,False,0,
TX_42_9933_4400,False,0,
TX_42_9934_4980,False,0,
TX_42_9935_9464,False,0,
TX_42_9936_7847,False,0,
TX_42_9937_7589,False,0,
TX_42_9939_6576,False,0,
TX_42_9940_5514,False,0,
TX_42_9941_1041,True,111783,PAYMENT_STATE_DIVERGENCE
TX_42_9943_9458,False,0,
TX_42_9945_5537,False,0,
TX_42_9946_7531,True,490619,PAYMENT_STATE_DIVERGENCE
TX_42_9947_2706,False,0,
TX_42_9948_3384,False,0,
TX_42_9949_3368,False,0,
TX_42_9950_9491,False,0,
TX_42_9951_8086,False,0,
TX_42_9952_3176,False,0,
TX_42_9953_3115,False,0,
TX_42_9954_9092,False,0,
TX_42_9957_9809,False,0,
TX_42_9959_4928,False,0,
TX_42_9960_2937,False,0,
TX_42_9962_3761,False,0,
TX_42_9963_8306,False,0,
TX_42_9965_8621,False,0,
TX_42_9966_8793,False,0,
TX_42_9967_3312,False,0,
TX_42_9970_8972,False,0,
TX_42_9971_1621,False,0,
TX_42_9972_3986,False,0,
TX_42_9975_1771,False,0,
TX_42_9976_1800,False,0,
TX_42_9979_8418,False,0,
TX_42_9981_3457,False,0,
TX_42_9983_3712,False,0,
TX_42_9984_1283,False,0,
TX_42_9985_2702,False,0,
TX_42_9986_1920,False,0,
TX_42_9987_5860,False,0,
TX_42_9989_3423,False,0,
TX_42_9990_2958,False,0,
TX_42_9991_8057,False,0,
TX_42_9993_1518,False,0,
TX_42_9994_9122,False,0,
TX_42_9995_9175,False,0,
TX_42_9997_6783,False,0,
TX_42_9998_4586,False,0,
TX_42_9999_3152,False,0,
